{
  "type": "FeatureCollection",
  "features": [
    {"type":"Feature","properties":{"_gpxType":"trk","name":"Zulte - Half Marathon Run","type":"running","time":"2024-01-21T07:21:35.000Z","coordinateProperties":{"times":["2024-01-21T07:21:35.000Z","2024-01-21T07:21:36.000Z","2024-01-21T07:21:38.000Z","2024-01-21T07:21:44.000Z","2024-01-21T07:21:45.000Z","2024-01-21T07:21:46.000Z","2024-01-21T07:21:48.000Z","2024-01-21T07:21:49.000Z","2024-01-21T07:21:51.000Z","2024-01-21T07:21:53.000Z","2024-01-21T07:21:55.000Z","2024-01-21T07:21:56.000Z","2024-01-21T07:21:57.000Z","2024-01-21T07:22:02.000Z","2024-01-21T07:22:07.000Z","2024-01-21T07:22:10.000Z","2024-01-21T07:22:16.000Z","2024-01-21T07:22:20.000Z","2024-01-21T07:22:21.000Z","2024-01-21T07:22:25.000Z","2024-01-21T07:22:30.000Z","2024-01-21T07:22:37.000Z","2024-01-21T07:22:39.000Z","2024-01-21T07:22:45.000Z","2024-01-21T07:22:46.000Z","2024-01-21T07:22:50.000Z","2024-01-21T07:22:55.000Z","2024-01-21T07:23:01.000Z","2024-01-21T07:23:06.000Z","2024-01-21T07:23:10.000Z","2024-01-21T07:23:17.000Z","2024-01-21T07:23:21.000Z","2024-01-21T07:23:29.000Z","2024-01-21T07:23:36.000Z","2024-01-21T07:23:43.000Z","2024-01-21T07:23:44.000Z","2024-01-21T07:23:51.000Z","2024-01-21T07:23:52.000Z","2024-01-21T07:23:59.000Z","2024-01-21T07:24:03.000Z","2024-01-21T07:24:08.000Z","2024-01-21T07:24:10.000Z","2024-01-21T07:24:12.000Z","2024-01-21T07:24:19.000Z","2024-01-21T07:24:26.000Z","2024-01-21T07:24:27.000Z","2024-01-21T07:24:34.000Z","2024-01-21T07:24:35.000Z","2024-01-21T07:24:38.000Z","2024-01-21T07:24:42.000Z","2024-01-21T07:24:44.000Z","2024-01-21T07:24:51.000Z","2024-01-21T07:24:54.000Z","2024-01-21T07:25:01.000Z","2024-01-21T07:25:04.000Z","2024-01-21T07:25:09.000Z","2024-01-21T07:25:15.000Z","2024-01-21T07:25:22.000Z","2024-01-21T07:25:29.000Z","2024-01-21T07:25:32.000Z","2024-01-21T07:25:39.000Z","2024-01-21T07:25:44.000Z","2024-01-21T07:25:51.000Z","2024-01-21T07:25:57.000Z","2024-01-21T07:26:04.000Z","2024-01-21T07:26:07.000Z","2024-01-21T07:26:14.000Z","2024-01-21T07:26:18.000Z","2024-01-21T07:26:26.000Z","2024-01-21T07:26:28.000Z","2024-01-21T07:26:31.000Z","2024-01-21T07:26:34.000Z","2024-01-21T07:26:38.000Z","2024-01-21T07:26:39.000Z","2024-01-21T07:26:41.000Z","2024-01-21T07:26:48.000Z","2024-01-21T07:26:49.000Z","2024-01-21T07:26:56.000Z","2024-01-21T07:27:00.000Z","2024-01-21T07:27:04.000Z","2024-01-21T07:27:09.000Z","2024-01-21T07:27:10.000Z","2024-01-21T07:27:17.000Z","2024-01-21T07:27:19.000Z","2024-01-21T07:27:24.000Z","2024-01-21T07:27:30.000Z","2024-01-21T07:27:37.000Z","2024-01-21T07:27:38.000Z","2024-01-21T07:27:45.000Z","2024-01-21T07:27:48.000Z","2024-01-21T07:27:55.000Z","2024-01-21T07:27:59.000Z","2024-01-21T07:28:06.000Z","2024-01-21T07:28:13.000Z","2024-01-21T07:28:20.000Z","2024-01-21T07:28:21.000Z","2024-01-21T07:28:26.000Z","2024-01-21T07:28:32.000Z","2024-01-21T07:28:35.000Z","2024-01-21T07:28:37.000Z","2024-01-21T07:28:41.000Z","2024-01-21T07:28:42.000Z","2024-01-21T07:28:47.000Z","2024-01-21T07:28:50.000Z","2024-01-21T07:28:57.000Z","2024-01-21T07:29:04.000Z","2024-01-21T07:29:06.000Z","2024-01-21T07:29:13.000Z","2024-01-21T07:29:16.000Z","2024-01-21T07:29:22.000Z","2024-01-21T07:29:24.000Z","2024-01-21T07:29:28.000Z","2024-01-21T07:29:34.000Z","2024-01-21T07:29:41.000Z","2024-01-21T07:29:44.000Z","2024-01-21T07:29:51.000Z","2024-01-21T07:29:54.000Z","2024-01-21T07:30:01.000Z","2024-01-21T07:30:06.000Z","2024-01-21T07:30:13.000Z","2024-01-21T07:30:18.000Z","2024-01-21T07:30:25.000Z","2024-01-21T07:30:26.000Z","2024-01-21T07:30:33.000Z","2024-01-21T07:30:36.000Z","2024-01-21T07:30:42.000Z","2024-01-21T07:30:43.000Z","2024-01-21T07:30:46.000Z","2024-01-21T07:30:51.000Z","2024-01-21T07:30:53.000Z","2024-01-21T07:31:00.000Z","2024-01-21T07:31:02.000Z","2024-01-21T07:31:09.000Z","2024-01-21T07:31:11.000Z","2024-01-21T07:31:12.000Z","2024-01-21T07:31:19.000Z","2024-01-21T07:31:20.000Z","2024-01-21T07:31:23.000Z","2024-01-21T07:31:25.000Z","2024-01-21T07:31:29.000Z","2024-01-21T07:31:30.000Z","2024-01-21T07:31:37.000Z","2024-01-21T07:31:38.000Z","2024-01-21T07:31:42.000Z","2024-01-21T07:31:43.000Z","2024-01-21T07:31:48.000Z","2024-01-21T07:31:55.000Z","2024-01-21T07:31:56.000Z","2024-01-21T07:31:57.000Z","2024-01-21T07:32:04.000Z","2024-01-21T07:32:07.000Z","2024-01-21T07:32:11.000Z","2024-01-21T07:32:15.000Z","2024-01-21T07:32:16.000Z","2024-01-21T07:32:23.000Z","2024-01-21T07:32:26.000Z","2024-01-21T07:32:28.000Z","2024-01-21T07:32:32.000Z","2024-01-21T07:32:35.000Z","2024-01-21T07:32:39.000Z","2024-01-21T07:32:46.000Z","2024-01-21T07:32:47.000Z","2024-01-21T07:32:54.000Z","2024-01-21T07:33:01.000Z","2024-01-21T07:33:04.000Z","2024-01-21T07:33:11.000Z","2024-01-21T07:33:16.000Z","2024-01-21T07:33:23.000Z","2024-01-21T07:33:30.000Z","2024-01-21T07:33:37.000Z","2024-01-21T07:33:38.000Z","2024-01-21T07:33:45.000Z","2024-01-21T07:33:52.000Z","2024-01-21T07:33:53.000Z","2024-01-21T07:34:00.000Z","2024-01-21T07:34:01.000Z","2024-01-21T07:34:08.000Z","2024-01-21T07:34:10.000Z","2024-01-21T07:34:11.000Z","2024-01-21T07:34:18.000Z","2024-01-21T07:34:19.000Z","2024-01-21T07:34:26.000Z","2024-01-21T07:34:27.000Z","2024-01-21T07:34:33.000Z","2024-01-21T07:34:36.000Z","2024-01-21T07:34:43.000Z","2024-01-21T07:34:45.000Z","2024-01-21T07:34:52.000Z","2024-01-21T07:34:53.000Z","2024-01-21T07:35:00.000Z","2024-01-21T07:35:01.000Z","2024-01-21T07:35:08.000Z","2024-01-21T07:35:09.000Z","2024-01-21T07:35:12.000Z","2024-01-21T07:35:17.000Z","2024-01-21T07:35:23.000Z","2024-01-21T07:35:30.000Z","2024-01-21T07:35:37.000Z","2024-01-21T07:35:41.000Z","2024-01-21T07:35:48.000Z","2024-01-21T07:35:55.000Z","2024-01-21T07:35:57.000Z","2024-01-21T07:36:04.000Z","2024-01-21T07:36:07.000Z","2024-01-21T07:36:14.000Z","2024-01-21T07:36:15.000Z","2024-01-21T07:36:17.000Z","2024-01-21T07:36:23.000Z","2024-01-21T07:36:29.000Z","2024-01-21T07:36:33.000Z","2024-01-21T07:36:40.000Z","2024-01-21T07:36:47.000Z","2024-01-21T07:36:51.000Z","2024-01-21T07:36:58.000Z","2024-01-21T07:36:59.000Z","2024-01-21T07:37:06.000Z","2024-01-21T07:37:09.000Z","2024-01-21T07:37:16.000Z","2024-01-21T07:37:18.000Z","2024-01-21T07:37:25.000Z","2024-01-21T07:37:30.000Z","2024-01-21T07:37:37.000Z","2024-01-21T07:37:44.000Z","2024-01-21T07:37:45.000Z","2024-01-21T07:37:49.000Z","2024-01-21T07:37:55.000Z","2024-01-21T07:38:00.000Z","2024-01-21T07:38:01.000Z","2024-01-21T07:38:02.000Z","2024-01-21T07:38:09.000Z","2024-01-21T07:38:11.000Z","2024-01-21T07:38:14.000Z","2024-01-21T07:38:16.000Z","2024-01-21T07:38:22.000Z","2024-01-21T07:38:29.000Z","2024-01-21T07:38:36.000Z","2024-01-21T07:38:41.000Z","2024-01-21T07:38:48.000Z","2024-01-21T07:38:50.000Z","2024-01-21T07:38:57.000Z","2024-01-21T07:38:59.000Z","2024-01-21T07:39:06.000Z","2024-01-21T07:39:13.000Z","2024-01-21T07:39:14.000Z","2024-01-21T07:39:21.000Z","2024-01-21T07:39:24.000Z","2024-01-21T07:39:31.000Z","2024-01-21T07:39:34.000Z","2024-01-21T07:39:41.000Z","2024-01-21T07:39:45.000Z","2024-01-21T07:39:52.000Z","2024-01-21T07:39:53.000Z","2024-01-21T07:39:54.000Z","2024-01-21T07:39:57.000Z","2024-01-21T07:40:04.000Z","2024-01-21T07:40:07.000Z","2024-01-21T07:40:14.000Z","2024-01-21T07:40:17.000Z","2024-01-21T07:40:22.000Z","2024-01-21T07:40:26.000Z","2024-01-21T07:40:32.000Z","2024-01-21T07:40:36.000Z","2024-01-21T07:40:42.000Z","2024-01-21T07:40:47.000Z","2024-01-21T07:40:48.000Z","2024-01-21T07:40:55.000Z","2024-01-21T07:40:59.000Z","2024-01-21T07:41:06.000Z","2024-01-21T07:41:11.000Z","2024-01-21T07:41:18.000Z","2024-01-21T07:41:22.000Z","2024-01-21T07:41:28.000Z","2024-01-21T07:41:34.000Z","2024-01-21T07:41:38.000Z","2024-01-21T07:41:44.000Z","2024-01-21T07:41:51.000Z","2024-01-21T07:41:53.000Z","2024-01-21T07:42:00.000Z","2024-01-21T07:42:02.000Z","2024-01-21T07:42:08.000Z","2024-01-21T07:42:15.000Z","2024-01-21T07:42:22.000Z","2024-01-21T07:42:25.000Z","2024-01-21T07:42:32.000Z","2024-01-21T07:42:35.000Z","2024-01-21T07:42:38.000Z","2024-01-21T07:42:41.000Z","2024-01-21T07:42:48.000Z","2024-01-21T07:42:55.000Z","2024-01-21T07:42:59.000Z","2024-01-21T07:43:06.000Z","2024-01-21T07:43:11.000Z","2024-01-21T07:43:14.000Z","2024-01-21T07:43:20.000Z","2024-01-21T07:43:27.000Z","2024-01-21T07:43:32.000Z","2024-01-21T07:43:39.000Z","2024-01-21T07:43:43.000Z","2024-01-21T07:43:50.000Z","2024-01-21T07:43:54.000Z","2024-01-21T07:44:01.000Z","2024-01-21T07:44:03.000Z","2024-01-21T07:44:10.000Z","2024-01-21T07:44:13.000Z","2024-01-21T07:44:20.000Z","2024-01-21T07:44:22.000Z","2024-01-21T07:44:29.000Z","2024-01-21T07:44:32.000Z","2024-01-21T07:44:37.000Z","2024-01-21T07:44:40.000Z","2024-01-21T07:44:47.000Z","2024-01-21T07:44:50.000Z","2024-01-21T07:44:57.000Z","2024-01-21T07:45:01.000Z","2024-01-21T07:45:08.000Z","2024-01-21T07:45:13.000Z","2024-01-21T07:45:19.000Z","2024-01-21T07:45:26.000Z","2024-01-21T07:45:33.000Z","2024-01-21T07:45:35.000Z","2024-01-21T07:45:42.000Z","2024-01-21T07:45:44.000Z","2024-01-21T07:45:51.000Z","2024-01-21T07:45:53.000Z","2024-01-21T07:46:00.000Z","2024-01-21T07:46:04.000Z","2024-01-21T07:46:05.000Z","2024-01-21T07:46:09.000Z","2024-01-21T07:46:15.000Z","2024-01-21T07:46:22.000Z","2024-01-21T07:46:28.000Z","2024-01-21T07:46:34.000Z","2024-01-21T07:46:38.000Z","2024-01-21T07:46:45.000Z","2024-01-21T07:46:47.000Z","2024-01-21T07:46:54.000Z","2024-01-21T07:46:58.000Z","2024-01-21T07:47:00.000Z","2024-01-21T07:47:03.000Z","2024-01-21T07:47:08.000Z","2024-01-21T07:47:10.000Z","2024-01-21T07:47:17.000Z","2024-01-21T07:47:24.000Z","2024-01-21T07:47:26.000Z","2024-01-21T07:47:33.000Z","2024-01-21T07:47:34.000Z","2024-01-21T07:47:41.000Z","2024-01-21T07:47:48.000Z","2024-01-21T07:47:55.000Z","2024-01-21T07:48:02.000Z","2024-01-21T07:48:03.000Z","2024-01-21T07:48:10.000Z","2024-01-21T07:48:17.000Z","2024-01-21T07:48:22.000Z","2024-01-21T07:48:29.000Z","2024-01-21T07:48:32.000Z","2024-01-21T07:48:39.000Z","2024-01-21T07:48:40.000Z","2024-01-21T07:48:43.000Z","2024-01-21T07:48:50.000Z","2024-01-21T07:48:56.000Z","2024-01-21T07:48:58.000Z","2024-01-21T07:49:05.000Z","2024-01-21T07:49:09.000Z","2024-01-21T07:49:13.000Z","2024-01-21T07:49:16.000Z","2024-01-21T07:49:23.000Z","2024-01-21T07:49:24.000Z","2024-01-21T07:49:32.000Z","2024-01-21T07:49:39.000Z","2024-01-21T07:49:41.000Z","2024-01-21T07:49:48.000Z","2024-01-21T07:49:53.000Z","2024-01-21T07:49:55.000Z","2024-01-21T07:49:57.000Z","2024-01-21T07:50:04.000Z","2024-01-21T07:50:06.000Z","2024-01-21T07:50:12.000Z","2024-01-21T07:50:18.000Z","2024-01-21T07:50:20.000Z","2024-01-21T07:50:21.000Z","2024-01-21T07:50:25.000Z","2024-01-21T07:50:28.000Z","2024-01-21T07:50:31.000Z","2024-01-21T07:50:34.000Z","2024-01-21T07:50:40.000Z","2024-01-21T07:50:43.000Z","2024-01-21T07:50:50.000Z","2024-01-21T07:50:57.000Z","2024-01-21T07:50:58.000Z","2024-01-21T07:51:05.000Z","2024-01-21T07:51:07.000Z","2024-01-21T07:51:10.000Z","2024-01-21T07:51:11.000Z","2024-01-21T07:51:17.000Z","2024-01-21T07:51:24.000Z","2024-01-21T07:51:25.000Z","2024-01-21T07:51:32.000Z","2024-01-21T07:51:33.000Z","2024-01-21T07:51:38.000Z","2024-01-21T07:51:44.000Z","2024-01-21T07:51:45.000Z","2024-01-21T07:51:50.000Z","2024-01-21T07:51:56.000Z","2024-01-21T07:51:57.000Z","2024-01-21T07:51:59.000Z","2024-01-21T07:52:05.000Z","2024-01-21T07:52:12.000Z","2024-01-21T07:52:15.000Z","2024-01-21T07:52:16.000Z","2024-01-21T07:52:17.000Z","2024-01-21T07:52:24.000Z","2024-01-21T07:52:28.000Z","2024-01-21T07:52:35.000Z","2024-01-21T07:52:41.000Z","2024-01-21T07:52:43.000Z","2024-01-21T07:52:50.000Z","2024-01-21T07:54:25.000Z","2024-01-21T07:54:30.000Z","2024-01-21T07:54:34.000Z","2024-01-21T07:54:38.000Z","2024-01-21T07:54:41.000Z","2024-01-21T07:54:47.000Z","2024-01-21T07:54:49.000Z","2024-01-21T07:54:50.000Z","2024-01-21T07:54:57.000Z","2024-01-21T07:55:04.000Z","2024-01-21T07:55:08.000Z","2024-01-21T07:55:15.000Z","2024-01-21T07:55:16.000Z","2024-01-21T07:55:17.000Z","2024-01-21T07:55:24.000Z","2024-01-21T07:55:27.000Z","2024-01-21T07:55:34.000Z","2024-01-21T07:55:36.000Z","2024-01-21T07:55:43.000Z","2024-01-21T07:55:46.000Z","2024-01-21T07:55:51.000Z","2024-01-21T07:55:56.000Z","2024-01-21T07:56:01.000Z","2024-01-21T07:56:06.000Z","2024-01-21T07:56:13.000Z","2024-01-21T07:56:15.000Z","2024-01-21T07:56:22.000Z","2024-01-21T07:56:23.000Z","2024-01-21T07:56:28.000Z","2024-01-21T07:56:35.000Z","2024-01-21T07:56:36.000Z","2024-01-21T07:56:43.000Z","2024-01-21T07:56:47.000Z","2024-01-21T07:56:54.000Z","2024-01-21T07:56:56.000Z","2024-01-21T07:57:03.000Z","2024-01-21T07:57:09.000Z","2024-01-21T07:57:16.000Z","2024-01-21T07:57:17.000Z","2024-01-21T07:57:21.000Z","2024-01-21T07:57:26.000Z","2024-01-21T07:57:29.000Z","2024-01-21T07:57:36.000Z","2024-01-21T07:57:37.000Z","2024-01-21T07:57:40.000Z","2024-01-21T07:57:45.000Z","2024-01-21T07:57:52.000Z","2024-01-21T07:57:53.000Z","2024-01-21T07:58:00.000Z","2024-01-21T07:58:07.000Z","2024-01-21T07:58:08.000Z","2024-01-21T07:58:15.000Z","2024-01-21T07:58:18.000Z","2024-01-21T07:58:23.000Z","2024-01-21T07:58:28.000Z","2024-01-21T07:58:35.000Z","2024-01-21T07:58:36.000Z","2024-01-21T07:58:43.000Z","2024-01-21T07:58:45.000Z","2024-01-21T07:58:49.000Z","2024-01-21T07:58:52.000Z","2024-01-21T07:58:53.000Z","2024-01-21T07:59:00.000Z","2024-01-21T07:59:04.000Z","2024-01-21T07:59:11.000Z","2024-01-21T07:59:12.000Z","2024-01-21T07:59:19.000Z","2024-01-21T07:59:23.000Z","2024-01-21T07:59:30.000Z","2024-01-21T07:59:32.000Z","2024-01-21T07:59:39.000Z","2024-01-21T07:59:46.000Z","2024-01-21T07:59:47.000Z","2024-01-21T07:59:54.000Z","2024-01-21T07:59:57.000Z","2024-01-21T08:00:04.000Z","2024-01-21T08:00:08.000Z","2024-01-21T08:00:09.000Z","2024-01-21T08:00:15.000Z","2024-01-21T08:00:21.000Z","2024-01-21T08:00:24.000Z","2024-01-21T08:00:32.000Z","2024-01-21T08:00:35.000Z","2024-01-21T08:00:42.000Z","2024-01-21T08:00:43.000Z","2024-01-21T08:00:50.000Z","2024-01-21T08:00:55.000Z","2024-01-21T08:00:56.000Z","2024-01-21T08:01:01.000Z","2024-01-21T08:01:06.000Z","2024-01-21T08:01:13.000Z","2024-01-21T08:01:18.000Z","2024-01-21T08:01:25.000Z","2024-01-21T08:01:27.000Z","2024-01-21T08:01:34.000Z","2024-01-21T08:01:37.000Z","2024-01-21T08:01:44.000Z","2024-01-21T08:01:48.000Z","2024-01-21T08:01:55.000Z","2024-01-21T08:02:00.000Z","2024-01-21T08:02:07.000Z","2024-01-21T08:02:09.000Z","2024-01-21T08:02:16.000Z","2024-01-21T08:02:23.000Z","2024-01-21T08:02:30.000Z","2024-01-21T08:02:33.000Z","2024-01-21T08:02:40.000Z","2024-01-21T08:02:42.000Z","2024-01-21T08:02:49.000Z","2024-01-21T08:02:52.000Z","2024-01-21T08:02:59.000Z","2024-01-21T08:03:02.000Z","2024-01-21T08:03:09.000Z","2024-01-21T08:03:14.000Z","2024-01-21T08:03:21.000Z","2024-01-21T08:03:23.000Z","2024-01-21T08:03:30.000Z","2024-01-21T08:03:37.000Z","2024-01-21T08:03:40.000Z","2024-01-21T08:03:47.000Z","2024-01-21T08:03:49.000Z","2024-01-21T08:03:56.000Z","2024-01-21T08:03:58.000Z","2024-01-21T08:03:59.000Z","2024-01-21T08:04:06.000Z","2024-01-21T08:04:10.000Z","2024-01-21T08:04:17.000Z","2024-01-21T08:04:19.000Z","2024-01-21T08:04:22.000Z","2024-01-21T08:04:29.000Z","2024-01-21T08:04:37.000Z","2024-01-21T08:04:42.000Z","2024-01-21T08:04:49.000Z","2024-01-21T08:04:51.000Z","2024-01-21T08:04:58.000Z","2024-01-21T08:05:05.000Z","2024-01-21T08:05:12.000Z","2024-01-21T08:05:14.000Z","2024-01-21T08:05:21.000Z","2024-01-21T08:05:25.000Z","2024-01-21T08:05:33.000Z","2024-01-21T08:05:37.000Z","2024-01-21T08:05:44.000Z","2024-01-21T08:05:45.000Z","2024-01-21T08:05:52.000Z","2024-01-21T08:05:55.000Z","2024-01-21T08:06:02.000Z","2024-01-21T08:06:04.000Z","2024-01-21T08:06:11.000Z","2024-01-21T08:06:14.000Z","2024-01-21T08:06:21.000Z","2024-01-21T08:06:25.000Z","2024-01-21T08:06:32.000Z","2024-01-21T08:06:35.000Z","2024-01-21T08:06:42.000Z","2024-01-21T08:06:46.000Z","2024-01-21T08:06:53.000Z","2024-01-21T08:06:56.000Z","2024-01-21T08:07:03.000Z","2024-01-21T08:07:04.000Z","2024-01-21T08:07:11.000Z","2024-01-21T08:07:13.000Z","2024-01-21T08:07:20.000Z","2024-01-21T08:07:27.000Z","2024-01-21T08:07:28.000Z","2024-01-21T08:07:35.000Z","2024-01-21T08:07:38.000Z","2024-01-21T08:07:45.000Z","2024-01-21T08:07:52.000Z","2024-01-21T08:07:59.000Z","2024-01-21T08:08:00.000Z","2024-01-21T08:08:07.000Z","2024-01-21T08:08:14.000Z","2024-01-21T08:08:15.000Z","2024-01-21T08:08:22.000Z","2024-01-21T08:08:23.000Z","2024-01-21T08:08:30.000Z","2024-01-21T08:08:33.000Z","2024-01-21T08:08:39.000Z","2024-01-21T08:08:42.000Z","2024-01-21T08:08:43.000Z","2024-01-21T08:08:47.000Z","2024-01-21T08:08:54.000Z","2024-01-21T08:08:57.000Z","2024-01-21T08:09:05.000Z","2024-01-21T08:09:08.000Z","2024-01-21T08:09:16.000Z","2024-01-21T08:09:18.000Z","2024-01-21T08:09:26.000Z","2024-01-21T08:09:28.000Z","2024-01-21T08:09:32.000Z","2024-01-21T08:09:33.000Z","2024-01-21T08:09:38.000Z","2024-01-21T08:09:45.000Z","2024-01-21T08:09:47.000Z","2024-01-21T08:09:54.000Z","2024-01-21T08:09:56.000Z","2024-01-21T08:10:04.000Z","2024-01-21T08:10:11.000Z","2024-01-21T08:10:18.000Z","2024-01-21T08:10:21.000Z","2024-01-21T08:10:27.000Z","2024-01-21T08:10:32.000Z","2024-01-21T08:10:39.000Z","2024-01-21T08:10:41.000Z","2024-01-21T08:10:48.000Z","2024-01-21T08:10:52.000Z","2024-01-21T08:10:54.000Z","2024-01-21T08:10:56.000Z","2024-01-21T08:10:58.000Z","2024-01-21T08:10:59.000Z","2024-01-21T08:11:05.000Z","2024-01-21T08:11:11.000Z","2024-01-21T08:11:13.000Z","2024-01-21T08:11:20.000Z","2024-01-21T08:11:23.000Z","2024-01-21T08:11:30.000Z","2024-01-21T08:11:37.000Z","2024-01-21T08:11:39.000Z","2024-01-21T08:11:46.000Z","2024-01-21T08:11:47.000Z","2024-01-21T08:11:54.000Z","2024-01-21T08:11:55.000Z","2024-01-21T08:12:02.000Z","2024-01-21T08:12:05.000Z","2024-01-21T08:12:12.000Z","2024-01-21T08:12:17.000Z","2024-01-21T08:12:24.000Z","2024-01-21T08:12:27.000Z","2024-01-21T08:12:34.000Z","2024-01-21T08:12:36.000Z","2024-01-21T08:12:43.000Z","2024-01-21T08:12:47.000Z","2024-01-21T08:12:54.000Z","2024-01-21T08:12:57.000Z","2024-01-21T08:13:04.000Z","2024-01-21T08:13:11.000Z","2024-01-21T08:13:18.000Z","2024-01-21T08:13:21.000Z","2024-01-21T08:13:28.000Z","2024-01-21T08:13:31.000Z","2024-01-21T08:13:38.000Z","2024-01-21T08:13:39.000Z","2024-01-21T08:13:46.000Z","2024-01-21T08:13:50.000Z","2024-01-21T08:13:55.000Z","2024-01-21T08:13:59.000Z","2024-01-21T08:14:05.000Z","2024-01-21T08:14:08.000Z","2024-01-21T08:14:15.000Z","2024-01-21T08:14:17.000Z","2024-01-21T08:14:24.000Z","2024-01-21T08:14:31.000Z","2024-01-21T08:14:32.000Z","2024-01-21T08:14:39.000Z","2024-01-21T08:14:44.000Z","2024-01-21T08:14:46.000Z","2024-01-21T08:14:53.000Z","2024-01-21T08:14:56.000Z","2024-01-21T08:15:03.000Z","2024-01-21T08:15:07.000Z","2024-01-21T08:15:14.000Z","2024-01-21T08:15:16.000Z","2024-01-21T08:15:23.000Z","2024-01-21T08:15:26.000Z","2024-01-21T08:15:30.000Z","2024-01-21T08:15:34.000Z","2024-01-21T08:15:41.000Z","2024-01-21T08:15:43.000Z","2024-01-21T08:15:50.000Z","2024-01-21T08:15:55.000Z","2024-01-21T08:16:03.000Z","2024-01-21T08:16:06.000Z","2024-01-21T08:16:13.000Z","2024-01-21T08:16:16.000Z","2024-01-21T08:16:23.000Z","2024-01-21T08:16:25.000Z","2024-01-21T08:16:32.000Z","2024-01-21T08:16:35.000Z","2024-01-21T08:16:42.000Z","2024-01-21T08:16:47.000Z","2024-01-21T08:16:54.000Z","2024-01-21T08:16:58.000Z","2024-01-21T08:17:05.000Z","2024-01-21T08:17:06.000Z","2024-01-21T08:17:13.000Z","2024-01-21T08:17:19.000Z","2024-01-21T08:17:21.000Z","2024-01-21T08:17:28.000Z","2024-01-21T08:17:30.000Z","2024-01-21T08:17:37.000Z","2024-01-21T08:17:38.000Z","2024-01-21T08:17:45.000Z","2024-01-21T08:17:47.000Z","2024-01-21T08:17:54.000Z","2024-01-21T08:17:59.000Z","2024-01-21T08:18:04.000Z","2024-01-21T08:18:11.000Z","2024-01-21T08:18:12.000Z","2024-01-21T08:18:18.000Z","2024-01-21T08:18:21.000Z","2024-01-21T08:18:28.000Z","2024-01-21T08:18:32.000Z","2024-01-21T08:18:38.000Z","2024-01-21T08:18:45.000Z","2024-01-21T08:18:47.000Z","2024-01-21T08:18:54.000Z","2024-01-21T08:19:01.000Z","2024-01-21T08:19:08.000Z","2024-01-21T08:19:11.000Z","2024-01-21T08:19:18.000Z","2024-01-21T08:19:22.000Z","2024-01-21T08:19:29.000Z","2024-01-21T08:19:31.000Z","2024-01-21T08:19:38.000Z","2024-01-21T08:19:39.000Z","2024-01-21T08:19:41.000Z","2024-01-21T08:19:48.000Z","2024-01-21T08:19:50.000Z","2024-01-21T08:19:55.000Z","2024-01-21T08:19:56.000Z","2024-01-21T08:20:03.000Z","2024-01-21T08:20:05.000Z","2024-01-21T08:20:12.000Z","2024-01-21T08:20:14.000Z","2024-01-21T08:20:21.000Z","2024-01-21T08:20:24.000Z","2024-01-21T08:20:31.000Z","2024-01-21T08:20:34.000Z","2024-01-21T08:20:41.000Z","2024-01-21T08:20:47.000Z","2024-01-21T08:20:54.000Z","2024-01-21T08:20:58.000Z","2024-01-21T08:21:05.000Z","2024-01-21T08:21:10.000Z","2024-01-21T08:21:17.000Z","2024-01-21T08:21:23.000Z","2024-01-21T08:21:26.000Z","2024-01-21T08:21:28.000Z","2024-01-21T08:21:33.000Z","2024-01-21T08:21:40.000Z","2024-01-21T08:21:42.000Z","2024-01-21T08:21:43.000Z","2024-01-21T08:21:50.000Z","2024-01-21T08:21:55.000Z","2024-01-21T08:22:02.000Z","2024-01-21T08:22:06.000Z","2024-01-21T08:22:09.000Z","2024-01-21T08:22:10.000Z","2024-01-21T08:22:14.000Z","2024-01-21T08:22:20.000Z","2024-01-21T08:22:25.000Z","2024-01-21T08:22:26.000Z","2024-01-21T08:22:29.000Z","2024-01-21T08:22:35.000Z","2024-01-21T08:22:37.000Z","2024-01-21T08:22:38.000Z","2024-01-21T08:22:42.000Z","2024-01-21T08:22:48.000Z","2024-01-21T08:22:49.000Z","2024-01-21T08:22:54.000Z","2024-01-21T08:22:57.000Z","2024-01-21T08:22:59.000Z","2024-01-21T08:23:05.000Z","2024-01-21T08:23:06.000Z","2024-01-21T08:23:11.000Z","2024-01-21T08:23:18.000Z","2024-01-21T08:23:22.000Z","2024-01-21T08:23:27.000Z","2024-01-21T08:23:29.000Z","2024-01-21T08:23:32.000Z","2024-01-21T08:23:34.000Z","2024-01-21T08:23:41.000Z","2024-01-21T08:23:42.000Z","2024-01-21T08:23:49.000Z","2024-01-21T08:23:52.000Z","2024-01-21T08:23:59.000Z","2024-01-21T08:24:03.000Z","2024-01-21T08:24:09.000Z","2024-01-21T08:24:13.000Z","2024-01-21T08:24:20.000Z","2024-01-21T08:24:25.000Z","2024-01-21T08:24:32.000Z","2024-01-21T08:24:35.000Z","2024-01-21T08:24:41.000Z","2024-01-21T08:24:45.000Z","2024-01-21T08:24:47.000Z","2024-01-21T08:24:48.000Z","2024-01-21T08:24:49.000Z","2024-01-21T08:24:57.000Z","2024-01-21T08:25:02.000Z","2024-01-21T08:25:09.000Z","2024-01-21T08:25:15.000Z","2024-01-21T08:25:17.000Z","2024-01-21T08:25:23.000Z","2024-01-21T08:25:26.000Z","2024-01-21T08:25:32.000Z","2024-01-21T08:25:33.000Z","2024-01-21T08:25:39.000Z","2024-01-21T08:25:40.000Z","2024-01-21T08:25:46.000Z","2024-01-21T08:25:52.000Z","2024-01-21T08:25:54.000Z","2024-01-21T08:26:01.000Z","2024-01-21T08:26:08.000Z","2024-01-21T08:26:14.000Z","2024-01-21T08:26:19.000Z","2024-01-21T08:26:26.000Z","2024-01-21T08:26:33.000Z","2024-01-21T08:26:34.000Z","2024-01-21T08:26:35.000Z","2024-01-21T08:26:36.000Z","2024-01-21T08:26:44.000Z","2024-01-21T08:26:46.000Z","2024-01-21T08:26:53.000Z","2024-01-21T08:26:56.000Z","2024-01-21T08:27:03.000Z","2024-01-21T08:27:04.000Z","2024-01-21T08:27:11.000Z","2024-01-21T08:27:12.000Z","2024-01-21T08:27:19.000Z","2024-01-21T08:27:26.000Z","2024-01-21T08:27:27.000Z","2024-01-21T08:27:34.000Z","2024-01-21T08:27:39.000Z","2024-01-21T08:27:44.000Z","2024-01-21T08:27:47.000Z","2024-01-21T08:27:54.000Z","2024-01-21T08:27:58.000Z","2024-01-21T08:28:05.000Z","2024-01-21T08:28:09.000Z","2024-01-21T08:28:12.000Z","2024-01-21T08:28:19.000Z","2024-01-21T08:28:26.000Z","2024-01-21T08:28:27.000Z","2024-01-21T08:28:34.000Z","2024-01-21T08:28:36.000Z","2024-01-21T08:28:41.000Z","2024-01-21T08:28:48.000Z","2024-01-21T08:28:50.000Z","2024-01-21T08:28:55.000Z","2024-01-21T08:29:00.000Z","2024-01-21T08:29:07.000Z","2024-01-21T08:29:11.000Z","2024-01-21T08:29:18.000Z","2024-01-21T08:29:22.000Z","2024-01-21T08:29:26.000Z","2024-01-21T08:29:31.000Z","2024-01-21T08:29:38.000Z","2024-01-21T08:29:41.000Z","2024-01-21T08:29:48.000Z","2024-01-21T08:29:51.000Z","2024-01-21T08:29:58.000Z","2024-01-21T08:30:02.000Z","2024-01-21T08:30:06.000Z","2024-01-21T08:30:11.000Z","2024-01-21T08:30:13.000Z","2024-01-21T08:30:20.000Z","2024-01-21T08:30:26.000Z","2024-01-21T08:30:33.000Z","2024-01-21T08:30:36.000Z","2024-01-21T08:30:43.000Z","2024-01-21T08:30:48.000Z","2024-01-21T08:30:56.000Z","2024-01-21T08:30:57.000Z","2024-01-21T08:31:05.000Z","2024-01-21T08:31:08.000Z","2024-01-21T08:31:15.000Z","2024-01-21T08:31:18.000Z","2024-01-21T08:31:24.000Z","2024-01-21T08:31:26.000Z","2024-01-21T08:31:31.000Z","2024-01-21T08:31:34.000Z","2024-01-21T08:31:38.000Z","2024-01-21T08:31:45.000Z","2024-01-21T08:31:46.000Z","2024-01-21T08:31:53.000Z","2024-01-21T08:31:56.000Z","2024-01-21T08:32:03.000Z","2024-01-21T08:32:07.000Z","2024-01-21T08:32:13.000Z","2024-01-21T08:32:19.000Z","2024-01-21T08:32:26.000Z","2024-01-21T08:32:31.000Z","2024-01-21T08:32:38.000Z","2024-01-21T08:32:45.000Z","2024-01-21T08:32:52.000Z","2024-01-21T08:32:55.000Z","2024-01-21T08:33:02.000Z","2024-01-21T08:33:05.000Z","2024-01-21T08:33:12.000Z","2024-01-21T08:33:16.000Z","2024-01-21T08:33:23.000Z","2024-01-21T08:33:26.000Z","2024-01-21T08:33:33.000Z","2024-01-21T08:33:35.000Z","2024-01-21T08:33:42.000Z","2024-01-21T08:33:45.000Z","2024-01-21T08:33:52.000Z","2024-01-21T08:33:57.000Z","2024-01-21T08:34:04.000Z","2024-01-21T08:34:05.000Z","2024-01-21T08:34:12.000Z","2024-01-21T08:34:19.000Z","2024-01-21T08:34:23.000Z","2024-01-21T08:34:27.000Z","2024-01-21T08:34:32.000Z","2024-01-21T08:34:38.000Z","2024-01-21T08:34:45.000Z","2024-01-21T08:34:52.000Z","2024-01-21T08:34:58.000Z","2024-01-21T08:35:05.000Z","2024-01-21T08:35:12.000Z","2024-01-21T08:35:16.000Z","2024-01-21T08:35:23.000Z","2024-01-21T08:35:26.000Z","2024-01-21T08:35:33.000Z","2024-01-21T08:35:38.000Z","2024-01-21T08:35:41.000Z","2024-01-21T08:35:42.000Z","2024-01-21T08:35:47.000Z","2024-01-21T08:35:54.000Z","2024-01-21T08:36:01.000Z","2024-01-21T08:36:08.000Z","2024-01-21T08:36:09.000Z","2024-01-21T08:36:16.000Z","2024-01-21T08:36:19.000Z","2024-01-21T08:36:26.000Z","2024-01-21T08:36:28.000Z","2024-01-21T08:36:35.000Z","2024-01-21T08:36:37.000Z","2024-01-21T08:36:43.000Z","2024-01-21T08:36:47.000Z","2024-01-21T08:36:51.000Z","2024-01-21T08:36:58.000Z","2024-01-21T08:36:59.000Z","2024-01-21T08:37:06.000Z","2024-01-21T08:37:10.000Z","2024-01-21T08:37:17.000Z","2024-01-21T08:37:20.000Z","2024-01-21T08:37:27.000Z","2024-01-21T08:37:31.000Z","2024-01-21T08:37:38.000Z","2024-01-21T08:37:41.000Z","2024-01-21T08:37:48.000Z","2024-01-21T08:37:50.000Z","2024-01-21T08:37:57.000Z","2024-01-21T08:38:02.000Z","2024-01-21T08:38:09.000Z","2024-01-21T08:38:12.000Z","2024-01-21T08:38:19.000Z","2024-01-21T08:38:23.000Z","2024-01-21T08:38:30.000Z","2024-01-21T08:38:32.000Z","2024-01-21T08:38:33.000Z","2024-01-21T08:38:40.000Z","2024-01-21T08:38:43.000Z","2024-01-21T08:38:50.000Z","2024-01-21T08:38:51.000Z","2024-01-21T08:38:58.000Z","2024-01-21T08:39:01.000Z","2024-01-21T08:39:08.000Z","2024-01-21T08:39:14.000Z","2024-01-21T08:39:19.000Z","2024-01-21T08:39:26.000Z","2024-01-21T08:39:27.000Z","2024-01-21T08:39:33.000Z","2024-01-21T08:39:36.000Z","2024-01-21T08:39:43.000Z","2024-01-21T08:39:45.000Z","2024-01-21T08:39:49.000Z","2024-01-21T08:39:53.000Z","2024-01-21T08:39:56.000Z","2024-01-21T08:40:02.000Z","2024-01-21T08:40:09.000Z","2024-01-21T08:40:13.000Z","2024-01-21T08:40:20.000Z","2024-01-21T08:40:23.000Z","2024-01-21T08:40:30.000Z","2024-01-21T08:40:31.000Z","2024-01-21T08:40:36.000Z","2024-01-21T08:40:41.000Z","2024-01-21T08:40:48.000Z","2024-01-21T08:40:50.000Z","2024-01-21T08:40:57.000Z","2024-01-21T08:41:02.000Z","2024-01-21T08:41:09.000Z","2024-01-21T08:41:13.000Z","2024-01-21T08:41:20.000Z","2024-01-21T08:41:26.000Z","2024-01-21T08:41:33.000Z","2024-01-21T08:41:34.000Z","2024-01-21T08:41:40.000Z","2024-01-21T08:41:42.000Z","2024-01-21T08:41:49.000Z","2024-01-21T08:41:55.000Z","2024-01-21T08:42:02.000Z","2024-01-21T08:42:08.000Z","2024-01-21T08:42:15.000Z","2024-01-21T08:42:19.000Z","2024-01-21T08:42:26.000Z","2024-01-21T08:42:30.000Z","2024-01-21T08:42:37.000Z","2024-01-21T08:42:41.000Z","2024-01-21T08:42:48.000Z","2024-01-21T08:42:49.000Z","2024-01-21T08:42:56.000Z","2024-01-21T08:42:58.000Z","2024-01-21T08:43:05.000Z","2024-01-21T08:43:07.000Z","2024-01-21T08:43:14.000Z","2024-01-21T08:43:18.000Z","2024-01-21T08:43:25.000Z","2024-01-21T08:43:28.000Z","2024-01-21T08:43:35.000Z","2024-01-21T08:43:39.000Z","2024-01-21T08:43:41.000Z","2024-01-21T08:43:47.000Z","2024-01-21T08:43:48.000Z","2024-01-21T08:43:50.000Z","2024-01-21T08:43:52.000Z","2024-01-21T08:43:55.000Z","2024-01-21T08:44:02.000Z","2024-01-21T08:44:03.000Z","2024-01-21T08:44:10.000Z","2024-01-21T08:44:12.000Z","2024-01-21T08:44:19.000Z","2024-01-21T08:44:20.000Z","2024-01-21T08:44:27.000Z","2024-01-21T08:44:29.000Z","2024-01-21T08:44:36.000Z","2024-01-21T08:44:40.000Z","2024-01-21T08:44:47.000Z","2024-01-21T08:44:50.000Z","2024-01-21T08:44:57.000Z","2024-01-21T08:44:58.000Z","2024-01-21T08:45:05.000Z","2024-01-21T08:45:07.000Z","2024-01-21T08:45:14.000Z","2024-01-21T08:45:17.000Z","2024-01-21T08:45:24.000Z","2024-01-21T08:45:26.000Z","2024-01-21T08:45:30.000Z","2024-01-21T08:45:35.000Z","2024-01-21T08:45:36.000Z","2024-01-21T08:45:43.000Z","2024-01-21T08:45:45.000Z","2024-01-21T08:45:52.000Z","2024-01-21T08:45:56.000Z","2024-01-21T08:46:03.000Z","2024-01-21T08:46:05.000Z","2024-01-21T08:46:12.000Z","2024-01-21T08:46:14.000Z","2024-01-21T08:46:20.000Z","2024-01-21T08:46:26.000Z","2024-01-21T08:46:29.000Z","2024-01-21T08:46:30.000Z","2024-01-21T08:46:36.000Z","2024-01-21T08:46:43.000Z","2024-01-21T08:46:47.000Z","2024-01-21T08:46:53.000Z","2024-01-21T08:46:54.000Z","2024-01-21T08:46:59.000Z","2024-01-21T08:47:02.000Z","2024-01-21T08:47:09.000Z","2024-01-21T08:47:13.000Z","2024-01-21T08:47:20.000Z","2024-01-21T08:47:21.000Z","2024-01-21T08:47:28.000Z","2024-01-21T08:47:35.000Z","2024-01-21T08:47:42.000Z","2024-01-21T08:47:44.000Z","2024-01-21T08:47:51.000Z","2024-01-21T08:47:52.000Z","2024-01-21T08:47:59.000Z","2024-01-21T08:48:02.000Z","2024-01-21T08:48:04.000Z","2024-01-21T08:48:11.000Z","2024-01-21T08:48:12.000Z","2024-01-21T08:48:18.000Z","2024-01-21T08:48:19.000Z","2024-01-21T08:48:23.000Z","2024-01-21T08:48:29.000Z","2024-01-21T08:48:36.000Z","2024-01-21T08:48:37.000Z","2024-01-21T08:48:44.000Z","2024-01-21T08:48:46.000Z","2024-01-21T08:48:53.000Z","2024-01-21T08:48:55.000Z","2024-01-21T08:49:02.000Z","2024-01-21T08:49:05.000Z","2024-01-21T08:49:12.000Z","2024-01-21T08:49:13.000Z","2024-01-21T08:49:20.000Z","2024-01-21T08:49:22.000Z","2024-01-21T08:49:23.000Z","2024-01-21T08:49:30.000Z","2024-01-21T08:49:31.000Z","2024-01-21T08:49:32.000Z","2024-01-21T08:49:39.000Z","2024-01-21T08:49:46.000Z","2024-01-21T08:49:47.000Z","2024-01-21T08:49:53.000Z","2024-01-21T08:50:00.000Z","2024-01-21T08:50:01.000Z","2024-01-21T08:50:08.000Z","2024-01-21T08:50:15.000Z","2024-01-21T08:50:22.000Z","2024-01-21T08:50:23.000Z","2024-01-21T08:50:30.000Z","2024-01-21T08:50:37.000Z","2024-01-21T08:50:44.000Z","2024-01-21T08:50:49.000Z","2024-01-21T08:50:52.000Z","2024-01-21T08:50:58.000Z","2024-01-21T08:50:59.000Z","2024-01-21T08:51:01.000Z","2024-01-21T08:51:02.000Z","2024-01-21T08:51:08.000Z","2024-01-21T08:51:12.000Z","2024-01-21T08:51:14.000Z","2024-01-21T08:51:16.000Z","2024-01-21T08:51:22.000Z","2024-01-21T08:51:23.000Z","2024-01-21T08:51:28.000Z","2024-01-21T08:51:32.000Z","2024-01-21T08:51:39.000Z","2024-01-21T08:51:45.000Z","2024-01-21T08:51:52.000Z","2024-01-21T08:51:59.000Z","2024-01-21T08:52:06.000Z","2024-01-21T08:52:09.000Z","2024-01-21T08:52:16.000Z","2024-01-21T08:52:18.000Z","2024-01-21T08:52:25.000Z","2024-01-21T08:52:29.000Z","2024-01-21T08:52:36.000Z","2024-01-21T08:52:43.000Z","2024-01-21T08:52:44.000Z","2024-01-21T08:52:51.000Z","2024-01-21T08:52:54.000Z","2024-01-21T08:53:01.000Z","2024-01-21T08:53:03.000Z","2024-01-21T08:53:10.000Z","2024-01-21T08:53:12.000Z","2024-01-21T08:53:19.000Z","2024-01-21T08:53:21.000Z","2024-01-21T08:53:28.000Z","2024-01-21T08:53:35.000Z","2024-01-21T08:53:40.000Z","2024-01-21T08:53:45.000Z","2024-01-21T08:53:51.000Z","2024-01-21T08:53:58.000Z","2024-01-21T08:54:03.000Z","2024-01-21T08:54:08.000Z","2024-01-21T08:54:11.000Z","2024-01-21T08:54:14.000Z","2024-01-21T08:54:21.000Z","2024-01-21T08:54:24.000Z","2024-01-21T08:54:31.000Z","2024-01-21T08:54:34.000Z","2024-01-21T08:54:41.000Z","2024-01-21T08:54:45.000Z","2024-01-21T08:54:51.000Z","2024-01-21T08:54:54.000Z","2024-01-21T08:55:01.000Z","2024-01-21T08:55:05.000Z","2024-01-21T08:55:12.000Z","2024-01-21T08:55:17.000Z","2024-01-21T08:55:24.000Z","2024-01-21T08:55:26.000Z","2024-01-21T08:55:33.000Z","2024-01-21T08:55:38.000Z","2024-01-21T08:55:45.000Z","2024-01-21T08:55:49.000Z","2024-01-21T08:55:56.000Z","2024-01-21T08:55:58.000Z","2024-01-21T08:56:02.000Z","2024-01-21T08:56:09.000Z","2024-01-21T08:56:14.000Z","2024-01-21T08:56:16.000Z","2024-01-21T08:56:23.000Z","2024-01-21T08:56:30.000Z","2024-01-21T08:56:37.000Z","2024-01-21T08:56:44.000Z","2024-01-21T08:56:48.000Z","2024-01-21T08:56:55.000Z","2024-01-21T08:56:59.000Z","2024-01-21T08:57:06.000Z","2024-01-21T08:57:10.000Z","2024-01-21T08:57:15.000Z","2024-01-21T08:57:19.000Z","2024-01-21T08:57:22.000Z","2024-01-21T08:57:24.000Z","2024-01-21T08:57:27.000Z","2024-01-21T08:57:28.000Z","2024-01-21T08:57:35.000Z","2024-01-21T08:57:39.000Z","2024-01-21T08:57:42.000Z","2024-01-21T08:57:46.000Z","2024-01-21T08:57:48.000Z","2024-01-21T08:57:54.000Z","2024-01-21T08:58:01.000Z","2024-01-21T08:58:07.000Z","2024-01-21T08:58:10.000Z","2024-01-21T08:58:17.000Z","2024-01-21T08:58:21.000Z","2024-01-21T08:58:25.000Z","2024-01-21T08:58:28.000Z","2024-01-21T08:58:30.000Z","2024-01-21T08:58:36.000Z","2024-01-21T08:58:42.000Z","2024-01-21T08:58:49.000Z","2024-01-21T08:58:53.000Z","2024-01-21T08:59:00.000Z","2024-01-21T08:59:03.000Z","2024-01-21T08:59:04.000Z","2024-01-21T08:59:07.000Z","2024-01-21T08:59:14.000Z","2024-01-21T08:59:18.000Z","2024-01-21T08:59:21.000Z","2024-01-21T08:59:28.000Z","2024-01-21T08:59:34.000Z","2024-01-21T08:59:36.000Z","2024-01-21T08:59:41.000Z","2024-01-21T08:59:42.000Z","2024-01-21T08:59:48.000Z","2024-01-21T08:59:53.000Z","2024-01-21T08:59:56.000Z","2024-01-21T09:00:03.000Z","2024-01-21T09:00:04.000Z","2024-01-21T09:00:11.000Z","2024-01-21T09:00:17.000Z","2024-01-21T09:00:23.000Z","2024-01-21T09:00:24.000Z","2024-01-21T09:00:31.000Z","2024-01-21T09:00:32.000Z","2024-01-21T09:00:38.000Z","2024-01-21T09:00:45.000Z","2024-01-21T09:00:51.000Z","2024-01-21T09:00:55.000Z","2024-01-21T09:00:56.000Z","2024-01-21T09:00:57.000Z","2024-01-21T09:01:04.000Z","2024-01-21T09:01:05.000Z","2024-01-21T09:01:12.000Z","2024-01-21T09:01:15.000Z","2024-01-21T09:01:16.000Z","2024-01-21T09:01:21.000Z","2024-01-21T09:01:27.000Z","2024-01-21T09:01:34.000Z","2024-01-21T09:01:35.000Z","2024-01-21T09:01:41.000Z","2024-01-21T09:01:42.000Z","2024-01-21T09:01:47.000Z","2024-01-21T09:01:54.000Z","2024-01-21T09:02:02.000Z","2024-01-21T09:02:08.000Z","2024-01-21T09:02:09.000Z","2024-01-21T09:02:12.000Z","2024-01-21T09:02:14.000Z","2024-01-21T09:02:15.000Z","2024-01-21T09:02:20.000Z","2024-01-21T09:02:26.000Z","2024-01-21T09:02:28.000Z","2024-01-21T09:02:33.000Z","2024-01-21T09:02:35.000Z","2024-01-21T09:02:41.000Z","2024-01-21T09:02:43.000Z","2024-01-21T09:02:49.000Z","2024-01-21T09:02:53.000Z","2024-01-21T09:02:59.000Z","2024-01-21T09:03:03.000Z","2024-01-21T09:03:10.000Z","2024-01-21T09:03:16.000Z","2024-01-21T09:03:23.000Z","2024-01-21T09:03:24.000Z","2024-01-21T09:03:31.000Z","2024-01-21T09:03:32.000Z","2024-01-21T09:03:35.000Z","2024-01-21T09:03:36.000Z","2024-01-21T09:03:39.000Z","2024-01-21T09:03:46.000Z","2024-01-21T09:03:49.000Z","2024-01-21T09:03:51.000Z","2024-01-21T09:03:58.000Z","2024-01-21T09:04:00.000Z","2024-01-21T09:04:05.000Z","2024-01-21T09:04:11.000Z","2024-01-21T09:04:16.000Z","2024-01-21T09:04:21.000Z","2024-01-21T09:04:28.000Z","2024-01-21T09:04:35.000Z","2024-01-21T09:04:42.000Z","2024-01-21T09:04:49.000Z","2024-01-21T09:04:51.000Z","2024-01-21T09:04:58.000Z","2024-01-21T09:04:59.000Z","2024-01-21T09:05:06.000Z","2024-01-21T09:05:09.000Z","2024-01-21T09:05:16.000Z","2024-01-21T09:05:18.000Z","2024-01-21T09:05:22.000Z","2024-01-21T09:05:28.000Z","2024-01-21T09:05:35.000Z","2024-01-21T09:05:37.000Z","2024-01-21T09:05:44.000Z","2024-01-21T09:05:46.000Z","2024-01-21T09:05:53.000Z","2024-01-21T09:06:00.000Z","2024-01-21T09:06:04.000Z","2024-01-21T09:06:11.000Z","2024-01-21T09:06:13.000Z","2024-01-21T09:06:20.000Z","2024-01-21T09:06:23.000Z","2024-01-21T09:06:30.000Z","2024-01-21T09:06:33.000Z","2024-01-21T09:06:37.000Z","2024-01-21T09:06:44.000Z","2024-01-21T09:06:51.000Z","2024-01-21T09:06:56.000Z","2024-01-21T09:07:03.000Z","2024-01-21T09:07:06.000Z","2024-01-21T09:07:13.000Z","2024-01-21T09:07:17.000Z","2024-01-21T09:07:24.000Z","2024-01-21T09:07:27.000Z","2024-01-21T09:07:34.000Z","2024-01-21T09:07:40.000Z","2024-01-21T09:07:47.000Z","2024-01-21T09:07:54.000Z","2024-01-21T09:07:56.000Z","2024-01-21T09:08:03.000Z","2024-01-21T09:08:07.000Z","2024-01-21T09:08:14.000Z","2024-01-21T09:08:17.000Z","2024-01-21T09:08:24.000Z","2024-01-21T09:08:30.000Z","2024-01-21T09:08:37.000Z","2024-01-21T09:08:40.000Z","2024-01-21T09:08:47.000Z","2024-01-21T09:08:50.000Z","2024-01-21T09:08:57.000Z","2024-01-21T09:09:02.000Z","2024-01-21T09:09:09.000Z","2024-01-21T09:09:16.000Z","2024-01-21T09:09:23.000Z","2024-01-21T09:09:28.000Z","2024-01-21T09:09:35.000Z","2024-01-21T09:09:36.000Z","2024-01-21T09:09:37.000Z","2024-01-21T09:09:44.000Z","2024-01-21T09:09:49.000Z","2024-01-21T09:09:56.000Z","2024-01-21T09:10:02.000Z","2024-01-21T09:10:09.000Z","2024-01-21T09:10:14.000Z","2024-01-21T09:10:20.000Z","2024-01-21T09:10:27.000Z","2024-01-21T09:10:31.000Z","2024-01-21T09:10:37.000Z","2024-01-21T09:10:44.000Z","2024-01-21T09:10:51.000Z","2024-01-21T09:10:55.000Z","2024-01-21T09:10:57.000Z","2024-01-21T09:11:04.000Z","2024-01-21T09:11:11.000Z","2024-01-21T09:11:13.000Z","2024-01-21T09:11:20.000Z","2024-01-21T09:11:24.000Z","2024-01-21T09:11:31.000Z","2024-01-21T09:11:33.000Z","2024-01-21T09:11:40.000Z","2024-01-21T09:11:42.000Z","2024-01-21T09:11:49.000Z","2024-01-21T09:11:51.000Z","2024-01-21T09:11:57.000Z","2024-01-21T09:12:02.000Z","2024-01-21T09:12:09.000Z","2024-01-21T09:12:10.000Z","2024-01-21T09:12:17.000Z","2024-01-21T09:12:23.000Z","2024-01-21T09:12:27.000Z","2024-01-21T09:12:34.000Z","2024-01-21T09:12:38.000Z","2024-01-21T09:12:45.000Z","2024-01-21T09:12:47.000Z","2024-01-21T09:12:54.000Z","2024-01-21T09:12:59.000Z","2024-01-21T09:13:06.000Z","2024-01-21T09:13:13.000Z","2024-01-21T09:13:14.000Z","2024-01-21T09:13:21.000Z","2024-01-21T09:13:24.000Z","2024-01-21T09:13:31.000Z","2024-01-21T09:13:35.000Z","2024-01-21T09:13:40.000Z","2024-01-21T09:13:44.000Z","2024-01-21T09:13:50.000Z","2024-01-21T09:13:51.000Z","2024-01-21T09:13:55.000Z","2024-01-21T09:13:59.000Z","2024-01-21T09:14:06.000Z","2024-01-21T09:14:09.000Z","2024-01-21T09:14:16.000Z","2024-01-21T09:14:18.000Z","2024-01-21T09:14:23.000Z","2024-01-21T09:14:26.000Z","2024-01-21T09:14:29.000Z","2024-01-21T09:14:35.000Z","2024-01-21T09:14:39.000Z","2024-01-21T09:14:46.000Z","2024-01-21T09:14:52.000Z","2024-01-21T09:14:56.000Z","2024-01-21T09:15:03.000Z","2024-01-21T09:15:10.000Z","2024-01-21T09:15:17.000Z","2024-01-21T09:15:19.000Z","2024-01-21T09:15:26.000Z","2024-01-21T09:15:29.000Z","2024-01-21T09:15:36.000Z","2024-01-21T09:15:37.000Z","2024-01-21T09:15:44.000Z","2024-01-21T09:15:47.000Z","2024-01-21T09:15:54.000Z","2024-01-21T09:15:56.000Z","2024-01-21T09:16:03.000Z","2024-01-21T09:16:06.000Z","2024-01-21T09:16:11.000Z","2024-01-21T09:16:17.000Z","2024-01-21T09:16:24.000Z","2024-01-21T09:16:28.000Z","2024-01-21T09:16:35.000Z","2024-01-21T09:16:39.000Z","2024-01-21T09:16:46.000Z","2024-01-21T09:16:49.000Z","2024-01-21T09:16:50.000Z","2024-01-21T09:16:57.000Z","2024-01-21T09:17:04.000Z","2024-01-21T09:17:05.000Z","2024-01-21T09:17:08.000Z","2024-01-21T09:17:12.000Z","2024-01-21T09:17:17.000Z","2024-01-21T09:17:23.000Z","2024-01-21T09:17:28.000Z","2024-01-21T09:17:35.000Z","2024-01-21T09:17:36.000Z","2024-01-21T09:17:38.000Z","2024-01-21T09:17:44.000Z","2024-01-21T09:17:45.000Z","2024-01-21T09:17:51.000Z","2024-01-21T09:17:56.000Z","2024-01-21T09:18:03.000Z","2024-01-21T09:18:04.000Z"],"ns3:TrackPointExtensions":[72,73,73,76,72,76,80,83,86,90,95,95,98,101,105,107,109,112,113,117,118,119,120,123,124,127,128,127,130,132,130,131,132,134,134,134,137,138,138,138,141,138,138,138,135,137,137,136,133,136,136,135,135,137,137,137,137,136,137,137,139,138,138,138,137,137,136,136,138,139,142,139,137,141,138,138,137,139,135,138,137,135,137,136,133,131,132,133,131,130,132,132,137,136,137,137,138,138,136,139,137,139,138,141,138,138,138,139,140,142,141,144,142,141,141,140,140,141,141,141,141,141,143,141,141,137,140,140,143,143,143,144,142,144,141,140,140,136,139,142,139,139,139,138,139,138,138,141,140,141,140,140,144,141,142,138,141,143,144,146,145,146,144,144,144,145,145,147,148,150,150,148,147,146,146,146,146,149,146,146,146,147,147,144,145,146,147,148,147,147,147,147,148,145,147,148,147,148,147,147,150,149,149,148,148,147,150,148,147,146,145,145,145,145,146,146,146,146,145,147,147,149,148,149,148,149,146,149,149,149,149,146,149,149,150,147,147,147,147,147,148,148,148,147,147,147,146,147,147,148,147,150,147,149,147,147,148,147,143,143,147,150,147,150,149,146,148,150,151,149,149,151,151,148,149,149,148,148,150,150,148,152,152,151,153,156,159,158,159,161,163,162,162,164,167,167,165,163,162,161,160,161,162,161,160,158,160,162,159,159,159,158,160,160,156,156,153,154,152,151,149,149,149,150,148,152,151,154,151,149,149,152,150,150,152,153,150,151,154,154,157,160,158,156,156,155,154,153,153,153,153,153,154,153,155,155,156,157,157,157,154,156,156,159,162,162,163,163,162,162,162,161,160,159,159,160,158,155,158,162,163,166,167,167,167,164,164,163,166,166,166,166,166,166,166,165,164,165,164,163,166,166,166,168,165,165,168,167,164,163,162,163,165,164,167,167,166,129,129,132,134,137,140,144,141,143,145,146,148,148,149,151,152,154,155,156,156,157,158,161,162,162,163,162,162,164,165,166,168,168,167,166,166,167,167,168,171,174,174,171,171,168,165,167,168,171,171,172,172,170,167,165,164,164,163,163,160,163,163,163,163,163,163,165,166,167,166,166,169,170,172,171,169,166,166,164,167,165,167,166,168,168,170,167,167,166,167,164,163,163,163,164,164,162,162,164,163,160,160,159,157,159,158,159,159,159,160,160,160,159,159,159,158,160,161,161,160,159,157,160,158,159,159,160,160,163,161,161,162,162,162,163,163,162,164,162,161,162,162,162,162,160,160,160,160,159,159,159,160,160,160,161,161,160,159,160,160,159,160,161,162,162,163,162,162,163,164,164,163,164,164,165,166,164,164,164,164,164,166,167,166,167,166,167,167,168,168,171,168,167,170,171,172,170,169,171,169,170,167,167,166,166,164,163,163,163,163,163,162,165,165,166,166,168,169,169,169,169,170,170,171,170,170,170,169,169,168,168,167,168,170,169,168,166,168,168,170,174,176,176,176,177,173,172,169,168,167,167,167,165,164,164,167,168,168,168,167,165,167,169,167,166,163,161,163,163,166,167,167,166,166,166,165,166,165,164,165,165,163,163,163,163,163,164,164,165,164,163,163,164,162,163,163,160,160,160,157,156,157,158,161,161,162,162,161,162,161,159,159,160,160,162,159,159,160,161,164,162,162,162,164,161,162,162,164,164,164,163,163,163,163,163,164,165,164,164,162,161,158,161,160,162,163,167,170,170,167,167,166,166,165,165,169,166,167,170,166,166,165,165,166,166,166,166,169,171,172,169,167,168,168,170,170,167,167,163,165,165,164,164,164,163,164,167,168,169,170,171,169,166,166,165,164,163,164,164,162,165,166,166,165,165,163,160,159,162,162,166,163,164,165,166,166,164,164,165,166,165,165,164,165,165,162,163,163,163,165,168,168,167,166,166,166,166,166,164,164,164,164,163,163,161,161,162,164,162,163,163,165,165,163,160,157,156,155,157,157,158,161,161,161,160,159,161,162,164,167,167,170,168,171,171,171,168,169,170,170,170,170,170,169,168,167,166,165,165,165,164,165,167,167,170,169,168,169,168,167,167,167,165,165,168,167,167,170,169,167,165,166,165,166,166,166,166,167,167,167,168,169,168,166,169,171,172,172,172,173,173,173,170,170,169,170,170,168,165,166,167,167,165,166,167,167,167,166,165,165,167,167,166,163,163,162,163,164,167,166,165,165,164,165,166,166,169,170,169,168,167,167,170,172,172,172,173,172,171,171,168,168,168,168,167,168,168,168,170,169,168,168,171,171,172,172,173,171,170,169,168,168,169,169,168,168,169,170,170,169,168,168,170,171,171,174,174,174,173,170,166,164,163,163,164,164,164,164,165,165,166,165,164,164,165,165,166,168,170,172,173,174,171,168,168,167,168,167,166,166,166,164,164,162,159,156,155,153,154,155,158,158,161,163,165,165,167,167,165,167,166,165,165,165,167,164,165,166,166,170,167,166,166,167,168,168,168,167,167,167,166,165,165,166,162,166,168,171,168,168,171,171,173,172,172,172,172,173,173,174,173,172,169,170,169,169,169,169,171,172,172,172,171,167,171,171,170,169,170,169,170,171,171,171,172,172,171,169,169,168,167,166,166,168,168,170,171,171,173,173,170,169,170,170,167,164,163,162,163,164,165,165,166,169,169,169,167,167,167,167,167,165,164,165,165,168,169,169,172,170,173,174,174,176,174,175,175,174,172,171,174,174,177,180,183,181,182,180,177,174,173,170,173,170,169,170,170,167,164,162,165,165,166,166,168,172,169,169,168,171,172,171,171,171,168,168,167,170,171,173,173,173,171,169,169,167,167,169,170,168,164,167,167,168,167,165,166,167,170,170,171,171,166,170,170,172,174,174,174,178,179,178,178,176,175,174,174,172,171,169,169,171,172,173,174,174,174,175,176,181,178,178,180,177,176,173,173,174,175,172,172,170,172,173,174,174,173,173,173,172,172,172,172,175,173,174,175,175,173,172,173,173,172,173,173,176,177,175,175,173,171,172,173,173,173,172,172,172,172,172,173,172,170,171,172,172,170,170,172,172,173,173,172,172,173,173,173,172,172,175,173,174,175,174,176,174,174,175,176,174,174,177,175,171,171,172,170,172,172,171,170,171,173,173,174,174,173,173,174,173,173,172,172,174,174,171,170,170,170,170,172,172,173,173,174,176,179,179,179,178,175,175,174,174,176,176,173,170,170,173,174,177,178,175,175,175,176,176,176,176,176,176,176,175,178,179,177,178,178,176,177,179,178,176,175,172,175,177,176,175,174,175,176,176,173,172,172,172,171,171,171,172,170,169]}},"geometry":{"type":"LineString","coordinates":[[3.46284088678658,50.92084798961878,10.600000381469727],[3.4628378693014383,50.92084597796202,10.600000381469727],[3.46277492120862,50.920873722061515,10.800000190734863],[3.462547017261386,50.92097556218505,10.399999618530273],[3.462513405829668,50.92099316418171,10.399999618530273],[3.462483733892441,50.92101336456835,10.399999618530273],[3.462427407503128,50.92104949057102,10.399999618530273],[3.4624019265174866,50.9210695233196,10.600000381469727],[3.4623492881655693,50.92111403122544,10.600000381469727],[3.4622924588620663,50.92116566374898,10.800000190734863],[3.46224426291883,50.92120480723679,11],[3.46221836283803,50.92122978530824,11],[3.4621837455779314,50.92125174589455,11.199999809265137],[3.4620155207812786,50.92134486883879,12],[3.461871687322855,50.92144997790456,11.600000381469727],[3.4617726132273674,50.9214995149523,11.399999618530273],[3.461652249097824,50.9216411691159,11.399999618530273],[3.4617245011031628,50.921739153563976,12.399999618530273],[3.4617510717362165,50.92177125625312,12.600000381469727],[3.46185190603137,50.921861696988344,13.199999809265137],[3.461982412263751,50.921960435807705,13.399999618530273],[3.462177040055394,50.922102089971304,12.800000190734863],[3.462226828560233,50.92213813215494,12.600000381469727],[3.4623922035098076,50.92226997949183,11.600000381469727],[3.4624198637902737,50.922294119372964,11.399999618530273],[3.462543413043022,50.92240333557129,11.199999809265137],[3.46268305554986,50.92251908965409,11.600000381469727],[3.4628446586430073,50.92265202663839,11.800000190734863],[3.462968710809946,50.922767613083124,11.399999618530273],[3.4630734845995903,50.92285822145641,11.199999809265137],[3.4632412903010845,50.923020327463746,10.600000381469727],[3.463348997756839,50.92309827916324,10.199999809265137],[3.4635398536920547,50.92325259000063,10.600000381469727],[3.4637072402983904,50.923392567783594,12],[3.463894072920084,50.92353472486138,13.399999618530273],[3.46392123028636,50.92355174012482,13.399999618530273],[3.464099681004882,50.92368987388909,13.800000190734863],[3.464127089828253,50.92370915226638,14],[3.464304367080331,50.92388743534684,14.600000381469727],[3.464411236345768,50.92398650944233,15],[3.4645380545407534,50.924088349565864,15.600000381469727],[3.46457208506763,50.92412883415818,16],[3.464627740904689,50.92415766790509,16.200000762939453],[3.4648449160158634,50.92431206256151,17],[3.465029066428542,50.92445312999189,16.200000762939453],[3.465056139975786,50.9244750905782,16],[3.465237943455577,50.924626886844635,14.600000381469727],[3.465264094993472,50.92464851215482,14.399999618530273],[3.4653429687023163,50.9247200936079,13.399999618530273],[3.465449083596468,50.92480315826833,12],[3.4655071701854467,50.92484171502292,11.199999809265137],[3.465692577883601,50.92498102225363,11],[3.465780084952712,50.92504430562258,11],[3.4659617207944393,50.92518520541489,11],[3.4660258423537016,50.92524614185095,11],[3.4660388343036175,50.92536340467632,11],[3.466180907562375,50.925487875938416,11],[3.4663633815944195,50.92564352788031,11],[3.4665523935109377,50.92579138465226,11],[3.4666301775723696,50.92584980651736,11],[3.4668103884905577,50.92600302770734,11],[3.4669318422675133,50.92610185034573,11],[3.467121943831444,50.92625850811601,11],[3.467286815866828,50.926380548626184,11.199999809265137],[3.4674686193466187,50.92652102932334,11.800000190734863],[3.4675475768744946,50.92657425440848,11.800000190734863],[3.467725273221731,50.926718339324,11.399999618530273],[3.4678340703248978,50.92680442146957,11],[3.468044875189662,50.92695881612599,10.800000190734863],[3.468099609017372,50.92699904926121,10.800000190734863],[3.468173621222377,50.927060237154365,11],[3.4682543389499187,50.92712637037039,11.199999809265137],[3.468367327004671,50.927220499143004,11.600000381469727],[3.4683940652757883,50.927242040634155,11.600000381469727],[3.4684395790100098,50.92727875337005,11.600000381469727],[3.468630937859416,50.9274313878268,12],[3.4686555806547403,50.92745091766119,12],[3.4688361268490553,50.92760891653597,12],[3.4689409844577312,50.92769491486251,12.199999809265137],[3.469046847894788,50.927785439416766,12.600000381469727],[3.4691767673939466,50.927897254005075,13],[3.4692044276744127,50.927919214591384,12.800000190734863],[3.4694062639027834,50.928068747743964,12.199999809265137],[3.46945789642632,50.92811359092593,12],[3.4696082677692175,50.92823211103678,11.199999809265137],[3.4697982855141163,50.92834937386215,10],[3.4700432047247887,50.92846965417266,8.800000190734863],[3.4700723737478256,50.92849178239703,8.800000190734863],[3.4703042171895504,50.928637040778995,8.199999809265137],[3.4703975915908813,50.92869755811989,8.399999618530273],[3.470607055351138,50.92884189449251,8.600000381469727],[3.4707097336649895,50.928934598341584,9.399999618530273],[3.4708981588482857,50.92909561470151,10.600000381469727],[3.4710746817290783,50.92922796495259,11.800000190734863],[3.471262603998184,50.929375318810344,12.199999809265137],[3.4712910186499357,50.92939794994891,12.199999809265137],[3.4713332634419203,50.92952971346676,12],[3.471353715285659,50.92969215475023,11.399999618530273],[3.471417333930731,50.92975225299597,11.399999618530273],[3.4714807011187077,50.92978837899864,11.199999809265137],[3.471550103276968,50.929888961836696,11],[3.471550354734063,50.929907485842705,11],[3.4716734010726213,50.93000513501465,11],[3.471760405227542,50.93007587827742,11],[3.471963247284293,50.93023278750479,11],[3.4721592999994755,50.93039053492248,11],[3.4722125250846148,50.930433282628655,10.800000190734863],[3.47240480594337,50.93058021739125,10.399999618530273],[3.472485104575753,50.93065188266337,10],[3.4726684167981148,50.930794794112444,10.399999618530273],[3.4727288503199816,50.93084139749408,10.600000381469727],[3.472833875566721,50.93093175441027,11],[3.4729917906224728,50.93105438165367,11.399999618530273],[3.4731783717870712,50.93120592646301,12],[3.473257916048169,50.931269293650985,12],[3.4734377916902304,50.9314255323261,12],[3.4735155757516623,50.93148848041892,12],[3.4736981336027384,50.931646982207894,11.600000381469727],[3.473823443055153,50.9317537676543,11.199999809265137],[3.474002480506897,50.931910844519734,10.600000381469727],[3.4741292987018824,50.932019306346774,10.199999809265137],[3.4743260219693184,50.93215852975845,9.800000190734863],[3.4743504133075476,50.93218040652573,9.800000190734863],[3.474534396082163,50.9323341306299,10],[3.474616874009371,50.932391127571464,10.199999809265137],[3.474772274494171,50.93251945450902,10.399999618530273],[3.4747984260320663,50.93253898434341,10.399999618530273],[3.474874533712864,50.932598831132054,10.399999618530273],[3.4750101529061794,50.932700503617525,9.800000190734863],[3.475065054371953,50.93274459242821,9.600000381469727],[3.475255575031042,50.932895885780454,9],[3.4753085486590862,50.932937040925026,9],[3.4754848200827837,50.93308908864856,9],[3.475536871701479,50.93313753604889,9],[3.475563609972596,50.933160753920674,9],[3.4757458325475454,50.93332780525088,8.399999618530273],[3.475772151723504,50.933349849656224,8.399999618530273],[3.4758462477475405,50.9334166534245,8.199999809265137],[3.4759033285081387,50.93345730565488,8],[3.4760090243071318,50.93355176970363,8],[3.4760345052927732,50.933571299538016,8],[3.4762249421328306,50.933726113289595,8],[3.47625813446939,50.93374446965754,8],[3.4763335715979338,50.933814626187086,7.800000190734863],[3.476324938237667,50.93383273109794,7.599999904632568],[3.4761728905141354,50.933917220681906,7.400000095367432],[3.475941466167569,50.934063736349344,6.400000095367432],[3.4759071841835976,50.93408536165953,6.199999809265137],[3.4758727345615625,50.93410640023649,6.199999809265137],[3.475622534751892,50.934236738830805,6],[3.4755191020667553,50.93429616652429,6.199999809265137],[3.4754766058176756,50.93439834192395,7.400000095367432],[3.47560191527009,50.93448098748922,8],[3.4756373707205057,50.93450043350458,8.399999618530273],[3.47589117474854,50.93462054617703,9.199999809265137],[3.4759999718517065,50.93467812985182,9.399999618530273],[3.4760701283812523,50.93471392057836,9.600000381469727],[3.4762081783264875,50.934791872277856,9.800000190734863],[3.4763092640787363,50.93485255725682,10],[3.47644773311913,50.934929167851806,10.399999618530273],[3.476662477478385,50.93506906181574,11],[3.476694915443659,50.93508976511657,10.800000190734863],[3.476911671459675,50.935227144509554,10],[3.4771202970296144,50.93537357635796,9.399999618530273],[3.4772145096212626,50.93542973510921,9.199999809265137],[3.4774436708539724,50.93556694686413,9.600000381469727],[3.477602591738105,50.93566325493157,10.399999618530273],[3.4778326749801636,50.93579317443073,11],[3.478054041042924,50.93593751080334,11],[3.478289069607854,50.936061814427376,11.399999618530273],[3.478322010487318,50.93607757240534,11.399999618530273],[3.4785365033894777,50.93623758293688,12],[3.478659801185131,50.93641771003604,12.399999618530273],[3.4786590468138456,50.936446376144886,12.600000381469727],[3.4785851184278727,50.93663605861366,13.399999618530273],[3.478573216125369,50.936663383618,13.600000381469727],[3.478466933593154,50.936846947297454,14.399999618530273],[3.4784326516091824,50.93689790926874,14.800000190734863],[3.4784178156405687,50.9369258210063,14.800000190734863],[3.478291416540742,50.937100667506456,14.800000190734863],[3.4782750718295574,50.937125897035,14.800000190734863],[3.4781075175851583,50.93728607520461,14.199999809265137],[3.4780754148960114,50.93730476684868,14],[3.4779067710042,50.93742395751178,12.600000381469727],[3.477831669151783,50.9374884981662,12.199999809265137],[3.4776373766362667,50.93764482066035,12.199999809265137],[3.4775862470269203,50.937686897814274,12.399999618530273],[3.47739078104496,50.937838442623615,13.199999809265137],[3.477369910106063,50.937860906124115,13.199999809265137],[3.4771791379898787,50.93802435323596,13.399999618530273],[3.4771477058529854,50.93804430216551,13.199999809265137],[3.4769361466169357,50.938192242756486,13],[3.4769044630229473,50.93821353279054,13],[3.4768131840974092,50.93827933073044,13],[3.4766631480306387,50.93837723135948,12.800000190734863],[3.4764835238456726,50.93851058743894,13.600000381469727],[3.4763230942189693,50.938680823892355,15.199999809265137],[3.4762387722730637,50.93886581249535,18],[3.4761922527104616,50.93897678889334,19.399999618530273],[3.476096447557211,50.93913881108165,20],[3.4760249499231577,50.9393104724586,20.200000762939453],[3.4759929310530424,50.939358500763774,20.399999618530273],[3.4758928511291742,50.93955094926059,20],[3.47585404291749,50.939634181559086,20],[3.475755052641034,50.939818834885955,21],[3.4757375344634056,50.93984263949096,21],[3.4757042583078146,50.93989100307226,20.600000381469727],[3.475607531145215,50.94005503691733,19.399999618530273],[3.47551834769547,50.940233236178756,17.600000381469727],[3.4754586685448885,50.940340189263225,16.399999618530273],[3.4753417409956455,50.940524591133,14.399999618530273],[3.4752321895211935,50.940697425976396,12.800000190734863],[3.475171085447073,50.94079742208123,12.600000381469727],[3.475038232281804,50.94097411260009,12],[3.475021133199334,50.941002359613776,12],[3.4749130066484213,50.94119019806385,11.800000190734863],[3.4748608712106943,50.941268149763346,11.399999618530273],[3.474746374413371,50.94144676811993,11],[3.474726425483823,50.94150342978537,11],[3.4746170416474342,50.94169554300606,10.399999618530273],[3.474524589255452,50.94182252883911,9.800000190734863],[3.474438590928912,50.942015228793025,8.399999618530273],[3.474363489076495,50.94221287406981,8.800000190734863],[3.4743733797222376,50.94223818741739,8.800000190734863],[3.4745100047439337,50.942323096096516,9],[3.4746372420340776,50.94246399588883,9.399999618530273],[3.474634224548936,50.94260673969984,10],[3.47463539801538,50.94263616017997,10],[3.474630620330572,50.94266591593623,10],[3.474605390802026,50.942860543727875,10],[3.474604720249772,50.942916702479124,10],[3.474605893716216,50.943000353872776,10.399999618530273],[3.474602708593011,50.94305559061468,10.600000381469727],[3.474600948393345,50.94321954064071,11.199999809265137],[3.4745718631893396,50.94341358169913,11.399999618530273],[3.474561721086502,50.943614579737186,10.399999618530273],[3.4745678398758173,50.94375170767307,10],[3.474537832662463,50.94394063577056,8.800000190734863],[3.474535821005702,50.94399352557957,8.399999618530273],[3.4745227452367544,50.944187231361866,7.599999904632568],[3.4745241701602936,50.944241378456354,7.400000095367432],[3.474504305049777,50.94443307258189,7],[3.47447756677866,50.9446241799742,7],[3.4744756389409304,50.94465158879757,7],[3.4744721185415983,50.94484789296985,7],[3.474462730810046,50.944933304563165,7],[3.474443703889847,50.945129189640284,7],[3.4744334779679775,50.94521066173911,7],[3.4744107630103827,50.94540319405496,7],[3.474401207640767,50.945517271757126,7.400000095367432],[3.474383018910885,50.94571684487164,8],[3.4743808396160603,50.94574525952339,8],[3.4743780735880136,50.94577317126095,8],[3.474363572895527,50.945856822654605,8],[3.474327865988016,50.946052707731724,8.399999618530273],[3.474290566518903,50.94613476656377,8.600000381469727],[3.474194258451462,50.94632863998413,8.800000190734863],[3.474144972860813,50.94640642404556,9],[3.4740629140287638,50.94653240405023,8.800000190734863],[3.4740018099546432,50.94663784839213,8.199999809265137],[3.473917655646801,50.94679618254304,7.800000190734863],[3.473852276802063,50.9468967653811,7.800000190734863],[3.47376711666584,50.94705677591264,7.400000095367432],[3.4736989717930555,50.94718116335571,6.800000190734863],[3.4736863989382982,50.94720798544586,6.400000095367432],[3.473578440025449,50.94738853164017,5.199999809265137],[3.473517671227455,50.94749288633466,5.599999904632568],[3.473415747284889,50.94766982831061,5.599999904632568],[3.4733334369957447,50.94779941253364,6],[3.473220197483897,50.94797442667186,6.599999904632568],[3.473162865266204,50.94808624126017,7.199999809265137],[3.473081225529313,50.94828497618437,8.800000190734863],[3.4729786310344934,50.94845563173294,10],[3.4729041159152985,50.94856610521674,10.800000190734863],[3.4727704245597124,50.94872737303376,10],[3.4726139344274998,50.94889274798334,7.800000190734863],[3.4725689236074686,50.94894748181105,7.599999904632568],[3.472400698810816,50.949113862589,6],[3.4723560232669115,50.949160885065794,5.400000095367432],[3.4722618106752634,50.94933028332889,5],[3.4723742958158255,50.94952373765409,5],[3.4724994376301765,50.94970461912453,5.400000095367432],[3.472529612481594,50.94978131353855,5.800000190734863],[3.472561715170741,50.949974935501814,6.199999809265137],[3.472560625523329,50.95006135292351,6.599999904632568],[3.47255383618176,50.95014760270715,6.599999904632568],[3.472551153972745,50.95023485831916,6.400000095367432],[3.4725391678512096,50.95042529515922,5.800000190734863],[3.472538832575083,50.95062419772148,5.199999809265137],[3.4725563507527113,50.950743639841676,5],[3.472586190328002,50.95092862844467,5],[3.4726229030638933,50.951069947332144,5],[3.47265450283885,50.951151084154844,5],[3.472685096785426,50.95131545327604,5],[3.472729353234172,50.95151301473379,4.800000190734863],[3.4727597795426846,50.951655423268676,5.400000095367432],[3.4727845899760723,50.95184854231775,6.199999809265137],[3.47282063215971,50.951961195096374,6.800000190734863],[3.4729158505797386,50.95214618369937,8],[3.4729995019733906,50.95224651508033,9],[3.4731916151940823,50.9523899294436,9.399999618530273],[3.4732443373650312,50.95243586227298,9.199999809265137],[3.473447682335973,50.952596459537745,9],[3.4735242929309607,50.95266309566796,8.800000190734863],[3.473729230463505,50.95280843786895,7.800000190734863],[3.4737959504127502,50.95284196548164,7.599999904632568],[3.474032152444124,50.95295771956444,6.599999904632568],[3.4741389378905296,50.95300172455609,6.400000095367432],[3.4743271116167307,50.95307741314173,6],[3.474435741081834,50.953114461153746,6],[3.4747155290097,50.95320297405124,6],[3.474829187616706,50.9532377589494,6.400000095367432],[3.475097743794322,50.95334571786225,7],[3.475210480391979,50.95342006534338,7],[3.4753876738250256,50.953573286533356,7.400000095367432],[3.4755075350403786,50.95369239337742,7.800000190734863],[3.475649608299136,50.953828347846866,7.400000095367432],[3.475818168371916,50.95399112440646,6.199999809265137],[3.4759846329689026,50.95414577051997,6],[3.4760350082069635,50.95419052988291,6],[3.4762072563171387,50.95435230061412,5.800000190734863],[3.476250423118472,50.954392701387405,5.599999904632568],[3.4764205757528543,50.95454793423414,5],[3.4764646645635366,50.954591101035476,5],[3.4766338113695383,50.95474490895867,5],[3.4767235815525055,50.95483501441777,5.199999809265137],[3.4767451230436563,50.954857897013426,5.400000095367432],[3.4768426045775414,50.95495009794831,6.400000095367432],[3.4769853483885527,50.95509150065482,8],[3.4771544113755226,50.955240027979016,9.199999809265137],[3.4772932156920433,50.95537061803043,9.199999809265137],[3.477451717481017,50.955517468973994,8.600000381469727],[3.477550372481346,50.95560380257666,8],[3.477729493752122,50.95575819723308,7.400000095367432],[3.477788083255291,50.95580496825278,7.400000095367432],[3.4779691323637962,50.95596984028816,8],[3.4781228564679623,50.956024657934904,8.399999618530273],[3.478206926956773,50.95604309812188,8.800000190734863],[3.478330560028553,50.956056928262115,9.399999618530273],[3.4785348270088434,50.95608375035226,9.399999618530273],[3.478620070964098,50.95609380863607,9.399999618530273],[3.4789161197841167,50.95612867735326,9.600000381469727],[3.4792088996618986,50.95617435872555,9.800000190734863],[3.4792922995984554,50.95618768595159,9.800000190734863],[3.479586588218808,50.95622783526778,10],[3.4796291682869196,50.95623127184808,10],[3.4799195174127817,50.9562889393419,10],[3.4802076872438192,50.956365214660764,11.199999809265137],[3.4804811887443066,50.95644752494991,12.600000381469727],[3.480752594769001,50.95653117634356,13],[3.480786457657814,50.95654777251184,13.199999809265137],[3.480968177318573,50.956700490787625,12.600000381469727],[3.481141682714224,50.95685421489179,11.800000190734863],[3.481279816478491,50.95696049742401,11.399999618530273],[3.481489447876811,50.95710810273886,10.399999618530273],[3.4815782122313976,50.95716870389879,10],[3.4817849937826395,50.957304490730166,9.199999809265137],[3.4818150848150253,50.95732217654586,9],[3.4819075372070074,50.957380598410964,8.800000190734863],[3.4821717347949743,50.9574909042567,8.199999809265137],[3.482364099472761,50.9576066583395,8],[3.48241975530982,50.95764772966504,8],[3.4826541133224964,50.957770105451345,8],[3.482804400846362,50.957821402698755,8.399999618530273],[3.482961729168892,50.95788317732513,8.800000190734863],[3.48306717351079,50.95791787840426,9],[3.4833332151174545,50.95800396054983,9],[3.4833818301558495,50.95801963470876,9],[3.4836747776716948,50.958113595843315,9],[3.4839585050940514,50.95818668603897,9.199999809265137],[3.484032517299056,50.958207892253995,9.399999618530273],[3.4843271411955357,50.958275366574526,10.199999809265137],[3.484510537236929,50.95832691527903,10.800000190734863],[3.484539370983839,50.95836781896651,10.600000381469727],[3.4845221880823374,50.95842749811709,10.399999618530273],[3.484416576102376,50.95861651003361,9.399999618530273],[3.484402075409889,50.95867685973644,9],[3.4844564739614725,50.95884282141924,9],[3.484512632712722,50.95899662934244,9.199999809265137],[3.4845280554145575,50.9590504411608,9.199999809265137],[3.4845377784222364,50.959076676517725,9.199999809265137],[3.4845752455294132,50.95918103121221,8.800000190734863],[3.484645653516054,50.959244314581156,9],[3.4847371838986874,50.95930206589401,9],[3.4848287142813206,50.959345484152436,9],[3.485042452812195,50.959430392831564,9],[3.4851408563554287,50.95947917550802,9],[3.485360713675618,50.95960037782788,9.199999809265137],[3.4855649806559086,50.959728537127376,10.199999809265137],[3.485591132193804,50.959750497713685,10.199999809265137],[3.4857564233243465,50.959911262616515,11.199999809265137],[3.48581082187593,50.9599622245878,11.399999618530273],[3.4858713392168283,50.95999994315207,11.600000381469727],[3.485867567360401,50.960010420531034,11.800000190734863],[3.485781317576766,50.960136065259576,12],[3.485649051144719,50.96032599918544,11.199999809265137],[3.4856309462338686,50.96035122871399,11.199999809265137],[3.485544193536043,50.96052733249962,10.600000381469727],[3.4855417627841234,50.96055516041815,10.399999618530273],[3.485528351739049,50.960698490962386,10],[3.4854238294065,50.96086042933166,10],[3.4854333009570837,50.96088792197406,10],[3.4855502285063267,50.961028737947345,10],[3.4857243206351995,50.961171900853515,9.399999618530273],[3.4857519809156656,50.96119235269725,9.199999809265137],[3.4858109895139933,50.96122696995735,9],[3.485962115228176,50.96136040985584,9.399999618530273],[3.4861699026077986,50.96150491386652,10],[3.486257577314973,50.961567191407084,10],[3.486286411061883,50.961587307974696,10],[3.486323794350028,50.96161178313196,10],[3.486535521224141,50.96174094825983,10],[3.486669547855854,50.961822839453816,9.800000190734863],[3.486883034929633,50.9619583748281,9.399999618530273],[3.4870714601129293,50.96207873895764,8.600000381469727],[3.487137593328953,50.96212048083544,8.199999809265137],[3.487363737076521,50.9622504003346,8.600000381469727],[3.4880800545215607,50.96261794678867,9.800000190734863],[3.4882159251719713,50.962689109146595,9.399999618530273],[3.4883539751172066,50.96275515854359,9],[3.4884789492934942,50.96283243969083,9],[3.488563187420368,50.96289614215493,9],[3.488730490207672,50.96303293481469,9],[3.488787403330207,50.96308062784374,9],[3.488813554868102,50.963105857372284,9],[3.488987646996975,50.96328053623438,9],[3.4891598112881184,50.96344297751784,9],[3.489257963374257,50.96354247070849,9.399999618530273],[3.489450579509139,50.96368873491883,10],[3.489479748532176,50.96371069550514,10],[3.4895066544413567,50.96373408101499,10],[3.489723913371563,50.963873555883765,9.600000381469727],[3.4898151084780693,50.96393181011081,9.399999618530273],[3.4899897035211325,50.964090563356876,9],[3.4900295175611973,50.96413515508175,9],[3.4901596885174513,50.964305559173226,9],[3.4902131650596857,50.96437797881663,9],[3.4903048630803823,50.9644984267652,8.800000190734863],[3.490398908033967,50.964623652398586,8.800000190734863],[3.49050167016685,50.96474535763264,8.800000190734863],[3.4905973076820374,50.964867901057005,9],[3.4907227847725153,50.96503193490207,9.600000381469727],[3.4907579887658358,50.965080885216594,9.800000190734863],[3.4908122196793556,50.96526067703962,9.600000381469727],[3.4908025804907084,50.96528649330139,9.399999618530273],[3.4906764328479767,50.96538892015815,9.600000381469727],[3.4904322680085897,50.965507524088025,9.600000381469727],[3.490398656576872,50.96552445553243,9.600000381469727],[3.4901755303144455,50.96564984880388,10],[3.490039659664035,50.96571732312441,9.800000190734863],[3.4898236580193043,50.965847158804536,10.199999809265137],[3.489751573652029,50.9658885654062,10.600000381469727],[3.4895396791398525,50.96601689234376,10.399999618530273],[3.4893617313355207,50.96613356843591,10.600000381469727],[3.4891582187265158,50.966269355267286,10],[3.4891271218657494,50.96628662198782,9.800000190734863],[3.489004075527191,50.96635753288865,9.399999618530273],[3.4888367727398872,50.966439843177795,9.600000381469727],[3.4887286461889744,50.96648468635976,9.399999618530273],[3.488477524369955,50.9665915556252,9],[3.4884420689195395,50.96660664305091,9],[3.4883336909115314,50.96665643155575,9],[3.48816454410553,50.96673027612269,8.800000190734863],[3.4879337903112173,50.966838486492634,8.600000381469727],[3.4879004303365946,50.966857178136706,8.399999618530273],[3.487654337659478,50.96696354448795,8.600000381469727],[3.4874079935252666,50.96705926582217,8.199999809265137],[3.487367508932948,50.967069659382105,8.399999618530273],[3.4871052391827106,50.96715783700347,9.800000190734863],[3.4869844559580088,50.96718926914036,10],[3.4867962822318077,50.96725548617542,10.199999809265137],[3.4866211004555225,50.96733176149428,10.800000190734863],[3.486395627260208,50.967450365424156,11],[3.486363524571061,50.96746754832566,10.800000190734863],[3.486131764948368,50.967584224417806,10],[3.4860604349523783,50.96761800348759,9.800000190734863],[3.4859360475093126,50.96768128685653,9],[3.4858547430485487,50.96774658188224,8.600000381469727],[3.4858274180442095,50.96776627935469,8.399999618530273],[3.485631449148059,50.96791631542146,7.199999809265137],[3.485697666183114,50.9680126234889,6.400000095367432],[3.485940406098962,50.968134412541986,5.599999904632568],[3.4859761968255043,50.968149583786726,5.400000095367432],[3.4861952997744083,50.96827648580074,4.599999904632568],[3.486328572034836,50.968346390873194,4.599999904632568],[3.48655060864985,50.96846968866885,4.599999904632568],[3.486621603369713,50.9685033839196,4.800000190734863],[3.486857721582055,50.96861528232694,5.800000190734863],[3.4870897326618433,50.9687327966094,6],[3.4871244337409735,50.9687467943877,6],[3.487345799803734,50.968868331983685,5],[3.4874411020427942,50.968917617574334,4.599999904632568],[3.48767495714128,50.969031527638435,4],[3.4878098219633102,50.969094559550285,4.199999809265137],[3.4878451097756624,50.96911040134728,4.199999809265137],[3.4880399890244007,50.96921266056597,4.599999904632568],[3.4882388915866613,50.96929765306413,5.599999904632568],[3.4883414022624493,50.969342244789004,6],[3.4885993972420692,50.96946872770786,8],[3.488697214052081,50.969522036612034,8],[3.4889309015125036,50.96964432857931,8.199999809265137],[3.4889653511345387,50.96965975128114,8.399999618530273],[3.4891998767852783,50.96977609209716,8.800000190734863],[3.4893633238971233,50.96985932439566,9],[3.489396683871746,50.969875417649746,9],[3.4895584546029568,50.96993777900934,9],[3.4897252544760704,50.97002360969782,9],[3.489985428750515,50.97012201324105,9],[3.490165052935481,50.970196947455406,9],[3.4904116485267878,50.970302475616336,8.600000381469727],[3.4904800448566675,50.9703372605145,8.199999809265137],[3.4907284006476402,50.970451422035694,7.599999904632568],[3.4908381197601557,50.97049383446574,7.400000095367432],[3.4910994675010443,50.97059525549412,5.599999904632568],[3.491245312616229,50.97065250389278,5.199999809265137],[3.4914917405694723,50.97075962461531,4.800000190734863],[3.4916618932038546,50.97083757631481,4.400000095367432],[3.4919119253754616,50.97095249220729,5],[3.491985434666276,50.97098082304001,5.400000095367432],[3.4922297671437263,50.97108014859259,7],[3.4924791287630796,50.971185928210616,8],[3.4927264787256718,50.971280727535486,8],[3.4928341023623943,50.97133068367839,8],[3.4930766746401787,50.971445348113775,8],[3.4931474179029465,50.971471164375544,8],[3.493397952988744,50.97157367505133,7.599999904632568],[3.493502726778388,50.97161709330976,7],[3.493751334026456,50.97172345966101,5.800000190734863],[3.4938513301312923,50.971772661432624,5.199999809265137],[3.4941022004932165,50.971875339746475,5.199999809265137],[3.494266988709569,50.97195672802627,5.599999904632568],[3.4945118241012096,50.97206954844296,6],[3.4945810586214066,50.972098633646965,6],[3.494825894013047,50.97219376824796,6],[3.495074165984988,50.972297955304384,6.199999809265137],[3.4951842203736305,50.97233064472675,6.599999904632568],[3.495429642498493,50.972426533699036,7.199999809265137],[3.4955084323883057,50.972458301112056,7.400000095367432],[3.4957573749125004,50.97256315872073,7.800000190734863],[3.495829291641712,50.97259048372507,7.800000190734863],[3.4958686027675867,50.972603810951114,7.800000190734863],[3.4961260110139847,50.97270380705595,6.800000190734863],[3.4962663240730762,50.97276289947331,6.599999904632568],[3.4965088963508606,50.97287823446095,6.599999904632568],[3.4965763706713915,50.97291301935911,6.599999904632568],[3.496675528585911,50.97296565771103,6.800000190734863],[3.496908964589238,50.97307378426194,7],[3.4971719048917294,50.97318987362087,7.800000190734863],[3.4973417222499847,50.97327168099582,8],[3.497587814927101,50.97337167710066,7.599999904632568],[3.497658893465996,50.9734005946666,7.400000095367432],[3.497902639210224,50.97350126132369,6.199999809265137],[3.4981520008295774,50.973613914102316,5.599999904632568],[3.4984049666672945,50.973718436434865,6],[3.49846925586462,50.97375431098044,6.599999904632568],[3.498709062114358,50.973854307085276,7],[3.498857505619526,50.97391407005489,7],[3.4991282410919666,50.97402253188193,7],[3.499262686818838,50.97407483495772,7],[3.4994969610124826,50.97418271005154,7],[3.499531326815486,50.97419838421047,7],[3.499771887436509,50.97430801950395,7],[3.4998812712728977,50.974356550723314,7.199999809265137],[3.5001292917877436,50.974461575970054,7.599999904632568],[3.5001990292221308,50.974489990621805,7.599999904632568],[3.5004420205950737,50.97459275275469,7.400000095367432],[3.5005475487560034,50.97464086487889,7],[3.500802358612418,50.97474681213498,7],[3.500943426042795,50.9748147893697,6.599999904632568],[3.501192033290863,50.97492643631995,6.199999809265137],[3.5012946277856827,50.97496910020709,6.599999904632568],[3.5015535447746515,50.97507622092962,7.599999904632568],[3.5016987193375826,50.975135397166014,8.199999809265137],[3.5019407887011766,50.97524813376367,8.600000381469727],[3.5020553693175316,50.97528358921409,8.399999618530273],[3.502307999879122,50.9753829985857,8],[3.5023422818630934,50.9754004329443,8],[3.5025946609675884,50.975513588637114,7.199999809265137],[3.5026682540774345,50.9755420871079,7],[3.5029195435345173,50.97563738934696,6.400000095367432],[3.5031772032380104,50.97574568353593,6.199999809265137],[3.5032108146697283,50.97576420754194,6.199999809265137],[3.5034590866416693,50.97587417811155,6.599999904632568],[3.50356905721128,50.97592078149319,6.800000190734863],[3.5037780180573463,50.976064782589674,8],[3.503957223147154,50.97622102126479,9.600000381469727],[3.504203734919429,50.97633434459567,9],[3.5042442195117474,50.976343816146255,9],[3.5045533441007137,50.97637541592121,8.399999618530273],[3.50485660135746,50.9763447381556,8],[3.5049015283584595,50.97633769735694,8],[3.5052074678242207,50.97630701959133,8],[3.505254155024886,50.97630257718265,8],[3.5055623576045036,50.97627324052155,7.800000190734863],[3.505694791674614,50.976262763142586,8],[3.5059505235403776,50.97622973844409,8],[3.5060444846749306,50.97620048560202,8.399999618530273],[3.506039036437869,50.976191936060786,8.399999618530273],[3.505889168009162,50.97618120722473,8.399999618530273],[3.50559588521719,50.976187996566296,8.399999618530273],[3.505466552451253,50.97619704902172,8.199999809265137],[3.5051500517874956,50.9762051794678,8],[3.5050313640385866,50.97621414810419,8],[3.504717042669654,50.97622521221638,8],[3.5046375822275877,50.97623216919601,8],[3.5043225064873695,50.976246669888496,8.399999618530273],[3.5042408667504787,50.97625228576362,8.800000190734863],[3.5040863044559956,50.976258823648095,9.199999809265137],[3.504043724387884,50.97625555470586,9.399999618530273],[3.503847671672702,50.97627223469317,9.800000190734863],[3.503600489348173,50.97631288692355,9.399999618530273],[3.503518095239997,50.97632646560669,9.399999618530273],[3.5032212920486927,50.97637206315994,8.199999809265137],[3.5031471122056246,50.976381953805685,7.599999904632568],[3.502847459167242,50.97640911117196,5.800000190734863],[3.5025487281382084,50.97645755857229,6],[3.5022401064634323,50.97648086026311,6.199999809265137],[3.502080515027046,50.97649309784174,6.599999904632568],[3.5017979610711336,50.9765159804374,7.599999904632568],[3.5015858989208937,50.97654724493623,8],[3.5012846533209085,50.976596865803,7.599999904632568],[3.5011994931846857,50.976613042876124,7.400000095367432],[3.500900510698557,50.97667490132153,8.399999618530273],[3.500744942575693,50.97671647556126,9.199999809265137],[3.5006892029196024,50.97675360739231,9.600000381469727],[3.500686017796397,50.97680104896426,10],[3.500740500167012,50.97683415748179,9.600000381469727],[3.5007792245596647,50.97683801315725,9.600000381469727],[3.5010575875639915,50.97681999206543,9],[3.50131549872458,50.97679568454623,8.199999809265137],[3.501403843984008,50.97678663209081,8],[3.501693019643426,50.976762073114514,7],[3.50182319059968,50.976747991517186,6.599999904632568],[3.502117143943906,50.97672242671251,5.599999904632568],[3.502417802810669,50.976697113364935,4.800000190734863],[3.5025039687752724,50.97669208422303,4.800000190734863],[3.5028064716607332,50.97669987939298,3.799999952316284],[3.502842513844371,50.97671438008547,3.5999999046325684],[3.503095982596278,50.97682443447411,3.4000000953674316],[3.5031310189515352,50.97684044390917,3.5999999046325684],[3.503390019759536,50.97694898955524,5.400000095367432],[3.503489261493087,50.9769993647933,6.599999904632568],[3.503741640597582,50.97710673697293,8.199999809265137],[3.503922186791897,50.97717479802668,8.199999809265137],[3.504167776554823,50.97728963010013,6.400000095367432],[3.504270873963833,50.97733656875789,6.199999809265137],[3.504516212269664,50.9774380736053,5.400000095367432],[3.5045905597507954,50.97746791318059,5.199999809265137],[3.504847465083003,50.97757779993117,4.800000190734863],[3.5049909632653,50.977643430233,4.800000190734863],[3.505233535543084,50.977754071354866,4.599999904632568],[3.505336968228221,50.9777990821749,4.400000095367432],[3.505584402009845,50.977909890934825,4.400000095367432],[3.5058289859443903,50.97801927477121,5.800000190734863],[3.506077090278268,50.97812371328473,5.599999904632568],[3.5061809420585632,50.97817190922797,5.800000190734863],[3.5064266994595528,50.97827752120793,6.400000095367432],[3.5065318923443556,50.978321358561516,6.599999904632568],[3.5067822597920895,50.97841775044799,6.800000190734863],[3.5068161226809025,50.978429820388556,6.800000190734863],[3.5070576891303062,50.978534845635295,7],[3.5071938950568438,50.97859913483262,7],[3.5073891934007406,50.978664848953485,7.199999809265137],[3.507528668269515,50.97872318699956,7.199999809265137],[3.507748106494546,50.97882058471441,6.800000190734863],[3.507850617170334,50.97887062467635,6.800000190734863],[3.5080955363810062,50.97898713313043,7.199999809265137],[3.508165441453457,50.97901554778218,7.400000095367432],[3.508415389806032,50.979122668504715,8.199999809265137],[3.508659051731229,50.979230711236596,9.199999809265137],[3.5086945071816444,50.97924395464361,9.199999809265137],[3.508939426392317,50.97935694269836,9.600000381469727],[3.50911695510149,50.9794360678643,9],[3.5091904643923044,50.97946506924927,8.800000190734863],[3.5094339586794376,50.979564897716045,8],[3.509536050260067,50.97961334511638,7.599999904632568],[3.509751046076417,50.97973362542689,7],[3.5098825581371784,50.97981099039316,6.400000095367432],[3.5100916866213083,50.97994334064424,6],[3.510149270296097,50.97998323850334,6],[3.5103216860443354,50.98012933507562,5.800000190734863],[3.5103808622807264,50.98019479773939,5.800000190734863],[3.510462250560522,50.98028398118913,5.800000190734863],[3.5105348378419876,50.98037919960916,6],[3.510636342689395,50.98055739887059,6.400000095367432],[3.5106629971414804,50.98060584627092,6.599999904632568],[3.5107758175581694,50.98078169859946,6.800000190734863],[3.510860474780202,50.98090583458543,6.800000190734863],[3.5109528433531523,50.98109585233033,7.400000095367432],[3.5109857842326164,50.981171038001776,7.800000190734863],[3.511120146140456,50.98133297637105,7.800000190734863],[3.511190302670002,50.9814047254622,7.599999904632568],[3.511369004845619,50.981566328555346,7.199999809265137],[3.511418541893363,50.98161402158439,6.800000190734863],[3.5116078052669764,50.981758777052164,6.199999809265137],[3.511694557964802,50.98180806264281,6],[3.5118963103741407,50.98194535821676,5.199999809265137],[3.5120341926813126,50.982045605778694,4.599999904632568],[3.5122488532215357,50.982176112011075,5.400000095367432],[3.5123843885958195,50.98225062713027,6.199999809265137],[3.5126415453851223,50.98235405981541,7],[3.5126768331974745,50.98236931487918,7],[3.5129602253437042,50.982473166659474,6.400000095367432],[3.5132270213216543,50.982537204399705,4.199999809265137],[3.513307236135006,50.98255782388151,3.4000000953674316],[3.5135844256728888,50.98264382220805,2.200000047683716],[3.5136599466204643,50.98267491906881,2.200000047683716],[3.5139447636902332,50.98272990435362,3.4000000953674316],[3.5139856673777103,50.98273568786681,3.5999999046325684],[3.5142768546938896,50.98277843557298,5.800000190734863],[3.5143602546304464,50.98278874531388,6.199999809265137],[3.514653705060482,50.98284716717899,7.199999809265137],[3.51485981605947,50.98289377056062,7.199999809265137],[3.5150523483753204,50.982946660369635,6.800000190734863],[3.515328196808696,50.98302997648716,5.400000095367432],[3.5153686814010143,50.98304271697998,5.199999809265137],[3.5156033746898174,50.98310918547213,3.799999952316284],[3.5157140996307135,50.983148496598005,3.4000000953674316],[3.5159647185355425,50.98325151018798,3],[3.5161028522998095,50.98331479355693,3],[3.5163105558604,50.98341453820467,3.799999952316284],[3.516544159501791,50.983533058315516,4.599999904632568],[3.516608364880085,50.98356834612787,4.800000190734863],[3.5168385319411755,50.983691392466426,4.400000095367432],[3.517049252986908,50.98382173106074,3.5999999046325684],[3.517244467511773,50.9839603677392,3],[3.5173307172954082,50.98401811905205,2.5999999046325684],[3.517518974840641,50.98416019231081,3.4000000953674316],[3.5176260117441416,50.984233701601624,4.199999809265137],[3.5177959129214287,50.9843834862113,5.199999809265137],[3.5178436897695065,50.984424808993936,5.199999809265137],[3.518021134659648,50.984583646059036,5.199999809265137],[3.5180477891117334,50.98460644483566,5.199999809265137],[3.518101768568158,50.98465019837022,5.199999809265137],[3.5182862542569637,50.98479730077088,5],[3.5183373000472784,50.98484382033348,5],[3.5184700693935156,50.984953958541155,6],[3.518496137112379,50.98497566767037,6.199999809265137],[3.518704930320382,50.98511698655784,7.400000095367432],[3.518756227567792,50.98516141064465,7.599999904632568],[3.5189495980739594,50.98530851304531,7.800000190734863],[3.5189996380358934,50.985356122255325,8.199999809265137],[3.5191801004111767,50.985513869673014,9.399999618530273],[3.519256040453911,50.98557438701391,9.800000190734863],[3.519441531971097,50.985733307898045,11.199999809265137],[3.519524931907654,50.98579801619053,10.800000190734863],[3.5197040531784296,50.98595190793276,10.199999809265137],[3.5198740381747484,50.98607964813709,8.600000381469727],[3.5200642235577106,50.98623278550804,7.400000095367432],[3.520175786688924,50.986314341425896,7.199999809265137],[3.5203640442341566,50.9864610247314,6.800000190734863],[3.5204989928752184,50.98657015711069,6.400000095367432],[3.5206611827015877,50.98673234693706,5.800000190734863],[3.520797472447157,50.98687316291034,6.199999809265137],[3.5208025854080915,50.98695513792336,6.400000095367432],[3.5208911821246147,50.987019930034876,7],[3.521025376394391,50.98710215650499,7.599999904632568],[3.5212174896150827,50.98723936825991,8],[3.521277839317918,50.987288150936365,8],[3.521301643922925,50.987308183684945,8],[3.521507168188691,50.98745645955205,8],[3.5216452181339264,50.98757028579712,7.800000190734863],[3.5218071565032005,50.98773205652833,8.399999618530273],[3.5219060629606247,50.9878268558532,8.600000381469727],[3.5219788178801537,50.98789374344051,9],[3.522003460675478,50.98791729658842,9],[3.5221090726554394,50.988003462553024,9.399999618530273],[3.522243769839406,50.988141763955355,9.800000190734863],[3.5222265031188726,50.98825148306787,9.800000190734863],[3.5222003515809774,50.98826472647488,9.600000381469727],[3.522121561691165,50.988320549950004,9.199999809265137],[3.521956941112876,50.98844979889691,9],[3.521893573924899,50.988488690927625,8.600000381469727],[3.521864740177989,50.98851031623781,8.399999618530273],[3.521742196753621,50.98859505727887,7.800000190734863],[3.5215608961880207,50.98869957961142,7.800000190734863],[3.5215285420417786,50.98871944472194,8],[3.5213818587362766,50.988816088065505,8.199999809265137],[3.521299883723259,50.98888222128153,8.399999618530273],[3.521239198744297,50.98891616798937,8.800000190734863],[3.521053623408079,50.98905572667718,10],[3.521021855995059,50.98907668143511,10],[3.5208474285900593,50.98917399533093,10],[3.520662523806095,50.98931439220905,10],[3.5205160081386566,50.989373149350286,9.800000190734863],[3.5203528963029385,50.98944565281272,9.399999618530273],[3.5202844999730587,50.989485550671816,9.399999618530273],[3.5202051233500242,50.989554366096854,9],[3.5201549157500267,50.98960415460169,8.800000190734863],[3.520022900775075,50.98977254703641,7.599999904632568],[3.5200133454054594,50.98980003967881,7.400000095367432],[3.5199988447129726,50.98999290727079,6.599999904632568],[3.5199907142668962,50.990073876455426,6.199999809265137],[3.5199785605072975,50.990260541439056,5.599999904632568],[3.519963137805462,50.990368751809,5.199999809265137],[3.5199299454689026,50.990543179214,5],[3.519926005974412,50.990651305764914,5.199999809265137],[3.519885018467903,50.990841910243034,6.599999904632568],[3.519843779504299,50.990982139483094,7],[3.5197995230555534,50.99117743782699,7],[3.5197794064879417,50.991259245201945,7],[3.5197308752685785,50.991409784182906,5.800000190734863],[3.519746968522668,50.99151313304901,5.199999809265137],[3.519731042906642,50.99155806005001,5.199999809265137],[3.519714865833521,50.99157809279859,5.199999809265137],[3.5197029635310173,50.9915984608233,5.400000095367432],[3.519588550552726,50.991785544902086,6],[3.5195347387343645,50.991876823827624,6.199999809265137],[3.5194093454629183,50.99201696924865,6],[3.5192779172211885,50.99219340831041,6],[3.5192254465073347,50.992250656709075,6],[3.519086390733719,50.99241058342159,6],[3.51903366856277,50.992496414110065,6],[3.5189012344926596,50.992665058001876,6.199999809265137],[3.5188827104866505,50.99269883707166,6.199999809265137],[3.5187834687530994,50.99288214929402,6.599999904632568],[3.5187661182135344,50.99290469661355,6.599999904632568],[3.5186882503330708,50.99303889088333,6.400000095367432],[3.5186020843684673,50.99321926943958,7],[3.5185586661100388,50.993268052116036,7],[3.518434278666973,50.993441473692656,7],[3.518322044983506,50.993634425103664,7],[3.5182412434369326,50.99379066377878,6.400000095367432],[3.518165722489357,50.99392091855407,6.199999809265137],[3.5180718451738358,50.99409744143486,6.400000095367432],[3.5179705917835236,50.99426072090864,5.400000095367432],[3.5179565101861954,50.99428561516106,5.400000095367432],[3.517940416932106,50.99431050941348,5.400000095367432],[3.517923904582858,50.99433674477041,5.400000095367432],[3.517799349501729,50.99453036673367,6],[3.517770431935787,50.99458711221814,6],[3.5176699329167604,50.99476832896471,6],[3.5176193062216043,50.99484787322581,6.599999904632568],[3.517520986497402,50.99501710385084,6.400000095367432],[3.5175062343478203,50.99504551850259,6.400000095367432],[3.5174054000526667,50.99523201584816,6],[3.5173948388546705,50.99525892175734,6],[3.5172976925969124,50.99544944241643,5.599999904632568],[3.5172189027071,50.99563719704747,4.400000095367432],[3.5172120295464993,50.99566242657602,4.199999809265137],[3.5171380173414946,50.99584909155965,4.400000095367432],[3.5170878935605288,50.99597666412592,4],[3.516998877748847,50.99610230885446,4.400000095367432],[3.51691254414618,50.99616534076631,4.800000190734863],[3.5166768450289965,50.99628511816263,6],[3.5165310837328434,50.99634722806513,6.400000095367432],[3.516279458999634,50.99645845592022,6],[3.51614098995924,50.99652115255594,6],[3.516039066016674,50.99657421000302,5.400000095367432],[3.5158038698136806,50.996692227199674,5.199999809265137],[3.5155565198510885,50.99681426770985,5],[3.515521986410022,50.9968326240778,5.199999809265137],[3.5153188928961754,50.996983079239726,5.800000190734863],[3.515295088291168,50.99703588522971,5.800000190734863],[3.5153659153729677,50.997171085327864,6.400000095367432],[3.5155629739165306,50.997315840795636,7],[3.515627598389983,50.99735431373119,6.800000190734863],[3.515786938369274,50.99745087325573,5.599999904632568],[3.5159375611692667,50.99755212664604,4.199999809265137],[3.516130931675434,50.9976941999048,3.200000047683716],[3.5162388905882835,50.99777433089912,3.4000000953674316],[3.5164453368633986,50.99791414104402,4.199999809265137],[3.516567125916481,50.99799192510545,4.800000190734863],[3.5166066884994507,50.998091669753194,5.400000095367432],[3.516473835334182,50.99819568917155,6],[3.5162601806223392,50.99833231419325,4],[3.516176948323846,50.99838872440159,4],[3.5159632097929716,50.99852208048105,4],[3.515876205638051,50.99857631139457,3.4000000953674316],[3.5156664066016674,50.99870564416051,2],[3.5155491437762976,50.99878979846835,2.200000047683716],[3.515431545674801,50.99886691197753,3.799999952316284],[3.515291064977646,50.99896665662527,4.199999809265137],[3.515229122713208,50.999009823426604,4.199999809265137],[3.515033908188343,50.99915130995214,5],[3.5148570500314236,50.99927234463394,4.800000190734863],[3.514685472473502,50.99943486973643,4],[3.5146209318190813,50.99951139651239,3.799999952316284],[3.5144830495119095,50.99967903457582,3.4000000953674316],[3.5144117195159197,50.99980543367565,3.799999952316284],[3.514291439205408,50.999989500269294,6],[3.514275597408414,51.000013053417206,6],[3.5141656268388033,51.000204076990485,6.199999809265137],[3.514121538028121,51.000277418643236,6.400000095367432],[3.51401106454432,51.00045050494373,7.800000190734863],[3.5139590967446566,51.00052518770099,8.600000381469727],[3.5138783790171146,51.00067061372101,9.800000190734863],[3.513854406774044,51.000717636197805,10],[3.5137865971773863,51.00084772333503,10],[3.513737730681896,51.00092617794871,10.399999618530273],[3.513667657971382,51.001029862090945,10.800000190734863],[3.5135638061910868,51.001208145171404,11.199999809265137],[3.5135473776608706,51.001232620328665,11.199999809265137],[3.513435646891594,51.00140964612365,10.800000190734863],[3.5134010296314955,51.00148751400411,10.199999809265137],[3.5133100021630526,51.00166562944651,9.800000190734863],[3.5132558550685644,51.00176830776036,9.600000381469727],[3.5132596269249916,51.00191390141845,9.600000381469727],[3.513521645218134,51.001982213929296,9.600000381469727],[3.513826411217451,51.0020009893924,9.800000190734863],[3.5140394791960716,51.00202060304582,9.800000190734863],[3.514340305700898,51.00204952061176,9.800000190734863],[3.51463308557868,51.0020805336535,9.399999618530273],[3.514926703646779,51.00211716257036,9.600000381469727],[3.515052432194352,51.002128310501575,9.800000190734863],[3.5153497382998466,51.002161083742976,10],[3.515476556494832,51.002175752073526,10],[3.5157792270183563,51.00220441818237,10.399999618530273],[3.5159558337181807,51.002228977158666,10.399999618530273],[3.516250289976597,51.00226057693362,10],[3.5163805447518826,51.00227516144514,10],[3.516684640198946,51.0023152269423,10],[3.5167670343071222,51.00232696160674,10],[3.5170692019164562,51.0023651830852,10.399999618530273],[3.5171971935778856,51.00238228216767,10.800000190734863],[3.5174960922449827,51.00242519751191,11],[3.517705639824271,51.00245755165815,11],[3.518002275377512,51.002496695145965,11],[3.5180439334362745,51.002502059563994,11],[3.5183428321033716,51.002545142546296,10.399999618530273],[3.518633432686329,51.00259082391858,10.199999809265137],[3.518797717988491,51.00262250751257,10.800000190734863],[3.5189648531377316,51.002650083974004,11],[3.5191793460398912,51.00268797017634,11],[3.519438849762082,51.002732729539275,11],[3.5197382513433695,51.00278997793794,11],[3.5200412571430206,51.002836329862475,10.600000381469727],[3.5202999226748943,51.00288108922541,10],[3.520593624562025,51.00293037481606,9],[3.5208898410201073,51.00300430320203,8.199999809265137],[3.521051611751318,51.00304604507983,7.599999904632568],[3.521337853744626,51.003126511350274,7.800000190734863],[3.521455368027091,51.003159284591675,8],[3.521743370220065,51.0032251663506,9.199999809265137],[3.521957192569971,51.00328325293958,9.399999618530273],[3.522042268887162,51.00334066897631,9.600000381469727],[3.5220398381352425,51.00336438976228,9.600000381469727],[3.5219349805265665,51.003485675901175,10],[3.5217945836484432,51.00365683436394,10.600000381469727],[3.5216334834694862,51.003831094130874,10.800000190734863],[3.521473053842783,51.0040024202317,10.199999809265137],[3.5214472375810146,51.00402748212218,10.199999809265137],[3.5212822817265987,51.00419830530882,10.600000381469727],[3.5212120413780212,51.004267958924174,10.399999618530273],[3.521056557074189,51.00443383678794,9.399999618530273],[3.5210120491683483,51.004481529816985,9],[3.520842734724283,51.004646653309464,8.800000190734863],[3.520799148827791,51.00469342432916,8.399999618530273],[3.5206429939717054,51.00481957197189,7.400000095367432],[3.5205513797700405,51.00490146316588,7],[3.520443420857191,51.00498880259693,7.400000095367432],[3.5202467814087868,51.00512467324734,8],[3.520227335393429,51.00514789111912,8.199999809265137],[3.5200973320752382,51.00532902404666,8.399999618530273],[3.520029941573739,51.00543522275984,8],[3.5199081525206566,51.005612751469016,8.199999809265137],[3.5198595374822617,51.00569296628237,8],[3.5197382513433695,51.005872171372175,8],[3.5196752194315195,51.00598038174212,8],[3.519562231376767,51.00615271367133,7.400000095367432],[3.519515208899975,51.00622999481857,7],[3.5194080881774426,51.00640743970871,7.599999904632568],[3.5193742252886295,51.00645722821355,7.800000190734863],[3.5192666854709387,51.00663903169334,9],[3.5191839560866356,51.0067655146122,9],[3.5190738178789616,51.00694505497813,9],[3.519008858129382,51.007017474621534,9.399999618530273],[3.5188399627804756,51.00718921981752,10.199999809265137],[3.518754718825221,51.00728301331401,10.600000381469727],[3.518599569797516,51.00745056755841,12.399999618530273],[3.5185533855110407,51.00749624893069,12.399999618530273],[3.5185310896486044,51.00751963444054,12.600000381469727],[3.51836278103292,51.007682075724006,13],[3.518269155174494,51.007746532559395,12.800000190734863],[3.5179903730750084,51.00784786976874,11.399999618530273],[3.517948128283024,51.00785759277642,11.199999809265137],[3.517664736136794,51.00793453864753,9.600000381469727],[3.517545461654663,51.00797452032566,9.199999809265137],[3.5173094272613525,51.008117347955704,8.199999809265137],[3.5172237642109394,51.00827174261212,8],[3.5173416137695312,51.008384227752686,8.399999618530273],[3.5175903886556625,51.008501490578055,9.600000381469727],[3.517630621790886,51.00852043367922,9.800000190734863],[3.5178654827177525,51.00860886275768,10.800000190734863],[3.5179826617240906,51.008650939911604,11],[3.518272591754794,51.00874406285584,11.800000190734863],[3.5183579195290804,51.00876493379474,11.800000190734863],[3.5185237135738134,51.008811201900244,11],[3.5186956264078617,51.008837688714266,10.399999618530273],[3.5188195947557688,51.00886627100408,9.800000190734863],[3.5190765000879765,51.008927039802074,8.800000190734863],[3.5193633288145065,51.00899945944548,9],[3.5195309668779373,51.00902552716434,9],[3.519822908565402,51.00909342058003,8.800000190734863],[3.5199511516839266,51.009125439450145,8.600000381469727],[3.520251391455531,51.009163074195385,8.399999618530273],[3.5202959831804037,51.00916491821408,8.399999618530273],[3.5205045249313116,51.00917656905949,8.800000190734863],[3.5207298304885626,51.00919945165515,9.600000381469727],[3.5210350155830383,51.00922107696533,9],[3.521119924262166,51.00922828540206,9.199999809265137],[3.5214323177933693,51.00924739614129,9],[3.5216455534100533,51.00927195511758,8.199999809265137],[3.5219432786107063,51.00932543165982,8],[3.522112676873803,51.00935719907284,8.199999809265137],[3.522397158667445,51.009405897930264,9],[3.522641072049737,51.00945216603577,10],[3.5229333490133286,51.00950497202575,11.600000381469727],[3.5229740012437105,51.00951452739537,11.600000381469727],[3.523223614320159,51.00956657901406,11.399999618530273],[3.523306008428335,51.00958686321974,11.199999809265137],[3.5235879756510258,51.00964168086648,10.199999809265137],[3.523833816871047,51.009697169065475,9.399999618530273],[3.5241181310266256,51.00977302528918,9],[3.5243669897317886,51.00983664393425,9],[3.524638060480356,51.0099202953279,8.600000381469727],[3.524805950000882,51.009964384138584,8.600000381469727],[3.5250750090926886,51.010045520961285,8.600000381469727],[3.525200318545103,51.010118862614036,8.199999809265137],[3.5253789369016886,51.010269401595,7.400000095367432],[3.5254696290940046,51.01036378182471,7],[3.52566828019917,51.01050853729248,7.400000095367432],[3.5256982035934925,51.01052806712687,7.400000095367432],[3.525943960994482,51.010655388236046,8.399999618530273],[3.5260165482759476,51.01068455725908,8.600000381469727],[3.5262648202478886,51.010780865326524,9.800000190734863],[3.5263349767774343,51.01081732660532,10.199999809265137],[3.526566820219159,51.010951437056065,11.600000381469727],[3.5267000924795866,51.011019414290786,12.199999809265137],[3.526913244277239,51.011152267456055,12.800000190734863],[3.527008965611458,51.01119752973318,12.800000190734863],[3.5272363666445017,51.01133122108877,11.399999618530273],[3.527369387447834,51.01139768958092,10.399999618530273],[3.527428898960352,51.01143507286906,10],[3.5276153963059187,51.01154596544802,8.800000190734863],[3.5276454873383045,51.01156499236822,8.600000381469727],[3.527709608897567,51.01160120218992,8.199999809265137],[3.5277668572962284,51.011641938239336,7.800000190734863],[3.5278448089957237,51.011714274063706,7],[3.528054691851139,51.011866237968206,5.599999904632568],[3.528080089017749,51.01188853383064,5.400000095367432],[3.5282668378204107,51.01203253492713,5.199999809265137],[3.5283275227993727,51.01207301951945,5],[3.5285550076514482,51.01220352575183,7.400000095367432],[3.5285867750644684,51.01222020573914,7.800000190734863],[3.528815433382988,51.01235222071409,9],[3.5288724303245544,51.01239521987736,9],[3.5290437564253807,51.012557074427605,9],[3.529137298464775,51.01265178993344,9],[3.5293076187372208,51.012811129912734,8.399999618530273],[3.529365872964263,51.01288614794612,8.199999809265137],[3.529479531571269,51.013072645291686,8],[3.5294935293495655,51.01310030557215,8.199999809265137],[3.5296351835131645,51.013267021626234,8.399999618530273],[3.5296817868947983,51.013313038274646,8.399999618530273],[3.529866859316826,51.01347791031003,9],[3.5299441404640675,51.013541193678975,9.399999618530273],[3.530089817941189,51.01370170712471,9.399999618530273],[3.5301308054476976,51.013749400153756,9.399999618530273],[3.5302241798490286,51.01384989917278,9.399999618530273],[3.5303440410643816,51.01396615616977,9.399999618530273],[3.5303711146116257,51.013990715146065,9.399999618530273],[3.5305781476199627,51.01414033211768,9.600000381469727],[3.5306349769234657,51.01418458856642,9.800000190734863],[3.5308491345494986,51.01432817056775,10],[3.5309698339551687,51.01440662518144,10],[3.5311943851411343,51.0145502910018,10],[3.5312605183571577,51.014580968767405,10],[3.5314938705414534,51.01470644585788,9.600000381469727],[3.5315610095858574,51.01474039256573,9.399999618530273],[3.5317550506442785,51.01484801620245,9],[3.5319604072719812,51.01496335119009,9],[3.5320584755390882,51.01500886492431,9],[3.5320923384279013,51.01502085104585,9],[3.5322989523410797,51.015115482732654,9],[3.5325652454048395,51.015229392796755,8.800000190734863],[3.532730033621192,51.015281695872545,9],[3.532986855134368,51.015333496034145,9],[3.533031865954399,51.0153394471854,9.199999809265137],[3.5332514718174934,51.01537272334099,9.800000190734863],[3.5333795472979546,51.01539870724082,10],[3.533662687987089,51.015467857941985,9.800000190734863],[3.5338201001286507,51.01551303640008,9.600000381469727],[3.5341066773980856,51.01558486931026,9.399999618530273],[3.53415185585618,51.01559274829924,9.399999618530273],[3.5344261955469847,51.01568017154932,9],[3.5346975177526474,51.015770779922605,7.599999904632568],[3.5349754616618156,51.01585459895432,6.400000095367432],[3.535046624019742,51.01588427089155,6.199999809265137],[3.5353247355669737,51.015968676656485,6.199999809265137],[3.5353638790547848,51.01598376408219,6.199999809265137],[3.5356320161372423,51.016090884804726,6.400000095367432],[3.535751039162278,51.01613078266382,6.400000095367432],[3.535832343623042,51.01615156978369,6.400000095367432],[3.536093607544899,51.016258941963315,6.800000190734863],[3.536134008318186,51.01626900024712,7],[3.5363575536757708,51.01633823476732,6.599999904632568],[3.53639661334455,51.01634946651757,6.599999904632568],[3.536560060456395,51.01638542488217,7.599999904632568],[3.5367937479168177,51.01645231246948,8],[3.537096669897437,51.016530683264136,8.600000381469727],[3.5371407587081194,51.01653831079602,8.600000381469727],[3.537445105612278,51.01658022031188,9.800000190734863],[3.5375345405191183,51.0165826510638,10],[3.5378367081284523,51.01660427637398,10],[3.537923963740468,51.0166138317436,10],[3.538220012560487,51.01663797162473,9.800000190734863],[3.5383532010018826,51.01667367853224,9.600000381469727],[3.5386303067207336,51.01676696911454,10],[3.538673808798194,51.016777865588665,10],[3.5389525070786476,51.01686403155327,10],[3.5390244238078594,51.01688750088215,10.199999809265137],[3.5390642378479242,51.01690175011754,10.199999809265137],[3.5393271781504154,51.01699227467179,10.399999618530273],[3.539371183142066,51.0170039255172,10.399999618530273],[3.5394090693444014,51.01702278479934,10.199999809265137],[3.5396938864141703,51.01708539761603,9.199999809265137],[3.5399885941296816,51.01714666932821,10],[3.540033772587776,51.01714113727212,10],[3.5402777697890997,51.01706385612488,9],[3.5405478347092867,51.01699847728014,9.600000381469727],[3.5405917558819056,51.016997806727886,9.600000381469727],[3.540893504396081,51.017041224986315,9.800000190734863],[3.541156444698572,51.01713862270117,10],[3.541413936764002,51.01722562685609,10.600000381469727],[3.541457438841462,51.01723903790116,10.399999618530273],[3.5416985023766756,51.017369544133544,10],[3.541968986392021,51.01744816638529,10],[3.5422666277736425,51.01751463487744,10],[3.542483299970627,51.017527962103486,10],[3.5426197573542595,51.01753399707377,9.600000381469727],[3.542847828939557,51.0175393614918,9.399999618530273],[3.5428417939692736,51.01754036732018,9.399999618530273],[3.5427644290030003,51.01753206923604,9.399999618530273],[3.54269502684474,51.01751656271517,9.399999618530273],[3.542393194511533,51.01748798042536,10],[3.542203428223729,51.017479095607996,10],[3.5421402286738157,51.017518155276775,10],[3.5421356186270714,51.01757464930415,10],[3.542239721864462,51.01773692294955,9.600000381469727],[3.5422589164227247,51.01776659488678,9.399999618530273],[3.5423705633729696,51.01788679137826,8.600000381469727],[3.5424484312534332,51.01798251271248,8],[3.542575668543577,51.01816431619227,6.800000190734863],[3.542674407362938,51.01832700893283,6],[3.5426986310631037,51.01852457039058,5.400000095367432],[3.542662337422371,51.0187273286283,5.199999809265137],[3.5426319111138582,51.01891650818288,5.599999904632568],[3.542618416249752,51.019000159576535,5.800000190734863],[3.5426003951579332,51.01919453591108,7.199999809265137],[3.5425935219973326,51.0192490182817,7.599999904632568],[3.5425568092614412,51.01944213733077,9.199999809265137],[3.5425384528934956,51.01954959332943,10.399999618530273],[3.5425139777362347,51.01973734796047,10.399999618530273],[3.542490005493164,51.01992644369602,9.399999618530273],[3.5424863174557686,51.01995209231973,9.199999809265137],[3.5424495209008455,51.02014470845461,7],[3.5424394626170397,51.02022768929601,7],[3.542418507859111,51.02042441256344,7],[3.542415574193001,51.02047738619149,7.400000095367432],[3.54242580011487,51.02067687548697,8.800000190734863],[3.5424422286450863,51.02073068730533,9.199999809265137],[3.542503835633397,51.020932607352734,10.600000381469727],[3.542521856725216,51.02098507806659,11],[3.5425682086497545,51.021167719736695,9.800000190734863],[3.5426024068146944,51.02137173525989,8.399999618530273],[3.542636688798666,51.02151053957641,7.599999904632568],[3.5426884051412344,51.0216355137527,7.599999904632568],[3.5427535325288773,51.021792674437165,7.800000190734863],[3.5428432188928127,51.02198495529592,8.399999618530273],[3.542899712920189,51.02212778292596,8.399999618530273],[3.5429678577929735,51.02226348593831,7.800000190734863],[3.542995685711503,51.02234747260809,7.400000095367432],[3.5430311411619186,51.022430788725615,7.199999809265137],[3.5431132838129997,51.02262700907886,7],[3.5431378427892923,51.0227077268064,7.199999809265137],[3.543169694021344,51.022903360426426,7.400000095367432],[3.543177740648389,51.02298843674362,7.599999904632568],[3.5432058200240135,51.023189099505544,9],[3.5432175546884537,51.02330476976931,9.399999618530273],[3.5432700254023075,51.0234762635082,10],[3.5433057323098183,51.023556059226394,9.800000190734863],[3.5433866176754236,51.023740377277136,9],[3.5434401780366898,51.023847414180636,8.600000381469727],[3.5435136035084724,51.02402594871819,8],[3.5435909684747458,51.02416014298797,8.399999618530273],[3.543693646788597,51.02433389984071,9.199999809265137],[3.5437309462577105,51.024383353069425,9.399999618530273],[3.543849717825651,51.02457085624337,10],[3.5439295135438442,51.0246988479048,10.199999809265137],[3.5440413281321526,51.024883668869734,10.399999618530273],[3.544108299538493,51.02498576045036,10.199999809265137],[3.5442224610596895,51.025167563930154,10],[3.5442560724914074,51.02522171102464,10],[3.5443200264126062,51.02532975375652,10],[3.544393116608262,51.02550736628473,10],[3.5444530472159386,51.02563435211778,10],[3.544476768001914,51.025688080117106,10],[3.544536279514432,51.025882540270686,9.800000190734863],[3.544602831825614,51.02607146836817,9.399999618530273],[3.5446475073695183,51.02626291103661,9.399999618530273],[3.54466762393713,51.0264603048563,10.800000190734863],[3.544667372480035,51.02656583301723,11.199999809265137],[3.544648513197899,51.02675501257181,11.800000190734863],[3.5446097888052464,51.02686238475144,12.199999809265137],[3.544572740793228,51.02705307304859,12.399999618530273],[3.544561257585883,51.02716639637947,12.399999618530273],[3.544540386646986,51.027310229837894,12.399999618530273],[3.544523874297738,51.027414333075285,12.199999809265137],[3.5445128101855516,51.02749605663121,12.199999809265137],[3.544505350291729,51.02755288593471,12.199999809265137],[3.544482383877039,51.027636621147394,12],[3.5444795340299606,51.02766092866659,12],[3.544467631727457,51.027861926704645,10.399999618530273],[3.544438211247325,51.02797198109329,10],[3.5444477666169405,51.028060326352715,10],[3.5444342717528343,51.02817482315004,10],[3.5444292426109314,51.02822829969227,10],[3.54441549628973,51.02839568629861,9.800000190734863],[3.5444074496626854,51.028592912480235,9.800000190734863],[3.544373670592904,51.028757616877556,9.800000190734863],[3.5443617682904005,51.02883950807154,10],[3.5443444177508354,51.029035141691566,10.600000381469727],[3.5443350300192833,51.02915106341243,9.800000190734863],[3.5443237144500017,51.02926069870591,9],[3.5443155840039253,51.02935231290758,8.399999618530273],[3.544315081089735,51.02941215969622,8.399999618530273],[3.5443004965782166,51.02957870811224,9],[3.544282056391239,51.02974517270923,9.600000381469727],[3.544274512678385,51.0299433209002,10],[3.5442742612212896,51.03005697950721,10],[3.5442713275551796,51.0302438121289,10],[3.5442554019391537,51.03032235056162,9.600000381469727],[3.5442491993308067,51.030349005013704,9.600000381469727],[3.544227574020624,51.030432069674134,9.199999809265137],[3.5442053619772196,51.03063357062638,8.399999618530273],[3.5441746842116117,51.030736584216356,8.199999809265137],[3.54422053322196,51.030812188982964,8.399999618530273],[3.5444189328700304,51.03097831830382,9],[3.5445787757635117,51.03114218451083,10.399999618530273],[3.5446312464773655,51.03119038045406,10.600000381469727],[3.544750940054655,51.031313091516495,11.399999618530273],[3.544780109077692,51.031341003254056,11.600000381469727],[3.54497448541224,51.031470419839025,12.600000381469727],[3.545103231444955,51.03157536126673,12.800000190734863],[3.5451842844486237,51.03164593689144,12.800000190734863],[3.545396514236927,51.03179899044335,12.600000381469727],[3.545431215316057,51.03181701153517,12.600000381469727],[3.5456311237066984,51.03194525465369,12.399999618530273],[3.545828852802515,51.032110964879394,13],[3.546093972399831,51.03218195959926,12.399999618530273],[3.546139905229211,51.032190676778555,12.199999809265137],[3.546435283496976,51.03226334787905,12.399999618530273],[3.5464771930128336,51.03227550163865,12.399999618530273],[3.546739462763071,51.03234331123531,12],[3.547038361430168,51.03238329291344,11.600000381469727],[3.5473023913800716,51.032403660938144,10.600000381469727],[3.547481345012784,51.03242872282863,10],[3.547522919252515,51.03243995457888,9.800000190734863],[3.547567930072546,51.03244699537754,10],[3.5478737857192755,51.03250063955784,10],[3.547915779054165,51.032509775832295,10],[3.548211744055152,51.03256048634648,10.800000190734863],[3.548322804272175,51.03260658681393,11],[3.548359014093876,51.032626535743475,11],[3.5485451761633158,51.03266827762127,11],[3.5487502813339233,51.03275762870908,11],[3.549036355689168,51.03282258845866,10.600000381469727],[3.549077343195677,51.032836670055985,10.600000381469727],[3.549299379810691,51.03292912244797,10.600000381469727],[3.5493259504437447,51.03294731117785,10.600000381469727],[3.549390910193324,51.0330605506897,11.199999809265137],[3.549398873001337,51.03321846574545,12.199999809265137],[3.5493868868798018,51.03339641354978,12.199999809265137],[3.549365848302841,51.03357084095478,12.399999618530273],[3.5493324883282185,51.03360990062356,12.399999618530273],[3.5493266209959984,51.033680057153106,12.199999809265137],[3.5493584722280502,51.03372573852539,12.199999809265137],[3.549359142780304,51.03373982012272,12],[3.549392418935895,51.033857418224216,11.600000381469727],[3.5494287125766277,51.03403989225626,10.800000190734863],[3.5494360886514187,51.03409445844591,11],[3.5495173931121826,51.03421188890934,11],[3.549543209373951,51.03427886031568,11],[3.549585873261094,51.03447332046926,11],[3.5496137849986553,51.03453056886792,11],[3.549754349514842,51.03471069596708,11],[3.5498528368771076,51.0348096024245,11],[3.549946378916502,51.034981263801455,11.399999618530273],[3.5500351432710886,51.035073632374406,11.800000190734863],[3.5501830000430346,51.035259710624814,12],[3.5501700080931187,51.035457691177726,11.800000190734863],[3.550222059711814,51.035636560991406,11.199999809265137],[3.5502280946820974,51.035658521577716,11.199999809265137],[3.55024142190814,51.0358701646328,11],[3.5502457804977894,51.03590017184615,11],[3.550302190706134,51.035965299233794,11],[3.550321301445365,51.03598918765783,11],[3.550370167940855,51.03607459925115,11.199999809265137],[3.5505190305411816,51.03625288233161,11.800000190734863],[3.5505875945091248,51.03632999584079,12],[3.5506351199001074,51.03638028725982,12],[3.5508123971521854,51.03654373437166,12],[3.550858162343502,51.03659687563777,12],[3.550850870087743,51.03671254590154,12],[3.550735954195261,51.03683567605913,12.399999618530273],[3.5507092997431755,51.03697934187949,12.399999618530273],[3.5505186952650547,51.03707045316696,12],[3.5502679087221622,51.03718972764909,12],[3.5500063095241785,51.03730330243707,11.199999809265137],[3.5497644916176796,51.03743196465075,10.800000190734863],[3.5495080053806305,51.03755425661802,10],[3.5494325682520866,51.03758258745074,10],[3.5491796862334013,51.03768099099398,10],[3.5491449013352394,51.03769809007645,10],[3.5489013232290745,51.03782423771918,10.600000381469727],[3.548795711249113,51.03787989355624,10.800000190734863],[3.5485450085252523,51.03800696320832,10.399999618530273],[3.548476528376341,51.03804652579129,10],[3.54840025305748,51.03814727626741,9.399999618530273],[3.5484904423356056,51.03829488158226,9.600000381469727],[3.5485853254795074,51.03848389349878,9.800000190734863],[3.5485973116010427,51.038540890440345,9.600000381469727],[3.5486294142901897,51.03873610496521,9.199999809265137],[3.5486305877566338,51.03879217989743,8.800000190734863],[3.548654308542609,51.03899896144867,8.199999809265137],[3.548685573041439,51.03919878602028,7.400000095367432],[3.5486851539462805,51.0393135342747,7],[3.5486833099275827,51.039514783769846,7],[3.5486838966608047,51.03957320563495,7],[3.54870418086648,51.039762469008565,7],[3.5487060248851776,51.03984276764095,7],[3.5487232077866793,51.04004426859319,7.599999904632568],[3.5487330984324217,51.04013211093843,8],[3.548756903037429,51.040254067629576,8],[3.548791855573654,51.04045615531504,8.399999618530273],[3.5488241259008646,51.04065899737179,9],[3.548854300752282,51.04080140590668,9],[3.5489102080464363,51.04100299067795,9],[3.5489234514534473,51.041090497747064,8.600000381469727],[3.548965025693178,51.041291914880276,7.800000190734863],[3.5489825438708067,51.04140708222985,7.800000190734863],[3.5490141436457634,51.04160632006824,7.599999904632568],[3.5490265488624573,51.04168703779578,7.599999904632568],[3.549062004312873,51.04188971221447,7.400000095367432],[3.549088826403022,51.04205835610628,7.199999809265137],[3.5491192527115345,51.0422523971647,7],[3.5491454880684614,51.04244736023247,7.199999809265137],[3.5491554625332355,51.04250351898372,7.400000095367432],[3.549192426726222,51.042703511193395,8.199999809265137],[3.5492008086293936,51.042812056839466,8.600000381469727],[3.5492279659956694,51.04300970211625,8.800000190734863],[3.549239533022046,51.04309268295765,8.800000190734863],[3.5492603201419115,51.043296195566654,9],[3.5492783412337303,51.04346157051623,9],[3.549303403124213,51.04365770705044,8.800000190734863],[3.549304073676467,51.04373909533024,9],[3.5492939315736294,51.04392835870385,8],[3.549290243536234,51.04401485994458,7.400000095367432],[3.549300469458103,51.04421216994524,6.400000095367432],[3.549330560490489,51.04434795677662,5.400000095367432],[3.5494028124958277,51.04454736225307,5.199999809265137],[3.5494930017739534,51.04473855346441,5.599999904632568],[3.549598027020693,51.04492915794253,6.199999809265137],[3.549660975113511,51.04506536386907,6.599999904632568],[3.549724677577615,51.04526518844068,7],[3.549735741689801,51.045291759073734,7],[3.5497465543448925,51.04532034136355,7],[3.549825344234705,51.04551832191646,7],[3.549875635653734,51.04565620422363,7],[3.5499795712530613,51.04584814980626,7],[3.5500651504844427,51.04600924998522,7],[3.550164643675089,51.04620094411075,7],[3.550223484635353,51.046334551647305,7],[3.550298335030675,51.046497663483024,7],[3.5503390710800886,51.046702433377504,7.400000095367432],[3.550332197919488,51.046817768365145,7.800000190734863],[3.5502363089472055,51.04697962291539,8.600000381469727],[3.550167912617326,51.04716402478516,10],[3.550105383619666,51.04736242443323,11],[3.550072191283107,51.04747365228832,11],[3.5500602051615715,51.04752654209733,11],[3.5500001069158316,51.047725109383464,10.399999618530273],[3.5499512404203415,51.047931388020515,8.800000190734863],[3.549938416108489,51.04799123480916,8.600000381469727],[3.549894830211997,51.048186952248216,8],[3.5498631466180086,51.04830010794103,8],[3.5497607197612524,51.04848610237241,8],[3.5497250128537416,51.04853522032499,8.199999809265137],[3.5496516712009907,51.04872900992632,8.800000190734863],[3.5496546048671007,51.048787431791425,9],[3.5497205704450607,51.0489890165627,8.199999809265137],[3.549743201583624,51.049047941341996,8],[3.5497162956744432,51.04921801015735,8],[3.5495486576110125,51.049319515004754,9.399999618530273],[3.549327626824379,51.04946108534932,11],[3.549320502206683,51.049489080905914,11],[3.5493636690080166,51.04970131069422,10.600000381469727],[3.5494152177125216,51.04989887215197,10],[3.5494531877338886,51.05002434924245,9.399999618530273],[3.549536755308509,51.050214283168316,8.800000190734863],[3.5495805088430643,51.05033230036497,8.199999809265137],[3.5496558621525764,51.05052315630019,7],[3.549682516604662,51.050578728318214,6.800000190734863],[3.5497765615582466,51.05076874606311,5.599999904632568],[3.5498440358787775,51.05090553872287,4.599999904632568],[3.5498964227735996,51.05109807103872,4],[3.5500037111341953,51.05128272436559,4.199999809265137],[3.5500268451869488,51.0513065289706,4.400000095367432],[3.5502042062580585,51.05146888643503,5.400000095367432],[3.5502863489091396,51.0515414737165,6],[3.5504642128944397,51.05171129107475,6.599999904632568],[3.55056194588542,51.051807599142194,7],[3.550704773515463,51.05192796327174,7],[3.5508362855762243,51.0520092677325,7],[3.551092017441988,51.05208897963166,7],[3.551134681329131,51.05210155248642,7],[3.5513013135641813,51.05214547365904,7.599999904632568],[3.5514771658927202,51.052187383174896,8],[3.5517893079668283,51.052238596603274,8.399999618530273],[3.551921406760812,51.05224915780127,8.600000381469727],[3.552229106426239,51.05228369124234,8.399999618530273],[3.552318038418889,51.05229492299259,8.600000381469727],[3.552537225186825,51.052321661263704,9],[3.5526674799621105,51.052338341251016,9],[3.552797818556428,51.052355356514454,9],[3.553072242066264,51.05238838121295,9],[3.553241891786456,51.05241738259792,8.600000381469727],[3.5535462386906147,51.05248888023198,8.399999618530273],[3.553798785433173,51.052557695657015,8.600000381469727],[3.553963741287589,51.05261066928506,8.800000190734863],[3.554249396547675,51.05270463041961,8.800000190734863],[3.554550725966692,51.05278015136719,8.800000190734863],[3.5548575036227703,51.052854750305414,8.600000381469727],[3.5549508780241013,51.0528674069792,8.199999809265137],[3.55526989325881,51.052903868258,8],[3.555398639291525,51.052917866036296,8],[3.555714972317219,51.052922727540135,8.600000381469727],[3.5557500924915075,51.052917279303074,8.600000381469727],[3.55602920986712,51.05286296457052,9.600000381469727],[3.55613574385643,51.05283597484231,10.399999618530273],[3.5564027912914753,51.05277772061527,11],[3.5564773064106703,51.052759448066354,11.199999809265137],[3.556762794032693,51.05271586216986,12.199999809265137],[3.5568860080093145,51.05271284468472,11.800000190734863],[3.557065799832344,51.05275240726769,11.600000381469727],[3.557216003537178,51.05287645943463,11],[3.55731432326138,51.05305675417185,11.199999809265137],[3.557365369051695,51.05315012857318,11.399999618530273],[3.55746285058558,51.05332799255848,11.800000190734863],[3.5575165785849094,51.05343100614846,12],[3.557624537497759,51.05360786430538,11.600000381469727],[3.5576735716313124,51.053691850975156,11.199999809265137],[3.557686898857355,51.053712805733085,11.199999809265137],[3.557817153632641,51.05389033444226,9.800000190734863],[3.5579626634716988,51.054061241447926,8.600000381469727],[3.5579854622483253,51.05409191921353,8.600000381469727],[3.5580558702349663,51.05416551232338,8.600000381469727],[3.5581517592072487,51.05427732691169,8.199999809265137],[3.558369604870677,51.054391991347075,8],[3.558655008673668,51.05438964441419,8.600000381469727],[3.5588472057133913,51.054327450692654,9.800000190734863],[3.5591334477066994,51.05423843488097,10.600000381469727],[3.559177704155445,51.0542213357985,10.399999618530273],[3.5592645406723022,51.05418864637613,10.199999809265137],[3.559529911726713,51.05410994030535,9.600000381469727],[3.5595749225467443,51.05409602634609,9.399999618530273],[3.5598378628492355,51.05402519926429,8.600000381469727],[3.5600664373487234,51.05396426282823,8],[3.5603758972138166,51.053874995559454,8.199999809265137],[3.560409424826503,51.053866278380156,8.399999618530273]]}}
  ]
}
