{
  "type": "FeatureCollection",
  "features": [
    {"type":"Feature","properties":{"_gpxType":"trk","name":"Ghent Marathon","type":"running","time":"2024-03-24T09:25:38.000Z","coordinateProperties":{"times":["2024-03-24T09:25:38.000Z","2024-03-24T09:25:39.000Z","2024-03-24T09:25:44.000Z","2024-03-24T09:25:51.000Z","2024-03-24T09:25:58.000Z","2024-03-24T09:26:00.000Z","2024-03-24T09:26:06.000Z","2024-03-24T09:26:10.000Z","2024-03-24T09:26:13.000Z","2024-03-24T09:26:18.000Z","2024-03-24T09:26:19.000Z","2024-03-24T09:26:22.000Z","2024-03-24T09:26:26.000Z","2024-03-24T09:26:32.000Z","2024-03-24T09:26:33.000Z","2024-03-24T09:26:40.000Z","2024-03-24T09:26:43.000Z","2024-03-24T09:26:51.000Z","2024-03-24T09:26:53.000Z","2024-03-24T09:27:00.000Z","2024-03-24T09:27:03.000Z","2024-03-24T09:27:11.000Z","2024-03-24T09:27:13.000Z","2024-03-24T09:27:21.000Z","2024-03-24T09:27:23.000Z","2024-03-24T09:27:31.000Z","2024-03-24T09:27:34.000Z","2024-03-24T09:27:41.000Z","2024-03-24T09:27:44.000Z","2024-03-24T09:27:51.000Z","2024-03-24T09:27:55.000Z","2024-03-24T09:28:03.000Z","2024-03-24T09:28:04.000Z","2024-03-24T09:28:05.000Z","2024-03-24T09:28:06.000Z","2024-03-24T09:28:13.000Z","2024-03-24T09:28:14.000Z","2024-03-24T09:28:22.000Z","2024-03-24T09:28:23.000Z","2024-03-24T09:28:30.000Z","2024-03-24T09:28:32.000Z","2024-03-24T09:28:37.000Z","2024-03-24T09:28:41.000Z","2024-03-24T09:28:42.000Z","2024-03-24T09:28:49.000Z","2024-03-24T09:28:52.000Z","2024-03-24T09:29:00.000Z","2024-03-24T09:29:05.000Z","2024-03-24T09:29:12.000Z","2024-03-24T09:29:16.000Z","2024-03-24T09:29:17.000Z","2024-03-24T09:29:23.000Z","2024-03-24T09:29:30.000Z","2024-03-24T09:29:35.000Z","2024-03-24T09:29:43.000Z","2024-03-24T09:29:51.000Z","2024-03-24T09:29:52.000Z","2024-03-24T09:29:55.000Z","2024-03-24T09:30:02.000Z","2024-03-24T09:30:07.000Z","2024-03-24T09:30:14.000Z","2024-03-24T09:30:18.000Z","2024-03-24T09:30:25.000Z","2024-03-24T09:30:26.000Z","2024-03-24T09:30:33.000Z","2024-03-24T09:30:36.000Z","2024-03-24T09:30:43.000Z","2024-03-24T09:30:45.000Z","2024-03-24T09:30:46.000Z","2024-03-24T09:30:49.000Z","2024-03-24T09:30:52.000Z","2024-03-24T09:30:54.000Z","2024-03-24T09:30:57.000Z","2024-03-24T09:30:58.000Z","2024-03-24T09:31:00.000Z","2024-03-24T09:31:05.000Z","2024-03-24T09:31:11.000Z","2024-03-24T09:31:18.000Z","2024-03-24T09:31:25.000Z","2024-03-24T09:31:26.000Z","2024-03-24T09:31:28.000Z","2024-03-24T09:31:35.000Z","2024-03-24T09:31:41.000Z","2024-03-24T09:31:45.000Z","2024-03-24T09:31:52.000Z","2024-03-24T09:31:54.000Z","2024-03-24T09:32:01.000Z","2024-03-24T09:32:03.000Z","2024-03-24T09:32:04.000Z","2024-03-24T09:32:11.000Z","2024-03-24T09:32:18.000Z","2024-03-24T09:32:21.000Z","2024-03-24T09:32:28.000Z","2024-03-24T09:32:32.000Z","2024-03-24T09:32:40.000Z","2024-03-24T09:32:47.000Z","2024-03-24T09:32:48.000Z","2024-03-24T09:32:55.000Z","2024-03-24T09:33:02.000Z","2024-03-24T09:33:10.000Z","2024-03-24T09:33:12.000Z","2024-03-24T09:33:19.000Z","2024-03-24T09:33:20.000Z","2024-03-24T09:33:25.000Z","2024-03-24T09:33:31.000Z","2024-03-24T09:33:39.000Z","2024-03-24T09:33:42.000Z","2024-03-24T09:33:46.000Z","2024-03-24T09:33:49.000Z","2024-03-24T09:33:50.000Z","2024-03-24T09:33:55.000Z","2024-03-24T09:34:02.000Z","2024-03-24T09:34:03.000Z","2024-03-24T09:34:08.000Z","2024-03-24T09:34:10.000Z","2024-03-24T09:34:11.000Z","2024-03-24T09:34:19.000Z","2024-03-24T09:34:20.000Z","2024-03-24T09:34:27.000Z","2024-03-24T09:34:28.000Z","2024-03-24T09:34:35.000Z","2024-03-24T09:34:37.000Z","2024-03-24T09:34:44.000Z","2024-03-24T09:34:45.000Z","2024-03-24T09:34:50.000Z","2024-03-24T09:34:52.000Z","2024-03-24T09:34:53.000Z","2024-03-24T09:34:54.000Z","2024-03-24T09:35:01.000Z","2024-03-24T09:35:03.000Z","2024-03-24T09:35:11.000Z","2024-03-24T09:35:12.000Z","2024-03-24T09:35:20.000Z","2024-03-24T09:35:22.000Z","2024-03-24T09:35:29.000Z","2024-03-24T09:35:36.000Z","2024-03-24T09:35:43.000Z","2024-03-24T09:35:44.000Z","2024-03-24T09:35:51.000Z","2024-03-24T09:35:57.000Z","2024-03-24T09:36:04.000Z","2024-03-24T09:36:05.000Z","2024-03-24T09:36:08.000Z","2024-03-24T09:36:11.000Z","2024-03-24T09:36:14.000Z","2024-03-24T09:36:21.000Z","2024-03-24T09:36:22.000Z","2024-03-24T09:36:29.000Z","2024-03-24T09:36:32.000Z","2024-03-24T09:36:39.000Z","2024-03-24T09:36:40.000Z","2024-03-24T09:36:47.000Z","2024-03-24T09:36:48.000Z","2024-03-24T09:36:56.000Z","2024-03-24T09:37:02.000Z","2024-03-24T09:37:06.000Z","2024-03-24T09:37:07.000Z","2024-03-24T09:37:08.000Z","2024-03-24T09:37:10.000Z","2024-03-24T09:37:17.000Z","2024-03-24T09:37:18.000Z","2024-03-24T09:37:22.000Z","2024-03-24T09:37:23.000Z","2024-03-24T09:37:27.000Z","2024-03-24T09:37:33.000Z","2024-03-24T09:37:36.000Z","2024-03-24T09:37:44.000Z","2024-03-24T09:37:50.000Z","2024-03-24T09:37:53.000Z","2024-03-24T09:37:55.000Z","2024-03-24T09:38:01.000Z","2024-03-24T09:38:02.000Z","2024-03-24T09:38:08.000Z","2024-03-24T09:38:09.000Z","2024-03-24T09:38:16.000Z","2024-03-24T09:38:17.000Z","2024-03-24T09:38:24.000Z","2024-03-24T09:38:27.000Z","2024-03-24T09:38:35.000Z","2024-03-24T09:38:36.000Z","2024-03-24T09:38:43.000Z","2024-03-24T09:38:47.000Z","2024-03-24T09:38:54.000Z","2024-03-24T09:39:01.000Z","2024-03-24T09:39:03.000Z","2024-03-24T09:39:10.000Z","2024-03-24T09:39:17.000Z","2024-03-24T09:39:21.000Z","2024-03-24T09:39:28.000Z","2024-03-24T09:39:35.000Z","2024-03-24T09:39:37.000Z","2024-03-24T09:39:42.000Z","2024-03-24T09:39:44.000Z","2024-03-24T09:39:52.000Z","2024-03-24T09:39:59.000Z","2024-03-24T09:40:06.000Z","2024-03-24T09:40:09.000Z","2024-03-24T09:40:12.000Z","2024-03-24T09:40:14.000Z","2024-03-24T09:40:22.000Z","2024-03-24T09:40:25.000Z","2024-03-24T09:40:31.000Z","2024-03-24T09:40:36.000Z","2024-03-24T09:40:39.000Z","2024-03-24T09:40:46.000Z","2024-03-24T09:40:48.000Z","2024-03-24T09:40:52.000Z","2024-03-24T09:40:57.000Z","2024-03-24T09:41:01.000Z","2024-03-24T09:41:04.000Z","2024-03-24T09:41:09.000Z","2024-03-24T09:41:16.000Z","2024-03-24T09:41:18.000Z","2024-03-24T09:41:25.000Z","2024-03-24T09:41:26.000Z","2024-03-24T09:41:34.000Z","2024-03-24T09:41:35.000Z","2024-03-24T09:41:43.000Z","2024-03-24T09:41:48.000Z","2024-03-24T09:41:55.000Z","2024-03-24T09:41:56.000Z","2024-03-24T09:42:02.000Z","2024-03-24T09:42:08.000Z","2024-03-24T09:42:15.000Z","2024-03-24T09:42:16.000Z","2024-03-24T09:42:17.000Z","2024-03-24T09:42:21.000Z","2024-03-24T09:42:25.000Z","2024-03-24T09:42:30.000Z","2024-03-24T09:42:32.000Z","2024-03-24T09:42:39.000Z","2024-03-24T09:42:45.000Z","2024-03-24T09:42:46.000Z","2024-03-24T09:42:53.000Z","2024-03-24T09:42:59.000Z","2024-03-24T09:43:01.000Z","2024-03-24T09:43:08.000Z","2024-03-24T09:43:09.000Z","2024-03-24T09:43:13.000Z","2024-03-24T09:43:19.000Z","2024-03-24T09:43:22.000Z","2024-03-24T09:43:25.000Z","2024-03-24T09:43:28.000Z","2024-03-24T09:43:33.000Z","2024-03-24T09:43:35.000Z","2024-03-24T09:43:38.000Z","2024-03-24T09:43:44.000Z","2024-03-24T09:43:50.000Z","2024-03-24T09:43:56.000Z","2024-03-24T09:44:03.000Z","2024-03-24T09:44:04.000Z","2024-03-24T09:44:11.000Z","2024-03-24T09:44:13.000Z","2024-03-24T09:44:19.000Z","2024-03-24T09:44:25.000Z","2024-03-24T09:44:26.000Z","2024-03-24T09:44:33.000Z","2024-03-24T09:44:36.000Z","2024-03-24T09:44:40.000Z","2024-03-24T09:44:45.000Z","2024-03-24T09:44:47.000Z","2024-03-24T09:44:48.000Z","2024-03-24T09:44:55.000Z","2024-03-24T09:45:02.000Z","2024-03-24T09:45:08.000Z","2024-03-24T09:45:13.000Z","2024-03-24T09:45:18.000Z","2024-03-24T09:45:23.000Z","2024-03-24T09:45:25.000Z","2024-03-24T09:45:33.000Z","2024-03-24T09:45:40.000Z","2024-03-24T09:45:43.000Z","2024-03-24T09:45:47.000Z","2024-03-24T09:45:53.000Z","2024-03-24T09:45:56.000Z","2024-03-24T09:45:58.000Z","2024-03-24T09:46:03.000Z","2024-03-24T09:46:10.000Z","2024-03-24T09:46:12.000Z","2024-03-24T09:46:19.000Z","2024-03-24T09:46:22.000Z","2024-03-24T09:46:29.000Z","2024-03-24T09:46:32.000Z","2024-03-24T09:46:33.000Z","2024-03-24T09:46:38.000Z","2024-03-24T09:46:45.000Z","2024-03-24T09:46:52.000Z","2024-03-24T09:46:54.000Z","2024-03-24T09:47:02.000Z","2024-03-24T09:47:03.000Z","2024-03-24T09:47:08.000Z","2024-03-24T09:47:09.000Z","2024-03-24T09:47:11.000Z","2024-03-24T09:47:16.000Z","2024-03-24T09:47:18.000Z","2024-03-24T09:47:24.000Z","2024-03-24T09:47:28.000Z","2024-03-24T09:47:32.000Z","2024-03-24T09:47:38.000Z","2024-03-24T09:47:43.000Z","2024-03-24T09:47:45.000Z","2024-03-24T09:47:52.000Z","2024-03-24T09:47:57.000Z","2024-03-24T09:48:02.000Z","2024-03-24T09:48:03.000Z","2024-03-24T09:48:09.000Z","2024-03-24T09:48:15.000Z","2024-03-24T09:48:20.000Z","2024-03-24T09:48:26.000Z","2024-03-24T09:48:33.000Z","2024-03-24T09:48:35.000Z","2024-03-24T09:48:41.000Z","2024-03-24T09:48:45.000Z","2024-03-24T09:48:48.000Z","2024-03-24T09:48:56.000Z","2024-03-24T09:48:59.000Z","2024-03-24T09:49:02.000Z","2024-03-24T09:49:06.000Z","2024-03-24T09:49:07.000Z","2024-03-24T09:49:15.000Z","2024-03-24T09:49:23.000Z","2024-03-24T09:49:29.000Z","2024-03-24T09:49:35.000Z","2024-03-24T09:49:40.000Z","2024-03-24T09:49:45.000Z","2024-03-24T09:49:46.000Z","2024-03-24T09:49:49.000Z","2024-03-24T09:49:55.000Z","2024-03-24T09:49:56.000Z","2024-03-24T09:49:57.000Z","2024-03-24T09:50:00.000Z","2024-03-24T09:50:07.000Z","2024-03-24T09:50:08.000Z","2024-03-24T09:50:15.000Z","2024-03-24T09:50:18.000Z","2024-03-24T09:50:25.000Z","2024-03-24T09:50:27.000Z","2024-03-24T09:50:35.000Z","2024-03-24T09:50:42.000Z","2024-03-24T09:50:49.000Z","2024-03-24T09:50:53.000Z","2024-03-24T09:51:05.000Z","2024-03-24T09:51:06.000Z","2024-03-24T09:51:11.000Z","2024-03-24T09:51:15.000Z","2024-03-24T09:51:20.000Z","2024-03-24T09:51:23.000Z","2024-03-24T09:51:25.000Z","2024-03-24T09:51:31.000Z","2024-03-24T09:51:36.000Z","2024-03-24T09:51:43.000Z","2024-03-24T09:51:45.000Z","2024-03-24T09:51:47.000Z","2024-03-24T09:51:54.000Z","2024-03-24T09:52:00.000Z","2024-03-24T09:52:06.000Z","2024-03-24T09:52:07.000Z","2024-03-24T09:52:12.000Z","2024-03-24T09:52:15.000Z","2024-03-24T09:52:22.000Z","2024-03-24T09:52:30.000Z","2024-03-24T09:52:33.000Z","2024-03-24T09:52:39.000Z","2024-03-24T09:52:46.000Z","2024-03-24T09:52:54.000Z","2024-03-24T09:52:59.000Z","2024-03-24T09:53:05.000Z","2024-03-24T09:53:10.000Z","2024-03-24T09:53:15.000Z","2024-03-24T09:53:16.000Z","2024-03-24T09:53:21.000Z","2024-03-24T09:53:27.000Z","2024-03-24T09:53:32.000Z","2024-03-24T09:53:38.000Z","2024-03-24T09:53:43.000Z","2024-03-24T09:53:48.000Z","2024-03-24T09:53:51.000Z","2024-03-24T09:53:53.000Z","2024-03-24T09:53:59.000Z","2024-03-24T09:54:04.000Z","2024-03-24T09:54:11.000Z","2024-03-24T09:54:18.000Z","2024-03-24T09:54:24.000Z","2024-03-24T09:54:25.000Z","2024-03-24T09:54:31.000Z","2024-03-24T09:54:34.000Z","2024-03-24T09:54:38.000Z","2024-03-24T09:54:42.000Z","2024-03-24T09:54:48.000Z","2024-03-24T09:54:52.000Z","2024-03-24T09:54:54.000Z","2024-03-24T09:54:58.000Z","2024-03-24T09:54:59.000Z","2024-03-24T09:55:04.000Z","2024-03-24T09:55:09.000Z","2024-03-24T09:55:15.000Z","2024-03-24T09:55:22.000Z","2024-03-24T09:55:26.000Z","2024-03-24T09:55:30.000Z","2024-03-24T09:55:35.000Z","2024-03-24T09:55:41.000Z","2024-03-24T09:55:44.000Z","2024-03-24T09:55:51.000Z","2024-03-24T09:55:53.000Z","2024-03-24T09:55:59.000Z","2024-03-24T09:56:04.000Z","2024-03-24T09:56:11.000Z","2024-03-24T09:56:18.000Z","2024-03-24T09:56:19.000Z","2024-03-24T09:56:26.000Z","2024-03-24T09:56:27.000Z","2024-03-24T09:56:30.000Z","2024-03-24T09:56:32.000Z","2024-03-24T09:56:36.000Z","2024-03-24T09:56:38.000Z","2024-03-24T09:56:42.000Z","2024-03-24T09:56:47.000Z","2024-03-24T09:56:53.000Z","2024-03-24T09:56:58.000Z","2024-03-24T09:56:59.000Z","2024-03-24T09:57:04.000Z","2024-03-24T09:57:10.000Z","2024-03-24T09:57:16.000Z","2024-03-24T09:57:20.000Z","2024-03-24T09:57:21.000Z","2024-03-24T09:57:24.000Z","2024-03-24T09:57:26.000Z","2024-03-24T09:57:28.000Z","2024-03-24T09:57:33.000Z","2024-03-24T09:57:39.000Z","2024-03-24T09:57:43.000Z","2024-03-24T09:57:45.000Z","2024-03-24T09:57:52.000Z","2024-03-24T09:57:54.000Z","2024-03-24T09:58:01.000Z","2024-03-24T09:58:03.000Z","2024-03-24T09:58:07.000Z","2024-03-24T09:58:14.000Z","2024-03-24T09:58:17.000Z","2024-03-24T09:58:20.000Z","2024-03-24T09:58:22.000Z","2024-03-24T09:58:24.000Z","2024-03-24T09:58:27.000Z","2024-03-24T09:58:32.000Z","2024-03-24T09:58:37.000Z","2024-03-24T09:58:41.000Z","2024-03-24T09:58:42.000Z","2024-03-24T09:58:48.000Z","2024-03-24T09:58:53.000Z","2024-03-24T09:58:55.000Z","2024-03-24T09:58:57.000Z","2024-03-24T09:58:58.000Z","2024-03-24T09:58:59.000Z","2024-03-24T09:59:01.000Z","2024-03-24T09:59:02.000Z","2024-03-24T09:59:05.000Z","2024-03-24T09:59:07.000Z","2024-03-24T09:59:08.000Z","2024-03-24T09:59:10.000Z","2024-03-24T09:59:11.000Z","2024-03-24T09:59:13.000Z","2024-03-24T09:59:14.000Z","2024-03-24T09:59:19.000Z","2024-03-24T09:59:21.000Z","2024-03-24T09:59:26.000Z","2024-03-24T09:59:32.000Z","2024-03-24T09:59:36.000Z","2024-03-24T09:59:38.000Z","2024-03-24T09:59:42.000Z","2024-03-24T09:59:48.000Z","2024-03-24T09:59:53.000Z","2024-03-24T09:59:59.000Z","2024-03-24T10:00:04.000Z","2024-03-24T10:00:09.000Z","2024-03-24T10:00:10.000Z","2024-03-24T10:00:11.000Z","2024-03-24T10:00:12.000Z","2024-03-24T10:00:14.000Z","2024-03-24T10:00:20.000Z","2024-03-24T10:00:21.000Z","2024-03-24T10:00:27.000Z","2024-03-24T10:00:34.000Z","2024-03-24T10:00:35.000Z","2024-03-24T10:00:41.000Z","2024-03-24T10:00:45.000Z","2024-03-24T10:00:49.000Z","2024-03-24T10:00:54.000Z","2024-03-24T10:00:57.000Z","2024-03-24T10:01:03.000Z","2024-03-24T10:01:05.000Z","2024-03-24T10:01:10.000Z","2024-03-24T10:01:12.000Z","2024-03-24T10:01:14.000Z","2024-03-24T10:01:16.000Z","2024-03-24T10:01:19.000Z","2024-03-24T10:01:25.000Z","2024-03-24T10:01:26.000Z","2024-03-24T10:01:33.000Z","2024-03-24T10:01:35.000Z","2024-03-24T10:01:42.000Z","2024-03-24T10:01:44.000Z","2024-03-24T10:01:50.000Z","2024-03-24T10:01:51.000Z","2024-03-24T10:01:58.000Z","2024-03-24T10:01:59.000Z","2024-03-24T10:02:06.000Z","2024-03-24T10:02:12.000Z","2024-03-24T10:02:19.000Z","2024-03-24T10:02:23.000Z","2024-03-24T10:02:28.000Z","2024-03-24T10:02:29.000Z","2024-03-24T10:02:32.000Z","2024-03-24T10:02:33.000Z","2024-03-24T10:02:39.000Z","2024-03-24T10:02:46.000Z","2024-03-24T10:02:49.000Z","2024-03-24T10:02:56.000Z","2024-03-24T10:02:58.000Z","2024-03-24T10:03:04.000Z","2024-03-24T10:03:10.000Z","2024-03-24T10:03:16.000Z","2024-03-24T10:03:22.000Z","2024-03-24T10:03:25.000Z","2024-03-24T10:03:30.000Z","2024-03-24T10:03:33.000Z","2024-03-24T10:03:37.000Z","2024-03-24T10:03:40.000Z","2024-03-24T10:03:41.000Z","2024-03-24T10:03:44.000Z","2024-03-24T10:03:50.000Z","2024-03-24T10:03:57.000Z","2024-03-24T10:03:58.000Z","2024-03-24T10:04:05.000Z","2024-03-24T10:04:07.000Z","2024-03-24T10:04:14.000Z","2024-03-24T10:04:20.000Z","2024-03-24T10:04:27.000Z","2024-03-24T10:04:28.000Z","2024-03-24T10:04:35.000Z","2024-03-24T10:04:37.000Z","2024-03-24T10:04:45.000Z","2024-03-24T10:04:46.000Z","2024-03-24T10:04:52.000Z","2024-03-24T10:04:56.000Z","2024-03-24T10:05:03.000Z","2024-03-24T10:05:05.000Z","2024-03-24T10:05:12.000Z","2024-03-24T10:05:16.000Z","2024-03-24T10:05:23.000Z","2024-03-24T10:05:26.000Z","2024-03-24T10:05:34.000Z","2024-03-24T10:05:35.000Z","2024-03-24T10:05:42.000Z","2024-03-24T10:05:43.000Z","2024-03-24T10:05:44.000Z","2024-03-24T10:05:49.000Z","2024-03-24T10:05:56.000Z","2024-03-24T10:05:58.000Z","2024-03-24T10:06:05.000Z","2024-03-24T10:06:10.000Z","2024-03-24T10:06:14.000Z","2024-03-24T10:06:21.000Z","2024-03-24T10:06:25.000Z","2024-03-24T10:06:31.000Z","2024-03-24T10:06:32.000Z","2024-03-24T10:06:35.000Z","2024-03-24T10:06:42.000Z","2024-03-24T10:06:44.000Z","2024-03-24T10:06:45.000Z","2024-03-24T10:06:48.000Z","2024-03-24T10:06:50.000Z","2024-03-24T10:06:54.000Z","2024-03-24T10:07:01.000Z","2024-03-24T10:07:04.000Z","2024-03-24T10:07:11.000Z","2024-03-24T10:07:19.000Z","2024-03-24T10:07:20.000Z","2024-03-24T10:07:25.000Z","2024-03-24T10:07:32.000Z","2024-03-24T10:07:34.000Z","2024-03-24T10:07:41.000Z","2024-03-24T10:07:43.000Z","2024-03-24T10:07:50.000Z","2024-03-24T10:07:53.000Z","2024-03-24T10:08:00.000Z","2024-03-24T10:08:02.000Z","2024-03-24T10:08:09.000Z","2024-03-24T10:08:10.000Z","2024-03-24T10:08:16.000Z","2024-03-24T10:08:19.000Z","2024-03-24T10:08:21.000Z","2024-03-24T10:08:28.000Z","2024-03-24T10:08:35.000Z","2024-03-24T10:08:38.000Z","2024-03-24T10:08:45.000Z","2024-03-24T10:08:50.000Z","2024-03-24T10:08:56.000Z","2024-03-24T10:09:02.000Z","2024-03-24T10:09:09.000Z","2024-03-24T10:09:10.000Z","2024-03-24T10:09:16.000Z","2024-03-24T10:09:20.000Z","2024-03-24T10:09:26.000Z","2024-03-24T10:09:30.000Z","2024-03-24T10:09:37.000Z","2024-03-24T10:09:38.000Z","2024-03-24T10:09:45.000Z","2024-03-24T10:09:47.000Z","2024-03-24T10:09:54.000Z","2024-03-24T10:09:56.000Z","2024-03-24T10:10:03.000Z","2024-03-24T10:10:06.000Z","2024-03-24T10:10:12.000Z","2024-03-24T10:10:14.000Z","2024-03-24T10:10:21.000Z","2024-03-24T10:10:22.000Z","2024-03-24T10:10:25.000Z","2024-03-24T10:10:28.000Z","2024-03-24T10:10:35.000Z","2024-03-24T10:10:38.000Z","2024-03-24T10:10:40.000Z","2024-03-24T10:10:43.000Z","2024-03-24T10:10:50.000Z","2024-03-24T10:10:54.000Z","2024-03-24T10:11:01.000Z","2024-03-24T10:11:02.000Z","2024-03-24T10:11:05.000Z","2024-03-24T10:11:06.000Z","2024-03-24T10:11:10.000Z","2024-03-24T10:11:17.000Z","2024-03-24T10:11:24.000Z","2024-03-24T10:11:25.000Z","2024-03-24T10:11:32.000Z","2024-03-24T10:11:38.000Z","2024-03-24T10:11:45.000Z","2024-03-24T10:11:49.000Z","2024-03-24T10:11:57.000Z","2024-03-24T10:12:04.000Z","2024-03-24T10:12:07.000Z","2024-03-24T10:12:15.000Z","2024-03-24T10:12:17.000Z","2024-03-24T10:12:24.000Z","2024-03-24T10:12:28.000Z","2024-03-24T10:12:33.000Z","2024-03-24T10:12:39.000Z","2024-03-24T10:12:40.000Z","2024-03-24T10:12:47.000Z","2024-03-24T10:12:48.000Z","2024-03-24T10:12:55.000Z","2024-03-24T10:12:57.000Z","2024-03-24T10:13:04.000Z","2024-03-24T10:13:06.000Z","2024-03-24T10:13:13.000Z","2024-03-24T10:13:15.000Z","2024-03-24T10:13:22.000Z","2024-03-24T10:13:24.000Z","2024-03-24T10:13:31.000Z","2024-03-24T10:13:32.000Z","2024-03-24T10:13:39.000Z","2024-03-24T10:13:41.000Z","2024-03-24T10:13:46.000Z","2024-03-24T10:13:53.000Z","2024-03-24T10:13:54.000Z","2024-03-24T10:14:00.000Z","2024-03-24T10:14:01.000Z","2024-03-24T10:14:07.000Z","2024-03-24T10:14:10.000Z","2024-03-24T10:14:17.000Z","2024-03-24T10:14:21.000Z","2024-03-24T10:14:26.000Z","2024-03-24T10:14:33.000Z","2024-03-24T10:14:40.000Z","2024-03-24T10:14:41.000Z","2024-03-24T10:14:44.000Z","2024-03-24T10:14:51.000Z","2024-03-24T10:14:58.000Z","2024-03-24T10:15:00.000Z","2024-03-24T10:15:07.000Z","2024-03-24T10:15:08.000Z","2024-03-24T10:15:14.000Z","2024-03-24T10:15:18.000Z","2024-03-24T10:15:25.000Z","2024-03-24T10:15:27.000Z","2024-03-24T10:15:34.000Z","2024-03-24T10:15:38.000Z","2024-03-24T10:15:45.000Z","2024-03-24T10:15:48.000Z","2024-03-24T10:15:55.000Z","2024-03-24T10:16:01.000Z","2024-03-24T10:16:09.000Z","2024-03-24T10:16:11.000Z","2024-03-24T10:16:18.000Z","2024-03-24T10:16:20.000Z","2024-03-24T10:16:25.000Z","2024-03-24T10:16:29.000Z","2024-03-24T10:16:36.000Z","2024-03-24T10:16:38.000Z","2024-03-24T10:16:45.000Z","2024-03-24T10:16:48.000Z","2024-03-24T10:16:51.000Z","2024-03-24T10:16:53.000Z","2024-03-24T10:16:55.000Z","2024-03-24T10:17:02.000Z","2024-03-24T10:17:09.000Z","2024-03-24T10:17:13.000Z","2024-03-24T10:17:18.000Z","2024-03-24T10:17:19.000Z","2024-03-24T10:17:26.000Z","2024-03-24T10:17:27.000Z","2024-03-24T10:17:34.000Z","2024-03-24T10:17:37.000Z","2024-03-24T10:17:44.000Z","2024-03-24T10:17:48.000Z","2024-03-24T10:17:55.000Z","2024-03-24T10:17:59.000Z","2024-03-24T10:18:07.000Z","2024-03-24T10:18:11.000Z","2024-03-24T10:18:16.000Z","2024-03-24T10:18:23.000Z","2024-03-24T10:18:27.000Z","2024-03-24T10:18:30.000Z","2024-03-24T10:18:34.000Z","2024-03-24T10:18:35.000Z","2024-03-24T10:18:42.000Z","2024-03-24T10:18:43.000Z","2024-03-24T10:18:51.000Z","2024-03-24T10:18:58.000Z","2024-03-24T10:19:04.000Z","2024-03-24T10:19:11.000Z","2024-03-24T10:19:12.000Z","2024-03-24T10:19:19.000Z","2024-03-24T10:19:23.000Z","2024-03-24T10:19:25.000Z","2024-03-24T10:19:29.000Z","2024-03-24T10:19:37.000Z","2024-03-24T10:19:43.000Z","2024-03-24T10:19:51.000Z","2024-03-24T10:19:56.000Z","2024-03-24T10:19:59.000Z","2024-03-24T10:20:05.000Z","2024-03-24T10:20:08.000Z","2024-03-24T10:20:15.000Z","2024-03-24T10:20:21.000Z","2024-03-24T10:20:23.000Z","2024-03-24T10:20:29.000Z","2024-03-24T10:20:31.000Z","2024-03-24T10:20:37.000Z","2024-03-24T10:20:39.000Z","2024-03-24T10:20:46.000Z","2024-03-24T10:20:48.000Z","2024-03-24T10:20:55.000Z","2024-03-24T10:20:56.000Z","2024-03-24T10:21:03.000Z","2024-03-24T10:21:06.000Z","2024-03-24T10:21:08.000Z","2024-03-24T10:21:13.000Z","2024-03-24T10:21:20.000Z","2024-03-24T10:21:21.000Z","2024-03-24T10:21:28.000Z","2024-03-24T10:21:32.000Z","2024-03-24T10:21:39.000Z","2024-03-24T10:21:45.000Z","2024-03-24T10:21:52.000Z","2024-03-24T10:21:56.000Z","2024-03-24T10:22:03.000Z","2024-03-24T10:22:06.000Z","2024-03-24T10:22:14.000Z","2024-03-24T10:22:15.000Z","2024-03-24T10:22:17.000Z","2024-03-24T10:22:24.000Z","2024-03-24T10:22:31.000Z","2024-03-24T10:22:39.000Z","2024-03-24T10:22:46.000Z","2024-03-24T10:22:52.000Z","2024-03-24T10:22:54.000Z","2024-03-24T10:23:00.000Z","2024-03-24T10:23:01.000Z","2024-03-24T10:23:07.000Z","2024-03-24T10:23:08.000Z","2024-03-24T10:23:16.000Z","2024-03-24T10:23:17.000Z","2024-03-24T10:23:23.000Z","2024-03-24T10:23:31.000Z","2024-03-24T10:23:33.000Z","2024-03-24T10:23:39.000Z","2024-03-24T10:23:42.000Z","2024-03-24T10:23:49.000Z","2024-03-24T10:23:53.000Z","2024-03-24T10:24:00.000Z","2024-03-24T10:24:01.000Z","2024-03-24T10:24:08.000Z","2024-03-24T10:24:12.000Z","2024-03-24T10:24:19.000Z","2024-03-24T10:24:21.000Z","2024-03-24T10:24:28.000Z","2024-03-24T10:24:29.000Z","2024-03-24T10:24:33.000Z","2024-03-24T10:24:40.000Z","2024-03-24T10:24:41.000Z","2024-03-24T10:24:48.000Z","2024-03-24T10:24:54.000Z","2024-03-24T10:25:01.000Z","2024-03-24T10:25:05.000Z","2024-03-24T10:25:12.000Z","2024-03-24T10:25:14.000Z","2024-03-24T10:25:21.000Z","2024-03-24T10:25:23.000Z","2024-03-24T10:25:24.000Z","2024-03-24T10:25:29.000Z","2024-03-24T10:25:36.000Z","2024-03-24T10:25:37.000Z","2024-03-24T10:25:44.000Z","2024-03-24T10:25:46.000Z","2024-03-24T10:25:53.000Z","2024-03-24T10:25:54.000Z","2024-03-24T10:26:01.000Z","2024-03-24T10:26:05.000Z","2024-03-24T10:26:07.000Z","2024-03-24T10:26:12.000Z","2024-03-24T10:26:17.000Z","2024-03-24T10:26:22.000Z","2024-03-24T10:26:30.000Z","2024-03-24T10:26:37.000Z","2024-03-24T10:26:45.000Z","2024-03-24T10:26:46.000Z","2024-03-24T10:26:53.000Z","2024-03-24T10:26:55.000Z","2024-03-24T10:27:01.000Z","2024-03-24T10:27:02.000Z","2024-03-24T10:27:09.000Z","2024-03-24T10:27:15.000Z","2024-03-24T10:27:22.000Z","2024-03-24T10:27:25.000Z","2024-03-24T10:27:30.000Z","2024-03-24T10:27:37.000Z","2024-03-24T10:27:39.000Z","2024-03-24T10:27:45.000Z","2024-03-24T10:27:53.000Z","2024-03-24T10:28:00.000Z","2024-03-24T10:28:01.000Z","2024-03-24T10:28:09.000Z","2024-03-24T10:28:11.000Z","2024-03-24T10:28:19.000Z","2024-03-24T10:28:27.000Z","2024-03-24T10:28:33.000Z","2024-03-24T10:28:35.000Z","2024-03-24T10:28:44.000Z","2024-03-24T10:28:51.000Z","2024-03-24T10:28:53.000Z","2024-03-24T10:28:59.000Z","2024-03-24T10:29:05.000Z","2024-03-24T10:29:12.000Z","2024-03-24T10:29:17.000Z","2024-03-24T10:29:25.000Z","2024-03-24T10:29:27.000Z","2024-03-24T10:29:30.000Z","2024-03-24T10:29:36.000Z","2024-03-24T10:29:40.000Z","2024-03-24T10:29:42.000Z","2024-03-24T10:29:49.000Z","2024-03-24T10:29:50.000Z","2024-03-24T10:29:56.000Z","2024-03-24T10:30:04.000Z","2024-03-24T10:30:05.000Z","2024-03-24T10:30:10.000Z","2024-03-24T10:30:16.000Z","2024-03-24T10:30:23.000Z","2024-03-24T10:30:29.000Z","2024-03-24T10:30:31.000Z","2024-03-24T10:30:33.000Z","2024-03-24T10:30:36.000Z","2024-03-24T10:30:42.000Z","2024-03-24T10:30:44.000Z","2024-03-24T10:30:45.000Z","2024-03-24T10:30:46.000Z","2024-03-24T10:30:49.000Z","2024-03-24T10:30:51.000Z","2024-03-24T10:30:58.000Z","2024-03-24T10:31:06.000Z","2024-03-24T10:31:13.000Z","2024-03-24T10:31:19.000Z","2024-03-24T10:31:22.000Z","2024-03-24T10:31:30.000Z","2024-03-24T10:31:38.000Z","2024-03-24T10:31:44.000Z","2024-03-24T10:31:50.000Z","2024-03-24T10:31:58.000Z","2024-03-24T10:32:06.000Z","2024-03-24T10:32:11.000Z","2024-03-24T10:32:18.000Z","2024-03-24T10:32:25.000Z","2024-03-24T10:32:27.000Z","2024-03-24T10:32:34.000Z","2024-03-24T10:32:35.000Z","2024-03-24T10:32:36.000Z","2024-03-24T10:32:38.000Z","2024-03-24T10:32:41.000Z","2024-03-24T10:32:43.000Z","2024-03-24T10:32:47.000Z","2024-03-24T10:32:48.000Z","2024-03-24T10:32:50.000Z","2024-03-24T10:32:57.000Z","2024-03-24T10:32:58.000Z","2024-03-24T10:33:04.000Z","2024-03-24T10:33:06.000Z","2024-03-24T10:33:13.000Z","2024-03-24T10:33:14.000Z","2024-03-24T10:33:21.000Z","2024-03-24T10:33:22.000Z","2024-03-24T10:33:26.000Z","2024-03-24T10:33:33.000Z","2024-03-24T10:33:38.000Z","2024-03-24T10:33:45.000Z","2024-03-24T10:33:52.000Z","2024-03-24T10:33:54.000Z","2024-03-24T10:34:00.000Z","2024-03-24T10:34:06.000Z","2024-03-24T10:34:08.000Z","2024-03-24T10:34:14.000Z","2024-03-24T10:34:20.000Z","2024-03-24T10:34:26.000Z","2024-03-24T10:34:33.000Z","2024-03-24T10:34:34.000Z","2024-03-24T10:34:41.000Z","2024-03-24T10:34:48.000Z","2024-03-24T10:34:52.000Z","2024-03-24T10:34:54.000Z","2024-03-24T10:35:02.000Z","2024-03-24T10:35:09.000Z","2024-03-24T10:35:16.000Z","2024-03-24T10:35:23.000Z","2024-03-24T10:35:26.000Z","2024-03-24T10:35:33.000Z","2024-03-24T10:35:34.000Z","2024-03-24T10:35:41.000Z","2024-03-24T10:35:49.000Z","2024-03-24T10:35:50.000Z","2024-03-24T10:35:57.000Z","2024-03-24T10:35:58.000Z","2024-03-24T10:36:05.000Z","2024-03-24T10:36:11.000Z","2024-03-24T10:36:17.000Z","2024-03-24T10:36:24.000Z","2024-03-24T10:36:25.000Z","2024-03-24T10:36:31.000Z","2024-03-24T10:36:35.000Z","2024-03-24T10:36:39.000Z","2024-03-24T10:36:46.000Z","2024-03-24T10:36:47.000Z","2024-03-24T10:36:54.000Z","2024-03-24T10:37:01.000Z","2024-03-24T10:37:08.000Z","2024-03-24T10:37:11.000Z","2024-03-24T10:37:17.000Z","2024-03-24T10:37:24.000Z","2024-03-24T10:37:31.000Z","2024-03-24T10:37:32.000Z","2024-03-24T10:37:38.000Z","2024-03-24T10:37:45.000Z","2024-03-24T10:37:46.000Z","2024-03-24T10:37:53.000Z","2024-03-24T10:37:55.000Z","2024-03-24T10:38:03.000Z","2024-03-24T10:38:10.000Z","2024-03-24T10:38:17.000Z","2024-03-24T10:38:18.000Z","2024-03-24T10:38:25.000Z","2024-03-24T10:38:32.000Z","2024-03-24T10:38:33.000Z","2024-03-24T10:38:39.000Z","2024-03-24T10:38:47.000Z","2024-03-24T10:38:49.000Z","2024-03-24T10:38:55.000Z","2024-03-24T10:38:58.000Z","2024-03-24T10:39:05.000Z","2024-03-24T10:39:06.000Z","2024-03-24T10:39:13.000Z","2024-03-24T10:39:15.000Z","2024-03-24T10:39:22.000Z","2024-03-24T10:39:28.000Z","2024-03-24T10:39:35.000Z","2024-03-24T10:39:36.000Z","2024-03-24T10:39:43.000Z","2024-03-24T10:39:44.000Z","2024-03-24T10:39:52.000Z","2024-03-24T10:39:53.000Z","2024-03-24T10:40:01.000Z","2024-03-24T10:40:08.000Z","2024-03-24T10:40:15.000Z","2024-03-24T10:40:18.000Z","2024-03-24T10:40:25.000Z","2024-03-24T10:40:31.000Z","2024-03-24T10:40:38.000Z","2024-03-24T10:40:40.000Z","2024-03-24T10:40:45.000Z","2024-03-24T10:40:50.000Z","2024-03-24T10:40:58.000Z","2024-03-24T10:41:05.000Z","2024-03-24T10:41:06.000Z","2024-03-24T10:41:12.000Z","2024-03-24T10:41:20.000Z","2024-03-24T10:41:21.000Z","2024-03-24T10:41:28.000Z","2024-03-24T10:41:35.000Z","2024-03-24T10:41:42.000Z","2024-03-24T10:41:44.000Z","2024-03-24T10:41:46.000Z","2024-03-24T10:41:49.000Z","2024-03-24T10:41:55.000Z","2024-03-24T10:42:02.000Z","2024-03-24T10:42:09.000Z","2024-03-24T10:42:11.000Z","2024-03-24T10:42:18.000Z","2024-03-24T10:42:20.000Z","2024-03-24T10:42:25.000Z","2024-03-24T10:42:28.000Z","2024-03-24T10:42:30.000Z","2024-03-24T10:42:34.000Z","2024-03-24T10:42:40.000Z","2024-03-24T10:42:46.000Z","2024-03-24T10:42:48.000Z","2024-03-24T10:42:55.000Z","2024-03-24T10:42:58.000Z","2024-03-24T10:43:06.000Z","2024-03-24T10:43:08.000Z","2024-03-24T10:43:16.000Z","2024-03-24T10:43:21.000Z","2024-03-24T10:43:28.000Z","2024-03-24T10:43:32.000Z","2024-03-24T10:43:33.000Z","2024-03-24T10:43:40.000Z","2024-03-24T10:43:41.000Z","2024-03-24T10:43:46.000Z","2024-03-24T10:43:53.000Z","2024-03-24T10:43:55.000Z","2024-03-24T10:44:01.000Z","2024-03-24T10:44:08.000Z","2024-03-24T10:44:09.000Z","2024-03-24T10:44:16.000Z","2024-03-24T10:44:18.000Z","2024-03-24T10:44:25.000Z","2024-03-24T10:44:30.000Z","2024-03-24T10:44:37.000Z","2024-03-24T10:44:41.000Z","2024-03-24T10:44:48.000Z","2024-03-24T10:44:49.000Z","2024-03-24T10:44:56.000Z","2024-03-24T10:45:01.000Z","2024-03-24T10:45:08.000Z","2024-03-24T10:45:13.000Z","2024-03-24T10:45:20.000Z","2024-03-24T10:45:24.000Z","2024-03-24T10:45:29.000Z","2024-03-24T10:45:33.000Z","2024-03-24T10:45:41.000Z","2024-03-24T10:45:45.000Z","2024-03-24T10:45:52.000Z","2024-03-24T10:45:54.000Z","2024-03-24T10:46:02.000Z","2024-03-24T10:46:05.000Z","2024-03-24T10:46:12.000Z","2024-03-24T10:46:16.000Z","2024-03-24T10:46:23.000Z","2024-03-24T10:46:27.000Z","2024-03-24T10:46:33.000Z","2024-03-24T10:46:39.000Z","2024-03-24T10:46:45.000Z","2024-03-24T10:46:52.000Z","2024-03-24T10:46:53.000Z","2024-03-24T10:46:59.000Z","2024-03-24T10:47:06.000Z","2024-03-24T10:47:07.000Z","2024-03-24T10:47:13.000Z","2024-03-24T10:47:20.000Z","2024-03-24T10:47:27.000Z","2024-03-24T10:47:28.000Z","2024-03-24T10:47:34.000Z","2024-03-24T10:47:41.000Z","2024-03-24T10:47:43.000Z","2024-03-24T10:47:50.000Z","2024-03-24T10:47:57.000Z","2024-03-24T10:47:59.000Z","2024-03-24T10:48:06.000Z","2024-03-24T10:48:13.000Z","2024-03-24T10:48:15.000Z","2024-03-24T10:48:20.000Z","2024-03-24T10:48:25.000Z","2024-03-24T10:48:32.000Z","2024-03-24T10:48:33.000Z","2024-03-24T10:48:38.000Z","2024-03-24T10:48:41.000Z","2024-03-24T10:48:48.000Z","2024-03-24T10:48:49.000Z","2024-03-24T10:48:56.000Z","2024-03-24T10:48:57.000Z","2024-03-24T10:49:04.000Z","2024-03-24T10:49:05.000Z","2024-03-24T10:49:10.000Z","2024-03-24T10:49:16.000Z","2024-03-24T10:49:18.000Z","2024-03-24T10:49:25.000Z","2024-03-24T10:49:27.000Z","2024-03-24T10:49:33.000Z","2024-03-24T10:49:40.000Z","2024-03-24T10:49:47.000Z","2024-03-24T10:49:48.000Z","2024-03-24T10:49:55.000Z","2024-03-24T10:50:00.000Z","2024-03-24T10:50:03.000Z","2024-03-24T10:50:09.000Z","2024-03-24T10:50:14.000Z","2024-03-24T10:50:19.000Z","2024-03-24T10:50:20.000Z","2024-03-24T10:50:23.000Z","2024-03-24T10:50:27.000Z","2024-03-24T10:50:29.000Z","2024-03-24T10:50:34.000Z","2024-03-24T10:50:40.000Z","2024-03-24T10:50:47.000Z","2024-03-24T10:50:49.000Z","2024-03-24T10:50:56.000Z","2024-03-24T10:50:58.000Z","2024-03-24T10:51:05.000Z","2024-03-24T10:51:12.000Z","2024-03-24T10:51:14.000Z","2024-03-24T10:51:21.000Z","2024-03-24T10:51:22.000Z","2024-03-24T10:51:29.000Z","2024-03-24T10:51:30.000Z","2024-03-24T10:51:38.000Z","2024-03-24T10:51:44.000Z","2024-03-24T10:51:51.000Z","2024-03-24T10:51:58.000Z","2024-03-24T10:52:00.000Z","2024-03-24T10:52:07.000Z","2024-03-24T10:52:09.000Z","2024-03-24T10:52:16.000Z","2024-03-24T10:52:24.000Z","2024-03-24T10:52:31.000Z","2024-03-24T10:52:33.000Z","2024-03-24T10:52:41.000Z","2024-03-24T10:52:44.000Z","2024-03-24T10:52:52.000Z","2024-03-24T10:52:55.000Z","2024-03-24T10:53:02.000Z","2024-03-24T10:53:04.000Z","2024-03-24T10:53:10.000Z","2024-03-24T10:53:12.000Z","2024-03-24T10:53:19.000Z","2024-03-24T10:53:20.000Z","2024-03-24T10:53:27.000Z","2024-03-24T10:53:32.000Z","2024-03-24T10:53:39.000Z","2024-03-24T10:53:41.000Z","2024-03-24T10:53:48.000Z","2024-03-24T10:53:55.000Z","2024-03-24T10:54:02.000Z","2024-03-24T10:54:05.000Z","2024-03-24T10:54:12.000Z","2024-03-24T10:54:15.000Z","2024-03-24T10:54:22.000Z","2024-03-24T10:54:23.000Z","2024-03-24T10:54:30.000Z","2024-03-24T10:54:31.000Z","2024-03-24T10:54:38.000Z","2024-03-24T10:54:39.000Z","2024-03-24T10:54:46.000Z","2024-03-24T10:54:48.000Z","2024-03-24T10:54:54.000Z","2024-03-24T10:55:01.000Z","2024-03-24T10:55:02.000Z","2024-03-24T10:55:10.000Z","2024-03-24T10:55:11.000Z","2024-03-24T10:55:17.000Z","2024-03-24T10:55:24.000Z","2024-03-24T10:55:26.000Z","2024-03-24T10:55:33.000Z","2024-03-24T10:55:34.000Z","2024-03-24T10:55:35.000Z","2024-03-24T10:55:38.000Z","2024-03-24T10:55:44.000Z","2024-03-24T10:55:46.000Z","2024-03-24T10:55:53.000Z","2024-03-24T10:55:57.000Z","2024-03-24T10:56:04.000Z","2024-03-24T10:56:09.000Z","2024-03-24T10:56:16.000Z","2024-03-24T10:56:19.000Z","2024-03-24T10:56:22.000Z","2024-03-24T10:56:23.000Z","2024-03-24T10:56:28.000Z","2024-03-24T10:56:32.000Z","2024-03-24T10:56:37.000Z","2024-03-24T10:56:44.000Z","2024-03-24T10:56:48.000Z","2024-03-24T10:56:55.000Z","2024-03-24T10:56:58.000Z","2024-03-24T10:57:03.000Z","2024-03-24T10:57:04.000Z","2024-03-24T10:57:09.000Z","2024-03-24T10:57:10.000Z","2024-03-24T10:57:16.000Z","2024-03-24T10:57:23.000Z","2024-03-24T10:57:24.000Z","2024-03-24T10:57:30.000Z","2024-03-24T10:57:37.000Z","2024-03-24T10:57:43.000Z","2024-03-24T10:57:50.000Z","2024-03-24T10:57:57.000Z","2024-03-24T10:58:00.000Z","2024-03-24T10:58:07.000Z","2024-03-24T10:58:12.000Z","2024-03-24T10:58:18.000Z","2024-03-24T10:58:25.000Z","2024-03-24T10:58:32.000Z","2024-03-24T10:58:34.000Z","2024-03-24T10:58:41.000Z","2024-03-24T10:58:49.000Z","2024-03-24T10:58:51.000Z","2024-03-24T10:58:59.000Z","2024-03-24T10:59:06.000Z","2024-03-24T10:59:09.000Z","2024-03-24T10:59:16.000Z","2024-03-24T10:59:21.000Z","2024-03-24T10:59:28.000Z","2024-03-24T10:59:30.000Z","2024-03-24T10:59:38.000Z","2024-03-24T10:59:41.000Z","2024-03-24T10:59:48.000Z","2024-03-24T10:59:50.000Z","2024-03-24T10:59:57.000Z","2024-03-24T10:59:59.000Z","2024-03-24T11:00:06.000Z","2024-03-24T11:00:10.000Z","2024-03-24T11:00:18.000Z","2024-03-24T11:00:19.000Z","2024-03-24T11:00:26.000Z","2024-03-24T11:00:29.000Z","2024-03-24T11:00:36.000Z","2024-03-24T11:00:39.000Z","2024-03-24T11:00:46.000Z","2024-03-24T11:00:50.000Z","2024-03-24T11:00:57.000Z","2024-03-24T11:01:00.000Z","2024-03-24T11:01:07.000Z","2024-03-24T11:01:11.000Z","2024-03-24T11:01:15.000Z","2024-03-24T11:01:20.000Z","2024-03-24T11:01:21.000Z","2024-03-24T11:01:22.000Z","2024-03-24T11:01:29.000Z","2024-03-24T11:01:36.000Z","2024-03-24T11:01:38.000Z","2024-03-24T11:01:45.000Z","2024-03-24T11:01:52.000Z","2024-03-24T11:01:54.000Z","2024-03-24T11:02:01.000Z","2024-03-24T11:02:07.000Z","2024-03-24T11:02:15.000Z","2024-03-24T11:02:18.000Z","2024-03-24T11:02:25.000Z","2024-03-24T11:02:28.000Z","2024-03-24T11:02:35.000Z","2024-03-24T11:02:37.000Z","2024-03-24T11:02:44.000Z","2024-03-24T11:02:46.000Z","2024-03-24T11:02:53.000Z","2024-03-24T11:02:54.000Z","2024-03-24T11:03:01.000Z","2024-03-24T11:03:04.000Z","2024-03-24T11:03:11.000Z","2024-03-24T11:03:18.000Z","2024-03-24T11:03:19.000Z","2024-03-24T11:03:25.000Z","2024-03-24T11:03:32.000Z","2024-03-24T11:03:33.000Z","2024-03-24T11:03:40.000Z","2024-03-24T11:03:42.000Z","2024-03-24T11:03:50.000Z","2024-03-24T11:03:58.000Z","2024-03-24T11:03:59.000Z","2024-03-24T11:04:07.000Z","2024-03-24T11:04:08.000Z","2024-03-24T11:04:15.000Z","2024-03-24T11:04:22.000Z","2024-03-24T11:04:27.000Z","2024-03-24T11:04:34.000Z","2024-03-24T11:04:36.000Z","2024-03-24T11:04:43.000Z","2024-03-24T11:04:50.000Z","2024-03-24T11:04:53.000Z","2024-03-24T11:05:00.000Z","2024-03-24T11:05:03.000Z","2024-03-24T11:05:11.000Z","2024-03-24T11:05:12.000Z","2024-03-24T11:05:19.000Z","2024-03-24T11:05:27.000Z","2024-03-24T11:05:28.000Z","2024-03-24T11:05:36.000Z","2024-03-24T11:05:44.000Z","2024-03-24T11:05:45.000Z","2024-03-24T11:05:52.000Z","2024-03-24T11:06:00.000Z","2024-03-24T11:06:02.000Z","2024-03-24T11:06:09.000Z","2024-03-24T11:06:11.000Z","2024-03-24T11:06:18.000Z","2024-03-24T11:06:21.000Z","2024-03-24T11:06:23.000Z","2024-03-24T11:06:28.000Z","2024-03-24T11:06:34.000Z","2024-03-24T11:06:41.000Z","2024-03-24T11:06:42.000Z","2024-03-24T11:06:46.000Z","2024-03-24T11:07:03.000Z","2024-03-24T11:07:09.000Z","2024-03-24T11:07:12.000Z","2024-03-24T11:07:19.000Z","2024-03-24T11:07:20.000Z","2024-03-24T11:07:28.000Z","2024-03-24T11:07:34.000Z","2024-03-24T11:07:38.000Z","2024-03-24T11:07:46.000Z","2024-03-24T11:07:47.000Z","2024-03-24T11:07:53.000Z","2024-03-24T11:07:56.000Z","2024-03-24T11:08:04.000Z","2024-03-24T11:08:11.000Z","2024-03-24T11:08:19.000Z","2024-03-24T11:08:24.000Z","2024-03-24T11:08:30.000Z","2024-03-24T11:08:38.000Z","2024-03-24T11:08:42.000Z","2024-03-24T11:08:48.000Z","2024-03-24T11:08:51.000Z","2024-03-24T11:08:58.000Z","2024-03-24T11:09:01.000Z","2024-03-24T11:09:09.000Z","2024-03-24T11:09:17.000Z","2024-03-24T11:09:19.000Z","2024-03-24T11:09:26.000Z","2024-03-24T11:09:34.000Z","2024-03-24T11:09:41.000Z","2024-03-24T11:09:46.000Z","2024-03-24T11:09:54.000Z","2024-03-24T11:09:55.000Z","2024-03-24T11:10:02.000Z","2024-03-24T11:10:04.000Z","2024-03-24T11:10:11.000Z","2024-03-24T11:10:13.000Z","2024-03-24T11:10:20.000Z","2024-03-24T11:10:23.000Z","2024-03-24T11:10:30.000Z","2024-03-24T11:10:31.000Z","2024-03-24T11:10:38.000Z","2024-03-24T11:10:41.000Z","2024-03-24T11:10:48.000Z","2024-03-24T11:10:55.000Z","2024-03-24T11:10:57.000Z","2024-03-24T11:11:04.000Z","2024-03-24T11:11:12.000Z","2024-03-24T11:11:13.000Z","2024-03-24T11:11:20.000Z","2024-03-24T11:11:23.000Z","2024-03-24T11:11:30.000Z","2024-03-24T11:11:37.000Z","2024-03-24T11:11:39.000Z","2024-03-24T11:11:46.000Z","2024-03-24T11:11:49.000Z","2024-03-24T11:11:56.000Z","2024-03-24T11:11:58.000Z","2024-03-24T11:12:05.000Z","2024-03-24T11:12:09.000Z","2024-03-24T11:12:17.000Z","2024-03-24T11:12:23.000Z","2024-03-24T11:12:26.000Z","2024-03-24T11:12:31.000Z","2024-03-24T11:12:37.000Z","2024-03-24T11:12:44.000Z","2024-03-24T11:12:48.000Z","2024-03-24T11:12:55.000Z","2024-03-24T11:12:58.000Z","2024-03-24T11:13:05.000Z","2024-03-24T11:13:11.000Z","2024-03-24T11:13:18.000Z","2024-03-24T11:13:23.000Z","2024-03-24T11:13:30.000Z","2024-03-24T11:13:31.000Z","2024-03-24T11:13:38.000Z","2024-03-24T11:13:43.000Z","2024-03-24T11:13:50.000Z","2024-03-24T11:13:51.000Z","2024-03-24T11:13:58.000Z","2024-03-24T11:14:02.000Z","2024-03-24T11:14:09.000Z","2024-03-24T11:14:10.000Z","2024-03-24T11:14:17.000Z","2024-03-24T11:14:18.000Z","2024-03-24T11:14:25.000Z","2024-03-24T11:14:29.000Z","2024-03-24T11:14:36.000Z","2024-03-24T11:14:38.000Z","2024-03-24T11:14:45.000Z","2024-03-24T11:14:50.000Z","2024-03-24T11:14:58.000Z","2024-03-24T11:14:59.000Z","2024-03-24T11:15:06.000Z","2024-03-24T11:15:09.000Z","2024-03-24T11:15:16.000Z","2024-03-24T11:15:17.000Z","2024-03-24T11:15:25.000Z","2024-03-24T11:15:28.000Z","2024-03-24T11:15:35.000Z","2024-03-24T11:15:37.000Z","2024-03-24T11:15:45.000Z","2024-03-24T11:15:46.000Z","2024-03-24T11:15:53.000Z","2024-03-24T11:16:01.000Z","2024-03-24T11:16:03.000Z","2024-03-24T11:16:11.000Z","2024-03-24T11:16:13.000Z","2024-03-24T11:16:20.000Z","2024-03-24T11:16:21.000Z","2024-03-24T11:16:27.000Z","2024-03-24T11:16:32.000Z","2024-03-24T11:16:39.000Z","2024-03-24T11:16:43.000Z","2024-03-24T11:16:49.000Z","2024-03-24T11:16:56.000Z","2024-03-24T11:17:02.000Z","2024-03-24T11:17:08.000Z","2024-03-24T11:17:13.000Z","2024-03-24T11:17:14.000Z","2024-03-24T11:17:48.000Z","2024-03-24T11:17:49.000Z","2024-03-24T11:17:56.000Z","2024-03-24T11:18:03.000Z","2024-03-24T11:18:07.000Z","2024-03-24T11:18:13.000Z","2024-03-24T11:18:15.000Z","2024-03-24T11:18:16.000Z","2024-03-24T11:18:20.000Z","2024-03-24T11:18:27.000Z","2024-03-24T11:18:34.000Z","2024-03-24T11:18:39.000Z","2024-03-24T11:18:40.000Z","2024-03-24T11:18:45.000Z","2024-03-24T11:18:49.000Z","2024-03-24T11:18:50.000Z","2024-03-24T11:18:57.000Z","2024-03-24T11:18:59.000Z","2024-03-24T11:19:06.000Z","2024-03-24T11:19:10.000Z","2024-03-24T11:19:18.000Z","2024-03-24T11:19:19.000Z","2024-03-24T11:19:27.000Z","2024-03-24T11:19:29.000Z","2024-03-24T11:19:37.000Z","2024-03-24T11:19:38.000Z","2024-03-24T11:19:46.000Z","2024-03-24T11:19:49.000Z","2024-03-24T11:19:55.000Z","2024-03-24T11:20:03.000Z","2024-03-24T11:20:05.000Z","2024-03-24T11:20:13.000Z","2024-03-24T11:20:15.000Z","2024-03-24T11:20:22.000Z","2024-03-24T11:20:30.000Z","2024-03-24T11:20:32.000Z","2024-03-24T11:20:39.000Z","2024-03-24T11:20:40.000Z","2024-03-24T11:20:47.000Z","2024-03-24T11:20:48.000Z","2024-03-24T11:20:55.000Z","2024-03-24T11:20:57.000Z","2024-03-24T11:21:04.000Z","2024-03-24T11:21:05.000Z","2024-03-24T11:21:11.000Z","2024-03-24T11:21:12.000Z","2024-03-24T11:21:18.000Z","2024-03-24T11:21:25.000Z","2024-03-24T11:21:28.000Z","2024-03-24T11:21:34.000Z","2024-03-24T11:21:37.000Z","2024-03-24T11:21:39.000Z","2024-03-24T11:21:42.000Z","2024-03-24T11:21:48.000Z","2024-03-24T11:21:50.000Z","2024-03-24T11:21:57.000Z","2024-03-24T11:21:58.000Z","2024-03-24T11:22:00.000Z","2024-03-24T11:22:07.000Z","2024-03-24T11:22:14.000Z","2024-03-24T11:22:17.000Z","2024-03-24T11:22:24.000Z","2024-03-24T11:22:26.000Z","2024-03-24T11:22:33.000Z","2024-03-24T11:22:37.000Z","2024-03-24T11:22:44.000Z","2024-03-24T11:22:45.000Z","2024-03-24T11:22:52.000Z","2024-03-24T11:22:55.000Z","2024-03-24T11:23:02.000Z","2024-03-24T11:23:04.000Z","2024-03-24T11:23:11.000Z","2024-03-24T11:23:14.000Z","2024-03-24T11:23:21.000Z","2024-03-24T11:23:23.000Z","2024-03-24T11:23:30.000Z","2024-03-24T11:23:36.000Z","2024-03-24T11:23:44.000Z","2024-03-24T11:23:45.000Z","2024-03-24T11:23:52.000Z","2024-03-24T11:23:53.000Z","2024-03-24T11:24:01.000Z","2024-03-24T11:24:03.000Z","2024-03-24T11:24:10.000Z","2024-03-24T11:24:14.000Z","2024-03-24T11:24:18.000Z","2024-03-24T11:24:25.000Z","2024-03-24T11:24:29.000Z","2024-03-24T11:24:36.000Z","2024-03-24T11:24:39.000Z","2024-03-24T11:24:46.000Z","2024-03-24T11:24:49.000Z","2024-03-24T11:24:51.000Z","2024-03-24T11:24:58.000Z","2024-03-24T11:24:59.000Z","2024-03-24T11:25:06.000Z","2024-03-24T11:25:08.000Z","2024-03-24T11:25:15.000Z","2024-03-24T11:25:17.000Z","2024-03-24T11:25:24.000Z","2024-03-24T11:25:30.000Z","2024-03-24T11:25:37.000Z","2024-03-24T11:25:40.000Z","2024-03-24T11:25:47.000Z","2024-03-24T11:25:48.000Z","2024-03-24T11:25:55.000Z","2024-03-24T11:26:00.000Z","2024-03-24T11:26:07.000Z","2024-03-24T11:26:09.000Z","2024-03-24T11:26:16.000Z","2024-03-24T11:26:20.000Z","2024-03-24T11:26:28.000Z","2024-03-24T11:26:30.000Z","2024-03-24T11:26:37.000Z","2024-03-24T11:26:38.000Z","2024-03-24T11:26:46.000Z","2024-03-24T11:26:47.000Z","2024-03-24T11:26:55.000Z","2024-03-24T11:26:56.000Z","2024-03-24T11:27:03.000Z","2024-03-24T11:27:11.000Z","2024-03-24T11:27:17.000Z","2024-03-24T11:27:23.000Z","2024-03-24T11:27:30.000Z","2024-03-24T11:27:37.000Z","2024-03-24T11:27:40.000Z","2024-03-24T11:27:46.000Z","2024-03-24T11:27:48.000Z","2024-03-24T11:27:50.000Z","2024-03-24T11:27:57.000Z","2024-03-24T11:28:04.000Z","2024-03-24T11:28:07.000Z","2024-03-24T11:28:15.000Z","2024-03-24T11:28:16.000Z","2024-03-24T11:28:23.000Z","2024-03-24T11:28:25.000Z","2024-03-24T11:28:32.000Z","2024-03-24T11:28:33.000Z","2024-03-24T11:28:40.000Z","2024-03-24T11:28:47.000Z","2024-03-24T11:28:49.000Z","2024-03-24T11:28:56.000Z","2024-03-24T11:28:58.000Z","2024-03-24T11:29:05.000Z","2024-03-24T11:29:12.000Z","2024-03-24T11:29:20.000Z","2024-03-24T11:29:21.000Z","2024-03-24T11:29:28.000Z","2024-03-24T11:29:29.000Z","2024-03-24T11:29:36.000Z","2024-03-24T11:29:38.000Z","2024-03-24T11:29:45.000Z","2024-03-24T11:29:46.000Z","2024-03-24T11:29:48.000Z","2024-03-24T11:29:50.000Z","2024-03-24T11:29:57.000Z","2024-03-24T11:30:04.000Z","2024-03-24T11:30:09.000Z","2024-03-24T11:30:15.000Z","2024-03-24T11:30:23.000Z","2024-03-24T11:30:24.000Z","2024-03-24T11:30:28.000Z","2024-03-24T11:30:33.000Z","2024-03-24T11:30:41.000Z","2024-03-24T11:30:42.000Z","2024-03-24T11:30:49.000Z","2024-03-24T11:30:56.000Z","2024-03-24T11:30:58.000Z","2024-03-24T11:31:05.000Z","2024-03-24T11:31:06.000Z","2024-03-24T11:31:12.000Z","2024-03-24T11:31:19.000Z","2024-03-24T11:31:21.000Z","2024-03-24T11:31:28.000Z","2024-03-24T11:31:32.000Z","2024-03-24T11:31:38.000Z","2024-03-24T11:31:43.000Z","2024-03-24T11:31:50.000Z","2024-03-24T11:31:57.000Z","2024-03-24T11:32:02.000Z","2024-03-24T11:32:04.000Z","2024-03-24T11:32:11.000Z","2024-03-24T11:32:13.000Z","2024-03-24T11:32:20.000Z","2024-03-24T11:32:21.000Z","2024-03-24T11:32:28.000Z","2024-03-24T11:32:35.000Z","2024-03-24T11:32:36.000Z","2024-03-24T11:32:44.000Z","2024-03-24T11:32:51.000Z","2024-03-24T11:32:53.000Z","2024-03-24T11:32:58.000Z","2024-03-24T11:33:03.000Z","2024-03-24T11:33:09.000Z","2024-03-24T11:33:10.000Z","2024-03-24T11:33:15.000Z","2024-03-24T11:33:23.000Z","2024-03-24T11:33:30.000Z","2024-03-24T11:33:37.000Z","2024-03-24T11:33:42.000Z","2024-03-24T11:33:48.000Z","2024-03-24T11:33:55.000Z","2024-03-24T11:33:56.000Z","2024-03-24T11:34:04.000Z","2024-03-24T11:34:11.000Z","2024-03-24T11:34:12.000Z","2024-03-24T11:34:17.000Z","2024-03-24T11:34:22.000Z","2024-03-24T11:34:28.000Z","2024-03-24T11:34:35.000Z","2024-03-24T11:34:36.000Z","2024-03-24T11:34:43.000Z","2024-03-24T11:34:44.000Z","2024-03-24T11:34:51.000Z","2024-03-24T11:34:52.000Z","2024-03-24T11:34:58.000Z","2024-03-24T11:35:04.000Z","2024-03-24T11:35:10.000Z","2024-03-24T11:35:16.000Z","2024-03-24T11:35:23.000Z","2024-03-24T11:35:25.000Z","2024-03-24T11:35:29.000Z","2024-03-24T11:35:30.000Z","2024-03-24T11:35:31.000Z","2024-03-24T11:35:33.000Z","2024-03-24T11:35:35.000Z","2024-03-24T11:35:36.000Z","2024-03-24T11:35:38.000Z","2024-03-24T11:35:39.000Z","2024-03-24T11:35:42.000Z","2024-03-24T11:35:43.000Z","2024-03-24T11:35:46.000Z","2024-03-24T11:35:48.000Z","2024-03-24T11:35:54.000Z","2024-03-24T11:36:00.000Z","2024-03-24T11:36:06.000Z","2024-03-24T11:36:13.000Z","2024-03-24T11:36:15.000Z","2024-03-24T11:36:23.000Z","2024-03-24T11:36:24.000Z","2024-03-24T11:36:31.000Z","2024-03-24T11:36:34.000Z","2024-03-24T11:36:42.000Z","2024-03-24T11:36:43.000Z","2024-03-24T11:36:50.000Z","2024-03-24T11:36:51.000Z","2024-03-24T11:36:58.000Z","2024-03-24T11:37:00.000Z","2024-03-24T11:37:07.000Z","2024-03-24T11:37:09.000Z","2024-03-24T11:37:16.000Z","2024-03-24T11:37:21.000Z","2024-03-24T11:37:23.000Z","2024-03-24T11:37:31.000Z","2024-03-24T11:37:38.000Z","2024-03-24T11:37:45.000Z","2024-03-24T11:37:47.000Z","2024-03-24T11:37:55.000Z","2024-03-24T11:37:56.000Z","2024-03-24T11:38:03.000Z","2024-03-24T11:38:10.000Z","2024-03-24T11:38:12.000Z","2024-03-24T11:38:19.000Z","2024-03-24T11:38:26.000Z","2024-03-24T11:38:31.000Z","2024-03-24T11:38:32.000Z","2024-03-24T11:38:36.000Z","2024-03-24T11:38:40.000Z","2024-03-24T11:38:42.000Z","2024-03-24T11:38:45.000Z","2024-03-24T11:38:51.000Z","2024-03-24T11:38:58.000Z","2024-03-24T11:39:01.000Z","2024-03-24T11:39:08.000Z","2024-03-24T11:39:12.000Z","2024-03-24T11:39:18.000Z","2024-03-24T11:39:24.000Z","2024-03-24T11:39:31.000Z","2024-03-24T11:39:33.000Z","2024-03-24T11:39:40.000Z","2024-03-24T11:39:42.000Z","2024-03-24T11:39:49.000Z","2024-03-24T11:39:51.000Z","2024-03-24T11:39:59.000Z","2024-03-24T11:40:06.000Z","2024-03-24T11:40:08.000Z","2024-03-24T11:40:15.000Z","2024-03-24T11:40:17.000Z","2024-03-24T11:40:24.000Z","2024-03-24T11:40:25.000Z","2024-03-24T11:40:32.000Z","2024-03-24T11:40:34.000Z","2024-03-24T11:40:40.000Z","2024-03-24T11:40:47.000Z","2024-03-24T11:40:48.000Z","2024-03-24T11:40:54.000Z","2024-03-24T11:41:00.000Z","2024-03-24T11:41:08.000Z","2024-03-24T11:41:16.000Z","2024-03-24T11:41:17.000Z","2024-03-24T11:41:24.000Z","2024-03-24T11:41:27.000Z","2024-03-24T11:41:30.000Z","2024-03-24T11:41:35.000Z","2024-03-24T11:41:43.000Z","2024-03-24T11:41:50.000Z","2024-03-24T11:41:57.000Z","2024-03-24T11:42:00.000Z","2024-03-24T11:42:08.000Z","2024-03-24T11:42:09.000Z","2024-03-24T11:42:16.000Z","2024-03-24T11:42:18.000Z","2024-03-24T11:42:25.000Z","2024-03-24T11:42:28.000Z","2024-03-24T11:42:34.000Z","2024-03-24T11:42:41.000Z","2024-03-24T11:42:49.000Z","2024-03-24T11:42:57.000Z","2024-03-24T11:42:58.000Z","2024-03-24T11:43:06.000Z","2024-03-24T11:43:07.000Z","2024-03-24T11:43:14.000Z","2024-03-24T11:43:16.000Z","2024-03-24T11:43:23.000Z","2024-03-24T11:43:25.000Z","2024-03-24T11:43:32.000Z","2024-03-24T11:43:34.000Z","2024-03-24T11:43:42.000Z","2024-03-24T11:43:43.000Z","2024-03-24T11:43:51.000Z","2024-03-24T11:43:52.000Z","2024-03-24T11:43:59.000Z","2024-03-24T11:44:06.000Z","2024-03-24T11:44:13.000Z","2024-03-24T11:44:20.000Z","2024-03-24T11:44:27.000Z","2024-03-24T11:44:29.000Z","2024-03-24T11:44:31.000Z","2024-03-24T11:44:38.000Z","2024-03-24T11:44:45.000Z","2024-03-24T11:44:46.000Z","2024-03-24T11:44:53.000Z","2024-03-24T11:45:00.000Z","2024-03-24T11:45:07.000Z","2024-03-24T11:45:14.000Z","2024-03-24T11:45:20.000Z","2024-03-24T11:45:21.000Z","2024-03-24T11:45:27.000Z","2024-03-24T11:45:34.000Z","2024-03-24T11:45:42.000Z","2024-03-24T11:45:49.000Z","2024-03-24T11:45:50.000Z","2024-03-24T11:45:56.000Z","2024-03-24T11:46:03.000Z","2024-03-24T11:46:05.000Z","2024-03-24T11:46:12.000Z","2024-03-24T11:46:14.000Z","2024-03-24T11:46:21.000Z","2024-03-24T11:46:22.000Z","2024-03-24T11:46:27.000Z","2024-03-24T11:46:28.000Z","2024-03-24T11:46:33.000Z","2024-03-24T11:46:40.000Z","2024-03-24T11:46:42.000Z","2024-03-24T11:46:50.000Z","2024-03-24T11:46:57.000Z","2024-03-24T11:46:58.000Z","2024-03-24T11:47:06.000Z","2024-03-24T11:47:07.000Z","2024-03-24T11:47:14.000Z","2024-03-24T11:47:16.000Z","2024-03-24T11:47:17.000Z","2024-03-24T11:47:20.000Z","2024-03-24T11:47:23.000Z","2024-03-24T11:47:30.000Z","2024-03-24T11:47:32.000Z","2024-03-24T11:47:39.000Z","2024-03-24T11:47:45.000Z","2024-03-24T11:47:52.000Z","2024-03-24T11:47:54.000Z","2024-03-24T11:47:55.000Z","2024-03-24T11:48:02.000Z","2024-03-24T11:48:09.000Z","2024-03-24T11:48:10.000Z","2024-03-24T11:48:17.000Z","2024-03-24T11:48:19.000Z","2024-03-24T11:48:26.000Z","2024-03-24T11:48:28.000Z","2024-03-24T11:48:35.000Z","2024-03-24T11:48:37.000Z","2024-03-24T11:48:45.000Z","2024-03-24T11:48:52.000Z","2024-03-24T11:48:55.000Z","2024-03-24T11:49:02.000Z","2024-03-24T11:49:09.000Z","2024-03-24T11:49:11.000Z","2024-03-24T11:49:18.000Z","2024-03-24T11:49:22.000Z","2024-03-24T11:49:29.000Z","2024-03-24T11:49:33.000Z","2024-03-24T11:49:40.000Z","2024-03-24T11:49:43.000Z","2024-03-24T11:49:50.000Z","2024-03-24T11:49:51.000Z","2024-03-24T11:49:58.000Z","2024-03-24T11:50:00.000Z","2024-03-24T11:50:08.000Z","2024-03-24T11:50:16.000Z","2024-03-24T11:50:17.000Z","2024-03-24T11:50:25.000Z","2024-03-24T11:50:32.000Z","2024-03-24T11:50:33.000Z","2024-03-24T11:50:41.000Z","2024-03-24T11:50:49.000Z","2024-03-24T11:50:52.000Z","2024-03-24T11:51:00.000Z","2024-03-24T11:51:03.000Z","2024-03-24T11:51:11.000Z","2024-03-24T11:51:18.000Z","2024-03-24T11:51:21.000Z","2024-03-24T11:51:29.000Z","2024-03-24T11:51:30.000Z","2024-03-24T11:51:37.000Z","2024-03-24T11:51:38.000Z","2024-03-24T11:51:45.000Z","2024-03-24T11:51:46.000Z","2024-03-24T11:51:53.000Z","2024-03-24T11:51:55.000Z","2024-03-24T11:52:03.000Z","2024-03-24T11:52:11.000Z","2024-03-24T11:52:12.000Z","2024-03-24T11:52:20.000Z","2024-03-24T11:52:22.000Z","2024-03-24T11:52:30.000Z","2024-03-24T11:52:32.000Z","2024-03-24T11:52:40.000Z","2024-03-24T11:52:48.000Z","2024-03-24T11:52:55.000Z","2024-03-24T11:52:59.000Z","2024-03-24T11:53:05.000Z","2024-03-24T11:53:06.000Z","2024-03-24T11:53:14.000Z","2024-03-24T11:53:19.000Z","2024-03-24T11:53:26.000Z","2024-03-24T11:53:27.000Z","2024-03-24T11:53:35.000Z","2024-03-24T11:53:37.000Z","2024-03-24T11:53:44.000Z","2024-03-24T11:53:46.000Z","2024-03-24T11:53:53.000Z","2024-03-24T11:54:01.000Z","2024-03-24T11:54:09.000Z","2024-03-24T11:54:16.000Z","2024-03-24T11:54:22.000Z","2024-03-24T11:54:28.000Z","2024-03-24T11:54:35.000Z","2024-03-24T11:54:37.000Z","2024-03-24T11:54:44.000Z","2024-03-24T11:54:48.000Z","2024-03-24T11:54:55.000Z","2024-03-24T11:54:57.000Z","2024-03-24T11:55:05.000Z","2024-03-24T11:55:07.000Z","2024-03-24T11:55:15.000Z","2024-03-24T11:55:18.000Z","2024-03-24T11:55:25.000Z","2024-03-24T11:55:33.000Z","2024-03-24T11:55:34.000Z","2024-03-24T11:55:41.000Z","2024-03-24T11:55:48.000Z","2024-03-24T11:55:56.000Z","2024-03-24T11:56:03.000Z","2024-03-24T11:56:10.000Z","2024-03-24T11:56:17.000Z","2024-03-24T11:56:25.000Z","2024-03-24T11:56:32.000Z","2024-03-24T11:56:38.000Z","2024-03-24T11:56:46.000Z","2024-03-24T11:56:48.000Z","2024-03-24T11:56:55.000Z","2024-03-24T11:57:00.000Z","2024-03-24T11:57:05.000Z","2024-03-24T11:57:12.000Z","2024-03-24T11:57:14.000Z","2024-03-24T11:57:16.000Z","2024-03-24T11:57:20.000Z","2024-03-24T11:57:26.000Z","2024-03-24T11:57:27.000Z","2024-03-24T11:57:34.000Z","2024-03-24T11:57:42.000Z","2024-03-24T11:57:48.000Z","2024-03-24T11:57:54.000Z","2024-03-24T11:57:57.000Z","2024-03-24T11:58:04.000Z","2024-03-24T11:58:06.000Z","2024-03-24T11:58:10.000Z","2024-03-24T11:58:11.000Z","2024-03-24T11:58:15.000Z","2024-03-24T11:58:16.000Z","2024-03-24T11:58:17.000Z","2024-03-24T11:58:20.000Z","2024-03-24T11:58:27.000Z","2024-03-24T11:58:35.000Z","2024-03-24T11:58:42.000Z","2024-03-24T11:58:48.000Z","2024-03-24T11:58:55.000Z","2024-03-24T11:58:56.000Z","2024-03-24T11:59:01.000Z","2024-03-24T11:59:02.000Z","2024-03-24T11:59:10.000Z","2024-03-24T11:59:17.000Z","2024-03-24T11:59:18.000Z","2024-03-24T11:59:25.000Z","2024-03-24T11:59:32.000Z","2024-03-24T11:59:33.000Z","2024-03-24T11:59:40.000Z","2024-03-24T11:59:42.000Z","2024-03-24T11:59:50.000Z","2024-03-24T11:59:53.000Z","2024-03-24T12:00:00.000Z","2024-03-24T12:00:04.000Z","2024-03-24T12:00:11.000Z","2024-03-24T12:00:18.000Z","2024-03-24T12:00:21.000Z","2024-03-24T12:00:29.000Z","2024-03-24T12:00:31.000Z","2024-03-24T12:00:39.000Z","2024-03-24T12:00:40.000Z","2024-03-24T12:00:46.000Z","2024-03-24T12:00:53.000Z","2024-03-24T12:00:56.000Z","2024-03-24T12:01:02.000Z","2024-03-24T12:01:04.000Z","2024-03-24T12:01:06.000Z","2024-03-24T12:01:07.000Z","2024-03-24T12:01:13.000Z","2024-03-24T12:01:21.000Z","2024-03-24T12:01:22.000Z","2024-03-24T12:01:23.000Z","2024-03-24T12:01:26.000Z","2024-03-24T12:01:29.000Z","2024-03-24T12:01:30.000Z","2024-03-24T12:01:36.000Z","2024-03-24T12:01:42.000Z","2024-03-24T12:01:50.000Z","2024-03-24T12:01:51.000Z","2024-03-24T12:02:00.000Z","2024-03-24T12:02:02.000Z","2024-03-24T12:02:04.000Z","2024-03-24T12:02:08.000Z","2024-03-24T12:02:09.000Z","2024-03-24T12:02:19.000Z","2024-03-24T12:02:20.000Z","2024-03-24T12:02:22.000Z","2024-03-24T12:02:28.000Z","2024-03-24T12:02:33.000Z","2024-03-24T12:02:38.000Z","2024-03-24T12:02:41.000Z","2024-03-24T12:02:48.000Z","2024-03-24T12:02:49.000Z","2024-03-24T12:02:57.000Z","2024-03-24T12:03:00.000Z","2024-03-24T12:03:08.000Z","2024-03-24T12:03:10.000Z","2024-03-24T12:03:17.000Z","2024-03-24T12:03:23.000Z","2024-03-24T12:03:25.000Z","2024-03-24T12:03:29.000Z","2024-03-24T12:03:33.000Z","2024-03-24T12:03:41.000Z","2024-03-24T12:03:42.000Z","2024-03-24T12:03:50.000Z","2024-03-24T12:03:51.000Z","2024-03-24T12:03:56.000Z","2024-03-24T12:03:59.000Z","2024-03-24T12:04:07.000Z","2024-03-24T12:04:15.000Z","2024-03-24T12:04:16.000Z","2024-03-24T12:04:24.000Z","2024-03-24T12:04:25.000Z","2024-03-24T12:04:33.000Z","2024-03-24T12:04:41.000Z","2024-03-24T12:04:46.000Z","2024-03-24T12:04:48.000Z","2024-03-24T12:04:54.000Z","2024-03-24T12:04:57.000Z","2024-03-24T12:04:58.000Z","2024-03-24T12:05:02.000Z","2024-03-24T12:05:07.000Z","2024-03-24T12:05:14.000Z","2024-03-24T12:05:22.000Z","2024-03-24T12:05:23.000Z","2024-03-24T12:05:31.000Z","2024-03-24T12:05:34.000Z","2024-03-24T12:05:42.000Z","2024-03-24T12:05:43.000Z","2024-03-24T12:05:50.000Z","2024-03-24T12:05:58.000Z","2024-03-24T12:05:59.000Z","2024-03-24T12:06:05.000Z","2024-03-24T12:06:08.000Z","2024-03-24T12:06:15.000Z","2024-03-24T12:06:22.000Z","2024-03-24T12:06:24.000Z","2024-03-24T12:06:32.000Z","2024-03-24T12:06:34.000Z","2024-03-24T12:06:41.000Z","2024-03-24T12:06:45.000Z","2024-03-24T12:06:53.000Z","2024-03-24T12:06:55.000Z","2024-03-24T12:06:57.000Z","2024-03-24T12:06:58.000Z","2024-03-24T12:07:03.000Z","2024-03-24T12:07:06.000Z","2024-03-24T12:07:07.000Z","2024-03-24T12:07:12.000Z","2024-03-24T12:07:23.000Z","2024-03-24T12:07:25.000Z","2024-03-24T12:07:30.000Z","2024-03-24T12:07:37.000Z","2024-03-24T12:07:39.000Z","2024-03-24T12:07:46.000Z","2024-03-24T12:07:54.000Z","2024-03-24T12:07:55.000Z","2024-03-24T12:08:03.000Z","2024-03-24T12:08:04.000Z","2024-03-24T12:08:12.000Z","2024-03-24T12:08:19.000Z","2024-03-24T12:08:26.000Z","2024-03-24T12:08:27.000Z","2024-03-24T12:08:35.000Z","2024-03-24T12:08:37.000Z","2024-03-24T12:08:44.000Z","2024-03-24T12:08:52.000Z","2024-03-24T12:09:00.000Z","2024-03-24T12:09:07.000Z","2024-03-24T12:09:13.000Z","2024-03-24T12:09:21.000Z","2024-03-24T12:09:22.000Z","2024-03-24T12:09:29.000Z","2024-03-24T12:09:35.000Z","2024-03-24T12:09:44.000Z","2024-03-24T12:09:49.000Z","2024-03-24T12:09:54.000Z","2024-03-24T12:09:59.000Z","2024-03-24T12:10:07.000Z","2024-03-24T12:10:13.000Z","2024-03-24T12:10:20.000Z","2024-03-24T12:10:21.000Z","2024-03-24T12:10:29.000Z","2024-03-24T12:10:31.000Z","2024-03-24T12:10:38.000Z","2024-03-24T12:10:39.000Z","2024-03-24T12:10:45.000Z","2024-03-24T12:10:51.000Z","2024-03-24T12:10:59.000Z","2024-03-24T12:11:00.000Z","2024-03-24T12:11:01.000Z","2024-03-24T12:11:04.000Z","2024-03-24T12:11:05.000Z","2024-03-24T12:11:08.000Z","2024-03-24T12:11:09.000Z","2024-03-24T12:11:15.000Z","2024-03-24T12:11:18.000Z","2024-03-24T12:11:22.000Z","2024-03-24T12:11:29.000Z","2024-03-24T12:11:35.000Z","2024-03-24T12:11:43.000Z","2024-03-24T12:11:48.000Z","2024-03-24T12:11:57.000Z","2024-03-24T12:12:03.000Z","2024-03-24T12:12:04.000Z","2024-03-24T12:12:12.000Z","2024-03-24T12:12:19.000Z","2024-03-24T12:12:22.000Z","2024-03-24T12:12:23.000Z","2024-03-24T12:12:27.000Z","2024-03-24T12:12:28.000Z","2024-03-24T12:12:32.000Z","2024-03-24T12:12:33.000Z","2024-03-24T12:12:34.000Z","2024-03-24T12:12:36.000Z","2024-03-24T12:12:37.000Z","2024-03-24T12:12:42.000Z","2024-03-24T12:12:50.000Z","2024-03-24T12:12:55.000Z","2024-03-24T12:12:57.000Z","2024-03-24T12:13:03.000Z","2024-03-24T12:13:06.000Z","2024-03-24T12:13:13.000Z","2024-03-24T12:13:16.000Z","2024-03-24T12:13:23.000Z","2024-03-24T12:13:24.000Z","2024-03-24T12:13:32.000Z","2024-03-24T12:13:39.000Z","2024-03-24T12:13:47.000Z","2024-03-24T12:13:49.000Z","2024-03-24T12:13:57.000Z","2024-03-24T12:13:59.000Z","2024-03-24T12:14:07.000Z","2024-03-24T12:14:09.000Z","2024-03-24T12:14:15.000Z","2024-03-24T12:14:23.000Z","2024-03-24T12:14:26.000Z","2024-03-24T12:14:32.000Z","2024-03-24T12:14:39.000Z","2024-03-24T12:14:41.000Z","2024-03-24T12:14:49.000Z","2024-03-24T12:14:56.000Z","2024-03-24T12:15:03.000Z","2024-03-24T12:15:11.000Z","2024-03-24T12:15:18.000Z","2024-03-24T12:15:20.000Z","2024-03-24T12:15:27.000Z","2024-03-24T12:15:34.000Z","2024-03-24T12:15:35.000Z","2024-03-24T12:15:41.000Z","2024-03-24T12:15:49.000Z","2024-03-24T12:15:51.000Z","2024-03-24T12:15:58.000Z","2024-03-24T12:16:05.000Z","2024-03-24T12:16:13.000Z","2024-03-24T12:16:20.000Z","2024-03-24T12:16:22.000Z","2024-03-24T12:16:29.000Z","2024-03-24T12:16:37.000Z","2024-03-24T12:16:39.000Z","2024-03-24T12:16:47.000Z","2024-03-24T12:16:56.000Z","2024-03-24T12:16:58.000Z","2024-03-24T12:17:04.000Z","2024-03-24T12:17:08.000Z","2024-03-24T12:17:14.000Z","2024-03-24T12:17:21.000Z","2024-03-24T12:17:23.000Z","2024-03-24T12:17:31.000Z","2024-03-24T12:17:32.000Z","2024-03-24T12:17:39.000Z","2024-03-24T12:17:40.000Z","2024-03-24T12:17:48.000Z","2024-03-24T12:17:51.000Z","2024-03-24T12:17:57.000Z","2024-03-24T12:18:05.000Z","2024-03-24T12:18:07.000Z","2024-03-24T12:18:15.000Z","2024-03-24T12:18:18.000Z","2024-03-24T12:18:26.000Z","2024-03-24T12:18:30.000Z","2024-03-24T12:18:39.000Z","2024-03-24T12:18:40.000Z","2024-03-24T12:18:48.000Z","2024-03-24T12:18:50.000Z","2024-03-24T12:18:57.000Z","2024-03-24T12:19:05.000Z","2024-03-24T12:19:10.000Z","2024-03-24T12:19:14.000Z","2024-03-24T12:19:21.000Z","2024-03-24T12:19:22.000Z","2024-03-24T12:19:30.000Z","2024-03-24T12:19:39.000Z","2024-03-24T12:19:47.000Z","2024-03-24T12:19:49.000Z","2024-03-24T12:19:57.000Z","2024-03-24T12:19:58.000Z","2024-03-24T12:20:06.000Z","2024-03-24T12:20:09.000Z","2024-03-24T12:20:16.000Z","2024-03-24T12:20:24.000Z","2024-03-24T12:20:25.000Z","2024-03-24T12:20:33.000Z","2024-03-24T12:20:34.000Z","2024-03-24T12:20:41.000Z","2024-03-24T12:20:42.000Z","2024-03-24T12:20:50.000Z","2024-03-24T12:20:54.000Z","2024-03-24T12:21:45.000Z","2024-03-24T12:21:47.000Z","2024-03-24T12:21:49.000Z","2024-03-24T12:21:53.000Z","2024-03-24T12:21:57.000Z","2024-03-24T12:22:00.000Z","2024-03-24T12:22:06.000Z","2024-03-24T12:22:12.000Z","2024-03-24T12:22:19.000Z","2024-03-24T12:22:27.000Z","2024-03-24T12:22:35.000Z","2024-03-24T12:22:42.000Z","2024-03-24T12:22:51.000Z","2024-03-24T12:22:52.000Z","2024-03-24T12:22:58.000Z","2024-03-24T12:22:59.000Z","2024-03-24T12:23:06.000Z","2024-03-24T12:23:13.000Z","2024-03-24T12:23:21.000Z","2024-03-24T12:23:28.000Z","2024-03-24T12:23:36.000Z","2024-03-24T12:23:44.000Z","2024-03-24T12:23:45.000Z","2024-03-24T12:23:53.000Z","2024-03-24T12:23:54.000Z","2024-03-24T12:23:57.000Z","2024-03-24T12:24:00.000Z","2024-03-24T12:24:07.000Z","2024-03-24T12:24:11.000Z","2024-03-24T12:24:14.000Z","2024-03-24T12:24:20.000Z","2024-03-24T12:24:28.000Z","2024-03-24T12:24:29.000Z","2024-03-24T12:24:34.000Z","2024-03-24T12:24:38.000Z","2024-03-24T12:24:43.000Z","2024-03-24T12:24:50.000Z","2024-03-24T12:24:54.000Z","2024-03-24T12:25:00.000Z","2024-03-24T12:25:07.000Z","2024-03-24T12:25:09.000Z","2024-03-24T12:25:10.000Z","2024-03-24T12:25:14.000Z","2024-03-24T12:25:22.000Z","2024-03-24T12:25:30.000Z","2024-03-24T12:25:39.000Z","2024-03-24T12:25:45.000Z","2024-03-24T12:25:47.000Z","2024-03-24T12:25:53.000Z","2024-03-24T12:26:01.000Z","2024-03-24T12:26:09.000Z","2024-03-24T12:26:12.000Z","2024-03-24T12:26:16.000Z","2024-03-24T12:26:20.000Z","2024-03-24T12:26:23.000Z","2024-03-24T12:26:27.000Z","2024-03-24T12:26:31.000Z","2024-03-24T12:26:37.000Z","2024-03-24T12:26:44.000Z","2024-03-24T12:26:47.000Z","2024-03-24T12:26:50.000Z","2024-03-24T12:26:57.000Z","2024-03-24T12:26:58.000Z","2024-03-24T12:27:06.000Z","2024-03-24T12:27:09.000Z","2024-03-24T12:27:15.000Z","2024-03-24T12:27:17.000Z","2024-03-24T12:27:18.000Z","2024-03-24T12:27:20.000Z","2024-03-24T12:27:25.000Z","2024-03-24T12:27:30.000Z","2024-03-24T12:27:34.000Z","2024-03-24T12:27:36.000Z","2024-03-24T12:27:37.000Z","2024-03-24T12:27:41.000Z","2024-03-24T12:27:44.000Z","2024-03-24T12:27:46.000Z","2024-03-24T12:27:53.000Z","2024-03-24T12:27:54.000Z","2024-03-24T12:28:03.000Z","2024-03-24T12:28:06.000Z","2024-03-24T12:28:13.000Z","2024-03-24T12:28:15.000Z","2024-03-24T12:28:23.000Z","2024-03-24T12:28:25.000Z","2024-03-24T12:28:26.000Z","2024-03-24T12:28:33.000Z","2024-03-24T12:28:42.000Z","2024-03-24T12:28:51.000Z","2024-03-24T12:28:53.000Z","2024-03-24T12:29:00.000Z","2024-03-24T12:29:02.000Z","2024-03-24T12:29:10.000Z","2024-03-24T12:29:11.000Z","2024-03-24T12:29:19.000Z","2024-03-24T12:29:21.000Z","2024-03-24T12:29:30.000Z","2024-03-24T12:29:32.000Z","2024-03-24T12:29:40.000Z","2024-03-24T12:29:41.000Z","2024-03-24T12:29:49.000Z","2024-03-24T12:29:58.000Z","2024-03-24T12:30:07.000Z","2024-03-24T12:30:15.000Z","2024-03-24T12:30:17.000Z","2024-03-24T12:30:25.000Z","2024-03-24T12:30:27.000Z","2024-03-24T12:30:29.000Z","2024-03-24T12:30:36.000Z","2024-03-24T12:30:43.000Z","2024-03-24T12:30:45.000Z","2024-03-24T12:30:53.000Z","2024-03-24T12:30:55.000Z","2024-03-24T12:31:03.000Z","2024-03-24T12:31:06.000Z","2024-03-24T12:31:13.000Z","2024-03-24T12:31:14.000Z","2024-03-24T12:31:22.000Z","2024-03-24T12:31:30.000Z","2024-03-24T12:31:33.000Z","2024-03-24T12:31:41.000Z","2024-03-24T12:31:42.000Z","2024-03-24T12:31:50.000Z","2024-03-24T12:31:51.000Z","2024-03-24T12:31:56.000Z","2024-03-24T12:31:57.000Z","2024-03-24T12:32:00.000Z","2024-03-24T12:32:05.000Z","2024-03-24T12:32:11.000Z","2024-03-24T12:32:14.000Z","2024-03-24T12:32:22.000Z","2024-03-24T12:32:24.000Z","2024-03-24T12:32:27.000Z","2024-03-24T12:32:35.000Z","2024-03-24T12:32:36.000Z","2024-03-24T12:32:44.000Z","2024-03-24T12:32:50.000Z","2024-03-24T12:32:55.000Z","2024-03-24T12:33:02.000Z","2024-03-24T12:33:03.000Z","2024-03-24T12:33:05.000Z","2024-03-24T12:33:06.000Z","2024-03-24T12:33:14.000Z","2024-03-24T12:33:15.000Z","2024-03-24T12:33:18.000Z","2024-03-24T12:33:24.000Z","2024-03-24T12:33:26.000Z","2024-03-24T12:33:27.000Z","2024-03-24T12:33:30.000Z","2024-03-24T12:33:52.000Z","2024-03-24T12:33:54.000Z","2024-03-24T12:33:56.000Z","2024-03-24T12:33:57.000Z","2024-03-24T12:33:58.000Z","2024-03-24T12:34:01.000Z","2024-03-24T12:34:06.000Z","2024-03-24T12:34:13.000Z","2024-03-24T12:34:16.000Z","2024-03-24T12:34:18.000Z","2024-03-24T12:34:20.000Z","2024-03-24T12:34:25.000Z","2024-03-24T12:34:27.000Z","2024-03-24T12:34:29.000Z","2024-03-24T12:34:30.000Z","2024-03-24T12:34:33.000Z","2024-03-24T12:34:37.000Z","2024-03-24T12:34:50.000Z","2024-03-24T12:34:57.000Z","2024-03-24T12:35:02.000Z","2024-03-24T12:35:03.000Z","2024-03-24T12:35:10.000Z","2024-03-24T12:35:19.000Z","2024-03-24T12:35:24.000Z","2024-03-24T12:35:25.000Z","2024-03-24T12:35:31.000Z","2024-03-24T12:35:36.000Z","2024-03-24T12:35:38.000Z","2024-03-24T12:35:45.000Z","2024-03-24T12:35:54.000Z","2024-03-24T12:35:56.000Z","2024-03-24T12:36:02.000Z","2024-03-24T12:36:07.000Z","2024-03-24T12:36:12.000Z","2024-03-24T12:36:20.000Z","2024-03-24T12:36:21.000Z","2024-03-24T12:36:24.000Z","2024-03-24T12:36:30.000Z","2024-03-24T12:36:38.000Z","2024-03-24T12:36:47.000Z","2024-03-24T12:36:57.000Z","2024-03-24T12:37:02.000Z","2024-03-24T12:37:05.000Z","2024-03-24T12:37:09.000Z","2024-03-24T12:37:11.000Z","2024-03-24T12:37:13.000Z","2024-03-24T12:37:15.000Z","2024-03-24T12:37:17.000Z","2024-03-24T12:37:18.000Z","2024-03-24T12:37:26.000Z","2024-03-24T12:37:30.000Z","2024-03-24T12:37:35.000Z","2024-03-24T12:37:43.000Z","2024-03-24T12:37:45.000Z","2024-03-24T12:37:53.000Z","2024-03-24T12:38:00.000Z","2024-03-24T12:38:05.000Z","2024-03-24T12:38:07.000Z","2024-03-24T12:38:15.000Z","2024-03-24T12:38:16.000Z","2024-03-24T12:38:24.000Z","2024-03-24T12:38:32.000Z","2024-03-24T12:38:33.000Z","2024-03-24T12:38:41.000Z","2024-03-24T12:38:44.000Z","2024-03-24T12:38:53.000Z","2024-03-24T12:38:55.000Z","2024-03-24T12:39:03.000Z","2024-03-24T12:39:04.000Z","2024-03-24T12:39:09.000Z","2024-03-24T12:39:13.000Z","2024-03-24T12:39:20.000Z","2024-03-24T12:39:24.000Z","2024-03-24T12:39:27.000Z","2024-03-24T12:39:33.000Z","2024-03-24T12:39:37.000Z","2024-03-24T12:39:46.000Z","2024-03-24T12:39:53.000Z","2024-03-24T12:39:57.000Z","2024-03-24T12:40:01.000Z","2024-03-24T12:40:03.000Z","2024-03-24T12:40:04.000Z","2024-03-24T12:40:07.000Z","2024-03-24T12:40:11.000Z","2024-03-24T12:40:14.000Z","2024-03-24T12:40:17.000Z","2024-03-24T12:40:19.000Z","2024-03-24T12:40:22.000Z","2024-03-24T12:40:28.000Z","2024-03-24T12:40:30.000Z","2024-03-24T12:40:32.000Z","2024-03-24T12:40:35.000Z","2024-03-24T12:40:37.000Z","2024-03-24T12:40:40.000Z","2024-03-24T12:40:41.000Z","2024-03-24T12:40:44.000Z","2024-03-24T12:40:47.000Z","2024-03-24T12:40:51.000Z","2024-03-24T12:40:53.000Z","2024-03-24T12:40:55.000Z","2024-03-24T12:41:01.000Z","2024-03-24T12:41:07.000Z","2024-03-24T12:41:09.000Z","2024-03-24T12:41:18.000Z","2024-03-24T12:41:24.000Z","2024-03-24T12:41:26.000Z","2024-03-24T12:41:37.000Z","2024-03-24T12:41:45.000Z","2024-03-24T12:41:51.000Z","2024-03-24T12:41:54.000Z","2024-03-24T12:41:55.000Z","2024-03-24T12:42:00.000Z","2024-03-24T12:42:03.000Z","2024-03-24T12:42:04.000Z","2024-03-24T12:42:06.000Z","2024-03-24T12:42:08.000Z","2024-03-24T12:42:10.000Z","2024-03-24T12:42:12.000Z","2024-03-24T12:42:14.000Z","2024-03-24T12:42:16.000Z","2024-03-24T12:42:19.000Z","2024-03-24T12:42:21.000Z","2024-03-24T12:42:27.000Z","2024-03-24T12:42:33.000Z","2024-03-24T12:42:42.000Z","2024-03-24T12:42:44.000Z","2024-03-24T12:42:48.000Z","2024-03-24T12:42:54.000Z","2024-03-24T12:43:03.000Z","2024-03-24T12:43:11.000Z","2024-03-24T12:43:12.000Z","2024-03-24T12:43:20.000Z","2024-03-24T12:43:22.000Z","2024-03-24T12:43:29.000Z","2024-03-24T12:43:36.000Z","2024-03-24T12:43:37.000Z","2024-03-24T12:43:46.000Z","2024-03-24T12:43:47.000Z","2024-03-24T12:43:56.000Z","2024-03-24T12:43:57.000Z","2024-03-24T12:44:00.000Z","2024-03-24T12:44:06.000Z","2024-03-24T12:44:13.000Z","2024-03-24T12:44:14.000Z","2024-03-24T12:44:23.000Z","2024-03-24T12:44:28.000Z","2024-03-24T12:44:37.000Z","2024-03-24T12:44:40.000Z","2024-03-24T12:44:43.000Z","2024-03-24T12:44:50.000Z","2024-03-24T12:44:59.000Z","2024-03-24T12:45:01.000Z","2024-03-24T12:45:10.000Z","2024-03-24T12:45:18.000Z","2024-03-24T12:45:27.000Z","2024-03-24T12:45:30.000Z","2024-03-24T12:45:31.000Z","2024-03-24T12:45:40.000Z","2024-03-24T12:45:42.000Z","2024-03-24T12:45:50.000Z","2024-03-24T12:45:59.000Z","2024-03-24T12:46:00.000Z","2024-03-24T12:46:07.000Z","2024-03-24T12:46:11.000Z","2024-03-24T12:46:18.000Z","2024-03-24T12:46:26.000Z","2024-03-24T12:46:35.000Z","2024-03-24T12:46:37.000Z","2024-03-24T12:46:43.000Z","2024-03-24T12:46:50.000Z","2024-03-24T12:46:56.000Z","2024-03-24T12:47:04.000Z","2024-03-24T12:47:10.000Z","2024-03-24T12:47:14.000Z","2024-03-24T12:47:19.000Z","2024-03-24T12:47:22.000Z","2024-03-24T12:47:24.000Z","2024-03-24T12:47:29.000Z","2024-03-24T12:47:34.000Z","2024-03-24T12:47:39.000Z","2024-03-24T12:47:49.000Z","2024-03-24T12:47:55.000Z","2024-03-24T12:48:01.000Z","2024-03-24T12:48:11.000Z","2024-03-24T12:48:20.000Z","2024-03-24T12:48:30.000Z","2024-03-24T12:48:39.000Z","2024-03-24T12:48:47.000Z","2024-03-24T12:48:51.000Z","2024-03-24T12:48:52.000Z","2024-03-24T12:48:55.000Z","2024-03-24T12:49:03.000Z","2024-03-24T12:49:10.000Z","2024-03-24T12:49:21.000Z","2024-03-24T12:49:32.000Z","2024-03-24T12:49:43.000Z","2024-03-24T12:49:54.000Z","2024-03-24T12:50:03.000Z","2024-03-24T12:50:13.000Z","2024-03-24T12:50:22.000Z","2024-03-24T12:50:25.000Z","2024-03-24T12:50:29.000Z","2024-03-24T12:50:32.000Z","2024-03-24T12:50:41.000Z","2024-03-24T12:50:47.000Z","2024-03-24T12:50:52.000Z","2024-03-24T12:51:02.000Z","2024-03-24T12:51:12.000Z","2024-03-24T12:51:18.000Z","2024-03-24T12:51:22.000Z","2024-03-24T12:51:30.000Z","2024-03-24T12:51:36.000Z","2024-03-24T12:51:39.000Z","2024-03-24T12:51:41.000Z","2024-03-24T12:51:42.000Z","2024-03-24T12:51:43.000Z","2024-03-24T12:51:45.000Z","2024-03-24T12:51:46.000Z","2024-03-24T12:51:47.000Z","2024-03-24T12:51:51.000Z","2024-03-24T12:51:52.000Z","2024-03-24T12:51:54.000Z","2024-03-24T12:51:57.000Z","2024-03-24T12:52:00.000Z","2024-03-24T12:52:04.000Z","2024-03-24T12:52:05.000Z","2024-03-24T12:52:12.000Z","2024-03-24T12:52:14.000Z","2024-03-24T12:52:21.000Z","2024-03-24T12:52:29.000Z","2024-03-24T12:52:36.000Z","2024-03-24T12:52:39.000Z","2024-03-24T12:52:47.000Z","2024-03-24T12:52:50.000Z","2024-03-24T12:52:58.000Z","2024-03-24T12:53:07.000Z","2024-03-24T12:53:08.000Z","2024-03-24T12:53:17.000Z","2024-03-24T12:53:18.000Z","2024-03-24T12:53:27.000Z","2024-03-24T12:53:30.000Z","2024-03-24T12:53:31.000Z","2024-03-24T12:53:39.000Z","2024-03-24T12:53:40.000Z","2024-03-24T12:53:45.000Z","2024-03-24T12:53:48.000Z","2024-03-24T12:53:57.000Z","2024-03-24T12:54:01.000Z","2024-03-24T12:54:03.000Z","2024-03-24T12:54:11.000Z","2024-03-24T12:54:17.000Z","2024-03-24T12:54:20.000Z","2024-03-24T12:54:24.000Z","2024-03-24T12:54:31.000Z","2024-03-24T12:54:37.000Z","2024-03-24T12:54:41.000Z","2024-03-24T12:54:45.000Z","2024-03-24T12:54:50.000Z","2024-03-24T12:54:56.000Z","2024-03-24T12:54:58.000Z","2024-03-24T12:55:01.000Z","2024-03-24T12:55:05.000Z","2024-03-24T12:55:11.000Z","2024-03-24T12:55:14.000Z","2024-03-24T12:55:19.000Z","2024-03-24T12:55:20.000Z","2024-03-24T12:55:24.000Z","2024-03-24T12:55:30.000Z","2024-03-24T12:55:31.000Z","2024-03-24T12:55:32.000Z","2024-03-24T12:55:34.000Z","2024-03-24T12:55:36.000Z","2024-03-24T12:55:38.000Z","2024-03-24T12:55:39.000Z","2024-03-24T12:55:45.000Z","2024-03-24T12:55:52.000Z","2024-03-24T12:56:00.000Z","2024-03-24T12:56:06.000Z","2024-03-24T12:56:14.000Z","2024-03-24T12:56:15.000Z","2024-03-24T12:56:23.000Z","2024-03-24T12:56:24.000Z","2024-03-24T12:56:32.000Z","2024-03-24T12:56:40.000Z","2024-03-24T12:56:49.000Z","2024-03-24T12:56:50.000Z","2024-03-24T12:56:59.000Z","2024-03-24T12:57:07.000Z","2024-03-24T12:57:11.000Z","2024-03-24T12:57:14.000Z","2024-03-24T12:57:21.000Z","2024-03-24T12:57:23.000Z","2024-03-24T12:57:28.000Z","2024-03-24T12:57:35.000Z","2024-03-24T12:57:43.000Z","2024-03-24T12:57:44.000Z","2024-03-24T12:57:52.000Z","2024-03-24T12:57:54.000Z","2024-03-24T12:58:02.000Z","2024-03-24T12:58:04.000Z","2024-03-24T12:58:10.000Z","2024-03-24T12:58:17.000Z","2024-03-24T12:58:25.000Z","2024-03-24T12:58:29.000Z","2024-03-24T12:58:34.000Z","2024-03-24T12:58:35.000Z","2024-03-24T12:58:41.000Z","2024-03-24T12:58:42.000Z","2024-03-24T12:58:49.000Z","2024-03-24T12:58:51.000Z","2024-03-24T12:58:59.000Z","2024-03-24T12:59:07.000Z","2024-03-24T12:59:08.000Z","2024-03-24T12:59:16.000Z","2024-03-24T12:59:21.000Z","2024-03-24T12:59:23.000Z","2024-03-24T12:59:31.000Z","2024-03-24T12:59:32.000Z","2024-03-24T12:59:40.000Z","2024-03-24T12:59:45.000Z","2024-03-24T12:59:50.000Z","2024-03-24T12:59:55.000Z","2024-03-24T13:00:00.000Z","2024-03-24T13:00:09.000Z","2024-03-24T13:00:16.000Z","2024-03-24T13:00:24.000Z","2024-03-24T13:00:31.000Z","2024-03-24T13:00:36.000Z","2024-03-24T13:00:43.000Z","2024-03-24T13:00:51.000Z","2024-03-24T13:01:00.000Z","2024-03-24T13:01:05.000Z","2024-03-24T13:01:08.000Z","2024-03-24T13:01:16.000Z","2024-03-24T13:01:24.000Z","2024-03-24T13:01:25.000Z","2024-03-24T13:01:32.000Z","2024-03-24T13:01:40.000Z","2024-03-24T13:01:41.000Z","2024-03-24T13:01:49.000Z","2024-03-24T13:01:52.000Z","2024-03-24T13:01:55.000Z","2024-03-24T13:02:00.000Z","2024-03-24T13:02:08.000Z","2024-03-24T13:02:11.000Z","2024-03-24T13:02:12.000Z","2024-03-24T13:02:17.000Z","2024-03-24T13:02:19.000Z","2024-03-24T13:02:22.000Z","2024-03-24T13:02:23.000Z","2024-03-24T13:02:25.000Z","2024-03-24T13:02:33.000Z","2024-03-24T13:02:35.000Z","2024-03-24T13:02:42.000Z","2024-03-24T13:02:44.000Z","2024-03-24T13:02:48.000Z","2024-03-24T13:02:52.000Z","2024-03-24T13:03:00.000Z","2024-03-24T13:03:01.000Z","2024-03-24T13:03:09.000Z","2024-03-24T13:03:12.000Z","2024-03-24T13:03:20.000Z","2024-03-24T13:03:22.000Z","2024-03-24T13:03:30.000Z","2024-03-24T13:03:37.000Z","2024-03-24T13:03:38.000Z","2024-03-24T13:03:46.000Z","2024-03-24T13:03:53.000Z","2024-03-24T13:03:55.000Z","2024-03-24T13:04:03.000Z","2024-03-24T13:04:11.000Z","2024-03-24T13:04:15.000Z","2024-03-24T13:04:22.000Z","2024-03-24T13:04:29.000Z","2024-03-24T13:04:31.000Z","2024-03-24T13:04:39.000Z","2024-03-24T13:04:40.000Z","2024-03-24T13:04:46.000Z","2024-03-24T13:04:48.000Z","2024-03-24T13:04:55.000Z","2024-03-24T13:04:57.000Z","2024-03-24T13:05:05.000Z","2024-03-24T13:05:13.000Z","2024-03-24T13:05:19.000Z","2024-03-24T13:05:27.000Z","2024-03-24T13:05:28.000Z","2024-03-24T13:05:35.000Z","2024-03-24T13:05:37.000Z","2024-03-24T13:05:39.000Z","2024-03-24T13:05:42.000Z","2024-03-24T13:05:48.000Z","2024-03-24T13:05:55.000Z","2024-03-24T13:06:04.000Z","2024-03-24T13:06:08.000Z","2024-03-24T13:06:12.000Z","2024-03-24T13:06:14.000Z","2024-03-24T13:06:20.000Z","2024-03-24T13:06:24.000Z","2024-03-24T13:06:28.000Z","2024-03-24T13:06:33.000Z","2024-03-24T13:06:40.000Z","2024-03-24T13:06:47.000Z","2024-03-24T13:06:55.000Z","2024-03-24T13:06:56.000Z","2024-03-24T13:07:02.000Z","2024-03-24T13:07:04.000Z","2024-03-24T13:07:08.000Z","2024-03-24T13:07:11.000Z","2024-03-24T13:07:18.000Z","2024-03-24T13:07:19.000Z","2024-03-24T13:07:21.000Z","2024-03-24T13:07:22.000Z","2024-03-24T13:07:26.000Z","2024-03-24T13:07:32.000Z","2024-03-24T13:07:40.000Z","2024-03-24T13:07:48.000Z","2024-03-24T13:07:54.000Z","2024-03-24T13:08:01.000Z","2024-03-24T13:08:05.000Z","2024-03-24T13:08:06.000Z","2024-03-24T13:08:07.000Z","2024-03-24T13:08:11.000Z","2024-03-24T13:08:14.000Z","2024-03-24T13:08:16.000Z","2024-03-24T13:08:22.000Z","2024-03-24T13:08:29.000Z","2024-03-24T13:08:30.000Z","2024-03-24T13:08:38.000Z","2024-03-24T13:08:44.000Z","2024-03-24T13:08:51.000Z","2024-03-24T13:08:53.000Z","2024-03-24T13:09:01.000Z","2024-03-24T13:09:09.000Z","2024-03-24T13:09:16.000Z","2024-03-24T13:09:17.000Z","2024-03-24T13:09:23.000Z","2024-03-24T13:09:29.000Z","2024-03-24T13:09:32.000Z","2024-03-24T13:09:40.000Z","2024-03-24T13:09:41.000Z","2024-03-24T13:09:45.000Z","2024-03-24T13:09:52.000Z","2024-03-24T13:09:53.000Z","2024-03-24T13:09:59.000Z","2024-03-24T13:10:00.000Z","2024-03-24T13:10:07.000Z","2024-03-24T13:10:14.000Z","2024-03-24T13:10:21.000Z","2024-03-24T13:10:25.000Z","2024-03-24T13:10:27.000Z","2024-03-24T13:10:28.000Z","2024-03-24T13:10:31.000Z","2024-03-24T13:10:33.000Z","2024-03-24T13:10:39.000Z","2024-03-24T13:10:42.000Z","2024-03-24T13:10:44.000Z","2024-03-24T13:10:46.000Z","2024-03-24T13:10:50.000Z","2024-03-24T13:10:53.000Z","2024-03-24T13:11:01.000Z","2024-03-24T13:11:02.000Z","2024-03-24T13:11:05.000Z","2024-03-24T13:11:09.000Z","2024-03-24T13:11:12.000Z","2024-03-24T13:11:15.000Z","2024-03-24T13:11:16.000Z","2024-03-24T13:11:17.000Z","2024-03-24T13:11:20.000Z","2024-03-24T13:11:22.000Z","2024-03-24T13:11:26.000Z","2024-03-24T13:11:29.000Z","2024-03-24T13:11:34.000Z","2024-03-24T13:11:35.000Z","2024-03-24T13:11:37.000Z","2024-03-24T13:11:41.000Z","2024-03-24T13:11:49.000Z","2024-03-24T13:11:50.000Z","2024-03-24T13:11:52.000Z","2024-03-24T13:11:54.000Z","2024-03-24T13:11:55.000Z","2024-03-24T13:12:02.000Z","2024-03-24T13:12:10.000Z","2024-03-24T13:12:17.000Z","2024-03-24T13:12:20.000Z","2024-03-24T13:12:23.000Z","2024-03-24T13:12:30.000Z","2024-03-24T13:12:37.000Z","2024-03-24T13:12:44.000Z","2024-03-24T13:12:50.000Z","2024-03-24T13:12:58.000Z","2024-03-24T13:12:59.000Z","2024-03-24T13:13:06.000Z","2024-03-24T13:13:13.000Z","2024-03-24T13:13:18.000Z","2024-03-24T13:13:19.000Z","2024-03-24T13:13:25.000Z","2024-03-24T13:13:26.000Z","2024-03-24T13:13:29.000Z","2024-03-24T13:13:36.000Z","2024-03-24T13:13:42.000Z","2024-03-24T13:13:48.000Z","2024-03-24T13:13:55.000Z","2024-03-24T13:14:02.000Z","2024-03-24T13:14:09.000Z","2024-03-24T13:14:16.000Z","2024-03-24T13:14:23.000Z","2024-03-24T13:14:29.000Z","2024-03-24T13:14:38.000Z","2024-03-24T13:14:45.000Z","2024-03-24T13:14:53.000Z","2024-03-24T13:15:00.000Z","2024-03-24T13:15:08.000Z","2024-03-24T13:15:16.000Z","2024-03-24T13:15:23.000Z","2024-03-24T13:15:25.000Z","2024-03-24T13:15:32.000Z","2024-03-24T13:15:33.000Z","2024-03-24T13:15:42.000Z","2024-03-24T13:15:43.000Z","2024-03-24T13:15:52.000Z","2024-03-24T13:15:53.000Z","2024-03-24T13:16:01.000Z","2024-03-24T13:16:08.000Z","2024-03-24T13:16:13.000Z","2024-03-24T13:16:20.000Z","2024-03-24T13:16:29.000Z","2024-03-24T13:16:37.000Z","2024-03-24T13:16:45.000Z","2024-03-24T13:16:46.000Z","2024-03-24T13:16:54.000Z","2024-03-24T13:17:00.000Z","2024-03-24T13:17:08.000Z","2024-03-24T13:17:09.000Z","2024-03-24T13:17:15.000Z","2024-03-24T13:17:17.000Z","2024-03-24T13:17:20.000Z","2024-03-24T13:17:27.000Z","2024-03-24T13:17:35.000Z","2024-03-24T13:17:44.000Z","2024-03-24T13:17:48.000Z","2024-03-24T13:17:49.000Z","2024-03-24T13:17:56.000Z","2024-03-24T13:18:02.000Z","2024-03-24T13:18:09.000Z","2024-03-24T13:18:16.000Z","2024-03-24T13:18:21.000Z","2024-03-24T13:18:23.000Z","2024-03-24T13:18:30.000Z","2024-03-24T13:18:31.000Z","2024-03-24T13:18:38.000Z","2024-03-24T13:18:45.000Z","2024-03-24T13:18:46.000Z","2024-03-24T13:18:51.000Z","2024-03-24T13:18:52.000Z","2024-03-24T13:18:53.000Z","2024-03-24T13:18:57.000Z","2024-03-24T13:19:02.000Z","2024-03-24T13:19:03.000Z","2024-03-24T13:19:08.000Z","2024-03-24T13:19:09.000Z","2024-03-24T13:19:12.000Z","2024-03-24T13:19:14.000Z","2024-03-24T13:19:20.000Z","2024-03-24T13:19:22.000Z","2024-03-24T13:19:24.000Z","2024-03-24T13:19:29.000Z","2024-03-24T13:19:37.000Z","2024-03-24T13:19:44.000Z","2024-03-24T13:19:46.000Z","2024-03-24T13:19:47.000Z","2024-03-24T13:19:50.000Z","2024-03-24T13:19:57.000Z","2024-03-24T13:20:04.000Z","2024-03-24T13:20:06.000Z","2024-03-24T13:20:09.000Z","2024-03-24T13:20:15.000Z","2024-03-24T13:20:19.000Z","2024-03-24T13:20:22.000Z","2024-03-24T13:20:29.000Z","2024-03-24T13:20:31.000Z","2024-03-24T13:20:38.000Z","2024-03-24T13:20:46.000Z","2024-03-24T13:20:53.000Z","2024-03-24T13:21:00.000Z","2024-03-24T13:21:07.000Z","2024-03-24T13:21:08.000Z","2024-03-24T13:21:16.000Z","2024-03-24T13:21:22.000Z","2024-03-24T13:21:29.000Z","2024-03-24T13:21:36.000Z","2024-03-24T13:21:43.000Z","2024-03-24T13:21:50.000Z","2024-03-24T13:21:57.000Z","2024-03-24T13:22:03.000Z","2024-03-24T13:22:05.000Z","2024-03-24T13:22:10.000Z","2024-03-24T13:22:13.000Z","2024-03-24T13:22:16.000Z","2024-03-24T13:22:19.000Z","2024-03-24T13:22:25.000Z","2024-03-24T13:22:32.000Z","2024-03-24T13:22:39.000Z","2024-03-24T13:22:43.000Z","2024-03-24T13:22:51.000Z","2024-03-24T13:22:52.000Z","2024-03-24T13:22:59.000Z","2024-03-24T13:23:07.000Z","2024-03-24T13:23:08.000Z","2024-03-24T13:23:16.000Z","2024-03-24T13:23:17.000Z","2024-03-24T13:23:26.000Z","2024-03-24T13:23:33.000Z","2024-03-24T13:23:40.000Z","2024-03-24T13:23:46.000Z","2024-03-24T13:23:47.000Z","2024-03-24T13:23:54.000Z","2024-03-24T13:23:57.000Z","2024-03-24T13:24:04.000Z","2024-03-24T13:24:10.000Z","2024-03-24T13:24:15.000Z","2024-03-24T13:24:17.000Z","2024-03-24T13:24:24.000Z","2024-03-24T13:24:31.000Z","2024-03-24T13:24:32.000Z","2024-03-24T13:24:40.000Z","2024-03-24T13:24:41.000Z","2024-03-24T13:24:48.000Z","2024-03-24T13:24:55.000Z","2024-03-24T13:24:56.000Z","2024-03-24T13:25:03.000Z","2024-03-24T13:25:06.000Z","2024-03-24T13:25:14.000Z","2024-03-24T13:25:22.000Z","2024-03-24T13:25:23.000Z","2024-03-24T13:25:29.000Z","2024-03-24T13:25:37.000Z","2024-03-24T13:25:38.000Z","2024-03-24T13:25:46.000Z","2024-03-24T13:25:49.000Z","2024-03-24T13:25:56.000Z","2024-03-24T13:26:01.000Z","2024-03-24T13:26:02.000Z","2024-03-24T13:26:03.000Z","2024-03-24T13:26:05.000Z","2024-03-24T13:26:07.000Z","2024-03-24T13:26:17.000Z","2024-03-24T13:26:21.000Z","2024-03-24T13:26:30.000Z","2024-03-24T13:26:40.000Z","2024-03-24T13:26:42.000Z","2024-03-24T13:26:49.000Z","2024-03-24T13:26:50.000Z","2024-03-24T13:26:57.000Z","2024-03-24T13:27:06.000Z","2024-03-24T13:27:08.000Z","2024-03-24T13:27:16.000Z","2024-03-24T13:27:20.000Z","2024-03-24T13:27:25.000Z","2024-03-24T13:27:33.000Z","2024-03-24T13:27:41.000Z","2024-03-24T13:27:49.000Z","2024-03-24T13:27:52.000Z","2024-03-24T13:28:00.000Z","2024-03-24T13:28:08.000Z","2024-03-24T13:28:10.000Z","2024-03-24T13:28:17.000Z","2024-03-24T13:28:25.000Z","2024-03-24T13:28:32.000Z","2024-03-24T13:28:40.000Z","2024-03-24T13:28:41.000Z","2024-03-24T13:28:49.000Z","2024-03-24T13:28:55.000Z","2024-03-24T13:28:57.000Z","2024-03-24T13:29:03.000Z","2024-03-24T13:29:12.000Z","2024-03-24T13:29:16.000Z","2024-03-24T13:29:20.000Z","2024-03-24T13:29:24.000Z","2024-03-24T13:29:25.000Z","2024-03-24T13:29:32.000Z","2024-03-24T13:29:40.000Z","2024-03-24T13:29:41.000Z","2024-03-24T13:29:45.000Z","2024-03-24T13:29:54.000Z","2024-03-24T13:29:55.000Z","2024-03-24T13:30:03.000Z","2024-03-24T13:30:05.000Z","2024-03-24T13:30:06.000Z","2024-03-24T13:30:07.000Z","2024-03-24T13:30:09.000Z","2024-03-24T13:30:14.000Z","2024-03-24T13:30:18.000Z","2024-03-24T13:30:23.000Z","2024-03-24T13:30:30.000Z","2024-03-24T13:30:31.000Z","2024-03-24T13:30:39.000Z","2024-03-24T13:30:41.000Z","2024-03-24T13:30:49.000Z","2024-03-24T13:30:50.000Z","2024-03-24T13:30:58.000Z","2024-03-24T13:31:00.000Z","2024-03-24T13:31:07.000Z","2024-03-24T13:31:13.000Z","2024-03-24T13:31:21.000Z","2024-03-24T13:31:22.000Z","2024-03-24T13:31:30.000Z","2024-03-24T13:31:33.000Z","2024-03-24T13:31:42.000Z","2024-03-24T13:31:43.000Z","2024-03-24T13:31:51.000Z","2024-03-24T13:31:53.000Z","2024-03-24T13:32:02.000Z","2024-03-24T13:32:05.000Z","2024-03-24T13:32:12.000Z","2024-03-24T13:32:13.000Z","2024-03-24T13:32:18.000Z","2024-03-24T13:32:19.000Z","2024-03-24T13:32:21.000Z","2024-03-24T13:32:27.000Z","2024-03-24T13:32:36.000Z","2024-03-24T13:32:40.000Z","2024-03-24T13:32:45.000Z","2024-03-24T13:32:53.000Z","2024-03-24T13:32:59.000Z","2024-03-24T13:33:04.000Z","2024-03-24T13:33:07.000Z","2024-03-24T13:33:13.000Z","2024-03-24T13:33:16.000Z","2024-03-24T13:33:24.000Z","2024-03-24T13:33:33.000Z","2024-03-24T13:33:42.000Z","2024-03-24T13:33:50.000Z","2024-03-24T13:33:59.000Z","2024-03-24T13:34:00.000Z","2024-03-24T13:34:09.000Z","2024-03-24T13:34:12.000Z","2024-03-24T13:34:21.000Z","2024-03-24T13:34:22.000Z","2024-03-24T13:34:31.000Z","2024-03-24T13:34:40.000Z","2024-03-24T13:34:43.000Z","2024-03-24T13:34:52.000Z","2024-03-24T13:34:54.000Z","2024-03-24T13:35:01.000Z","2024-03-24T13:35:10.000Z","2024-03-24T13:35:12.000Z","2024-03-24T13:35:21.000Z","2024-03-24T13:35:28.000Z","2024-03-24T13:35:35.000Z","2024-03-24T13:35:44.000Z","2024-03-24T13:35:53.000Z","2024-03-24T13:35:58.000Z","2024-03-24T13:36:03.000Z","2024-03-24T13:36:11.000Z","2024-03-24T13:36:12.000Z","2024-03-24T13:36:21.000Z","2024-03-24T13:36:27.000Z","2024-03-24T13:36:35.000Z","2024-03-24T13:36:41.000Z","2024-03-24T13:36:43.000Z","2024-03-24T13:36:50.000Z","2024-03-24T13:36:55.000Z","2024-03-24T13:36:57.000Z","2024-03-24T13:37:04.000Z","2024-03-24T13:37:12.000Z","2024-03-24T13:37:20.000Z","2024-03-24T13:37:29.000Z","2024-03-24T13:37:31.000Z","2024-03-24T13:37:39.000Z","2024-03-24T13:37:45.000Z","2024-03-24T13:37:52.000Z","2024-03-24T13:37:59.000Z","2024-03-24T13:38:00.000Z","2024-03-24T13:38:08.000Z","2024-03-24T13:38:15.000Z","2024-03-24T13:38:23.000Z","2024-03-24T13:38:31.000Z","2024-03-24T13:38:39.000Z","2024-03-24T13:38:47.000Z","2024-03-24T13:38:50.000Z","2024-03-24T13:38:52.000Z","2024-03-24T13:39:00.000Z","2024-03-24T13:39:03.000Z","2024-03-24T13:39:10.000Z","2024-03-24T13:39:16.000Z","2024-03-24T13:39:23.000Z","2024-03-24T13:39:25.000Z","2024-03-24T13:39:30.000Z","2024-03-24T13:39:36.000Z","2024-03-24T13:39:37.000Z","2024-03-24T13:39:46.000Z","2024-03-24T13:39:54.000Z","2024-03-24T13:40:02.000Z","2024-03-24T13:40:03.000Z","2024-03-24T13:40:10.000Z","2024-03-24T13:40:12.000Z","2024-03-24T13:40:15.000Z","2024-03-24T13:40:17.000Z","2024-03-24T13:40:23.000Z","2024-03-24T13:40:31.000Z","2024-03-24T13:40:40.000Z","2024-03-24T13:40:42.000Z","2024-03-24T13:40:50.000Z","2024-03-24T13:40:57.000Z","2024-03-24T13:41:05.000Z","2024-03-24T13:41:08.000Z","2024-03-24T13:41:16.000Z","2024-03-24T13:41:17.000Z","2024-03-24T13:41:24.000Z","2024-03-24T13:41:32.000Z","2024-03-24T13:41:40.000Z","2024-03-24T13:41:49.000Z","2024-03-24T13:41:50.000Z","2024-03-24T13:41:59.000Z","2024-03-24T13:42:00.000Z","2024-03-24T13:42:02.000Z","2024-03-24T13:42:10.000Z","2024-03-24T13:42:16.000Z","2024-03-24T13:42:20.000Z","2024-03-24T13:42:24.000Z","2024-03-24T13:42:28.000Z","2024-03-24T13:42:36.000Z","2024-03-24T13:42:38.000Z","2024-03-24T13:42:47.000Z","2024-03-24T13:42:54.000Z","2024-03-24T13:42:57.000Z","2024-03-24T13:43:05.000Z","2024-03-24T13:43:14.000Z","2024-03-24T13:43:17.000Z","2024-03-24T13:43:22.000Z","2024-03-24T13:43:29.000Z","2024-03-24T13:43:36.000Z","2024-03-24T13:43:44.000Z","2024-03-24T13:43:50.000Z","2024-03-24T13:43:58.000Z","2024-03-24T13:44:00.000Z","2024-03-24T13:44:08.000Z","2024-03-24T13:44:14.000Z","2024-03-24T13:44:19.000Z","2024-03-24T13:44:28.000Z","2024-03-24T13:44:36.000Z","2024-03-24T13:44:37.000Z","2024-03-24T13:44:44.000Z","2024-03-24T13:44:45.000Z","2024-03-24T13:44:51.000Z","2024-03-24T13:44:59.000Z","2024-03-24T13:45:03.000Z","2024-03-24T13:45:11.000Z","2024-03-24T13:45:19.000Z","2024-03-24T13:45:26.000Z","2024-03-24T13:45:27.000Z","2024-03-24T13:45:28.000Z"],"ns3:TrackPointExtensions":[106,105,104,105,108,109,113,114,118,121,120,123,126,129,128,127,127,129,128,129,129,130,129,129,130,128,128,131,130,131,130,129,129,132,129,127,128,130,131,131,130,133,137,134,136,138,138,138,139,141,138,138,138,138,137,131,134,135,135,136,136,136,136,136,136,136,137,137,137,138,135,138,137,134,137,137,137,136,136,136,136,140,137,138,137,138,140,140,137,137,139,139,139,139,140,139,139,139,141,142,143,144,144,146,146,145,147,144,141,144,145,144,144,141,145,142,142,141,144,143,145,142,142,142,145,141,144,145,144,145,143,144,144,146,144,142,143,143,142,141,144,143,140,137,135,134,133,134,135,136,137,138,139,144,143,140,143,143,143,144,144,141,144,144,145,145,145,144,146,143,140,142,139,140,139,138,138,138,139,139,140,140,140,139,139,138,138,139,137,140,142,145,145,145,144,147,145,145,145,145,145,144,141,139,139,139,142,142,145,145,146,145,145,144,144,144,144,145,145,144,144,143,141,139,139,142,139,140,141,139,139,138,138,137,137,138,139,140,140,139,143,144,147,151,154,156,159,157,155,155,155,156,156,157,159,159,161,158,156,153,157,158,158,159,159,159,158,157,158,157,157,157,158,155,153,153,154,156,156,155,157,158,154,156,154,153,152,152,153,153,153,154,157,158,158,158,159,160,160,158,158,159,157,159,159,160,161,163,164,164,164,164,164,166,168,165,163,166,166,165,163,163,162,161,161,161,162,164,164,164,165,164,164,161,160,161,160,158,158,158,158,160,160,159,159,157,160,160,162,159,160,160,162,160,163,166,166,169,169,170,171,172,171,171,170,170,170,170,170,170,170,169,170,169,169,167,167,166,165,165,165,165,162,161,163,164,166,164,165,169,171,168,171,171,170,167,167,164,165,165,163,164,166,166,165,167,167,167,167,166,166,163,162,165,168,170,170,171,168,171,170,170,171,171,171,169,167,164,163,165,165,164,164,164,167,167,170,167,166,164,164,165,167,165,165,166,166,164,167,167,167,167,167,166,166,166,165,165,165,165,165,165,169,169,166,162,165,166,165,165,165,165,164,167,168,169,169,169,169,169,171,171,170,172,175,177,173,172,172,171,172,172,173,174,174,174,175,175,174,174,172,173,173,173,172,174,175,174,175,174,174,173,172,169,170,171,171,171,170,170,172,172,174,172,172,172,168,171,170,171,174,175,175,175,175,174,175,175,175,176,177,177,176,175,174,174,174,173,173,174,174,173,172,172,172,173,175,175,175,175,175,177,177,176,176,177,175,175,176,175,171,172,174,172,174,172,172,172,172,173,172,174,172,172,171,171,171,171,171,174,175,175,173,173,173,173,173,172,172,172,172,172,176,174,174,173,173,174,175,175,174,173,172,173,172,171,168,168,168,172,177,180,180,179,178,178,176,176,176,175,175,176,175,175,177,176,176,178,178,177,176,176,176,178,177,177,177,177,178,175,177,177,176,177,176,176,176,176,177,177,177,176,176,176,176,176,176,176,175,176,176,176,176,176,175,176,175,176,176,175,174,174,174,173,173,174,173,174,175,175,175,175,175,174,175,175,174,174,174,171,166,163,161,162,163,168,174,177,176,176,175,176,176,176,176,177,176,175,176,179,183,180,179,177,176,175,174,174,171,171,172,173,173,175,176,176,175,175,175,173,174,173,173,173,174,175,178,178,178,178,179,179,178,178,179,178,178,178,177,176,175,174,174,173,173,169,169,170,174,174,174,174,175,175,175,176,175,175,176,176,176,175,176,176,177,176,176,176,178,178,178,178,178,178,179,179,178,178,178,179,180,180,179,180,180,179,176,179,181,180,179,177,177,177,177,177,177,177,177,178,179,179,177,175,175,174,173,172,172,173,173,174,174,173,174,175,175,176,176,176,175,175,175,174,175,175,176,176,176,177,178,179,179,179,179,179,178,176,176,174,174,174,174,174,173,173,174,173,170,165,165,164,169,173,176,179,179,180,179,178,175,176,176,176,176,176,178,177,177,176,176,176,175,174,175,175,175,176,176,176,176,176,176,175,176,176,176,177,177,178,178,178,178,178,178,177,177,177,177,177,177,177,177,178,178,179,179,181,181,180,179,179,178,178,177,177,177,176,176,177,174,172,172,172,174,177,177,177,177,177,177,177,178,178,178,178,178,178,178,178,177,177,176,178,179,179,179,179,179,179,179,181,178,178,178,178,179,179,178,179,178,178,176,176,176,176,177,178,177,176,175,175,177,177,178,178,178,178,178,178,178,178,178,179,181,181,181,181,180,180,180,179,179,178,179,179,179,179,181,181,181,181,181,182,182,182,183,182,178,183,184,184,181,179,179,178,176,176,176,175,174,176,176,176,177,177,177,178,177,175,174,175,178,179,178,179,179,179,179,179,179,179,179,179,179,179,179,180,181,180,181,181,182,181,182,182,182,182,181,181,181,181,181,181,181,179,179,179,179,182,181,180,180,180,180,179,179,179,179,178,178,178,178,178,178,179,179,179,180,182,185,187,187,183,183,180,178,180,179,180,179,180,181,180,180,179,179,179,179,179,179,179,177,177,175,176,178,179,180,179,179,179,180,179,179,179,176,174,174,177,179,179,179,179,179,179,179,180,179,179,179,179,179,179,179,179,180,179,179,179,180,180,180,182,182,182,180,179,177,174,177,179,180,180,180,179,178,178,181,178,180,177,178,180,179,180,179,176,176,179,180,180,180,180,180,179,179,179,179,179,178,178,178,178,178,178,178,178,178,178,180,180,180,180,179,179,179,179,179,179,178,178,178,178,178,178,178,178,177,177,175,174,176,178,174,172,170,175,176,179,179,179,179,179,179,179,180,181,179,179,178,178,178,178,178,178,179,179,179,179,179,179,179,180,179,179,179,179,179,179,179,179,179,179,179,179,179,178,179,179,179,180,179,180,180,180,181,181,182,181,181,181,181,181,181,181,181,177,180,180,181,180,181,180,179,179,179,179,179,179,179,178,179,179,179,180,180,180,180,180,181,181,181,181,181,180,181,181,181,181,182,181,181,181,180,180,181,181,181,181,181,181,181,181,181,180,181,181,181,181,181,181,181,180,177,177,179,179,181,183,182,182,182,182,182,182,182,182,183,183,183,183,184,183,182,182,182,182,182,182,183,182,183,182,182,182,182,182,182,181,182,182,182,181,181,181,182,181,181,181,182,182,181,181,181,181,181,181,181,181,181,181,181,181,181,181,181,181,182,181,182,182,183,182,185,184,181,184,185,188,185,185,185,183,183,183,183,184,184,183,183,183,183,182,182,183,183,184,184,183,184,185,185,185,184,185,186,187,187,186,186,185,185,183,183,182,182,179,179,179,179,178,178,176,173,170,170,171,172,175,174,174,177,177,177,177,177,179,179,179,179,180,179,179,180,179,180,180,181,181,182,181,181,181,181,182,182,179,181,181,181,183,186,187,185,181,182,182,183,183,183,183,183,182,182,183,183,183,183,183,182,181,182,182,183,183,183,182,183,184,184,184,184,184,185,185,185,184,184,184,184,185,184,184,184,184,183,183,182,183,183,181,182,182,183,183,183,182,184,184,183,184,184,184,185,185,185,185,185,185,185,183,181,181,184,184,184,185,183,183,182,183,183,182,183,183,183,182,182,182,183,183,183,182,182,182,181,182,182,182,182,182,181,181,181,183,183,184,184,184,184,183,184,184,182,183,182,182,182,182,182,182,183,183,184,184,183,182,183,183,181,182,182,182,182,182,182,182,182,182,183,183,181,182,181,181,182,182,184,184,184,183,183,182,183,183,183,183,183,182,183,181,179,178,181,181,182,182,183,182,183,183,182,182,183,183,183,180,183,183,180,178,181,183,183,183,183,183,183,183,183,183,184,184,184,184,184,185,184,184,183,184,184,181,184,184,184,184,184,187,190,189,188,188,186,185,184,183,184,183,182,182,183,182,183,183,182,181,184,183,183,181,182,181,181,180,181,181,183,183,184,184,183,183,183,184,185,184,183,183,186,184,183,183,183,183,184,184,184,184,184,185,185,184,185,185,185,185,185,185,185,185,185,185,186,186,186,186,187,187,187,187,186,185,186,183,183,180,182,183,186,186,185,185,185,185,186,185,185,185,185,185,185,185,185,185,185,186,185,185,187,185,186,186,186,186,186,186,185,187,186,186,187,187,187,187,188,188,188,188,188,187,188,187,187,187,187,186,186,187,187,187,187,187,185,184,184,185,184,185,184,184,184,184,185,184,183,183,182,182,183,182,182,182,182,183,184,184,184,184,184,184,185,185,185,184,184,185,184,183,184,184,184,184,184,185,184,184,184,185,184,184,185,184,184,184,182,185,186,185,185,185,185,187,187,187,186,186,185,185,183,184,184,184,183,183,182,180,177,180,181,182,182,183,183,183,183,182,185,184,184,184,184,185,184,184,184,185,186,186,186,186,186,186,185,185,188,185,186,188,187,188,188,187,188,186,185,187,187,187,187,187,186,186,185,185,185,184,184,184,181,184,184,183,183,183,184,185,188,187,184,182,181,181,183,182,179,180,182,182,182,183,183,183,183,186,188,186,183,183,182,181,180,180,180,182,183,183,184,182,179,182,184,181,180,183,184,185,185,186,186,186,186,189,186,185,185,185,185,185,185,185,185,185,185,185,186,185,185,185,185,185,185,185,185,185,186,186,187,186,187,187,186,184,185,185,184,185,185,185,184,184,184,183,184,184,184,184,185,185,185,185,185,185,185,184,181,183,183,183,184,184,184,185,185,185,185,184,184,184,184,184,185,184,184,184,184,185,185,185,182,181,180,180,181,182,184,185,187,186,185,186,186,186,186,186,187,186,185,185,186,187,186,184,183,184,184,184,184,184,184,184,185,184,186,187,187,186,185,184,185,184,184,185,185,185,183,184,182,182,182,182,184,184,184,184,184,184,184,185,186,186,186,186,187,186,185,182,181,183,184,185,184,185,185,183,183,183,184,186,184,184,182,183,182,184,184,185,176,175,172,175,178,180,181,179,181,181,180,181,181,181,181,181,180,180,179,178,179,178,178,180,180,183,184,185,186,186,185,183,183,186,187,188,188,191,189,187,184,187,186,184,184,184,183,184,184,185,184,181,178,176,173,171,174,172,169,166,163,160,160,159,162,165,169,166,166,169,171,175,176,176,178,179,178,182,182,180,179,182,181,179,182,179,181,182,182,182,185,183,185,185,184,187,185,184,185,186,185,184,183,184,184,186,187,184,183,186,184,184,184,185,185,185,185,184,184,184,184,183,185,185,183,182,186,188,185,186,185,185,185,184,184,184,185,184,185,185,186,187,186,187,187,186,187,188,185,181,180,182,182,182,184,183,180,180,180,183,184,185,186,183,183,184,183,184,183,183,184,182,182,182,181,182,183,184,183,184,180,181,181,178,178,175,172,170,168,168,165,163,159,162,162,164,164,160,160,163,165,166,167,167,168,168,168,168,168,169,170,169,169,170,172,173,173,172,175,173,174,171,170,167,167,166,163,162,161,161,159,157,156,155,154,153,153,151,150,149,149,149,149,147,148,147,146,145,145,144,147,146,147,144,145,144,144,141,141,141,141,142,144,148,151,154,157,160,163,166,167,170,169,170,170,173,173,173,173,173,170,170,169,173,170,171,171,171,169,172,172,175,176,177,176,176,176,179,178,177,179,179,180,179,176,176,178,179,180,182,181,177,178,178,178,177,177,177,178,178,175,172,171,168,166,166,163,160,158,155,152,149,148,146,144,143,143,146,145,145,144,143,143,142,142,142,143,142,142,145,142,142,142,139,137,137,136,133,132,133,134,137,142,142,144,149,153,150,154,155,157,160,163,167,166,169,170,171,173,176,175,176,178,180,179,180,179,179,178,181,177,177,177,180,179,180,181,181,178,174,171,168,166,163,162,159,157,154,154,151,148,148,148,151,147,147,151,151,154,158,161,163,166,167,168,171,171,174,174,175,175,176,177,177,178,177,177,180,181,185,182,182,181,181,182,183,182,182,183,180,181,182,179,176,175,172,170,167,167,166,166,166,167,167,169,171,171,171,174,177,180,181,181,180,179,179,182,183,182,179,176,177,176,175,175,175,175,176,176,176,177,177,176,180,175,175,175,175,175,175,175,175,174,174,171,169,166,166,165,166,167,167,168,167,167,166,167,168,168,170,170,171,174,173,174,175,172,172,173,172,170,169,167,168,169,168,166,163,160,159,160,162,165,168,169,167,170,169,168,171,173,172,172,169,166,163,161,161,161,162,162,164,164,166,166,164,164,163,163,162,163,163,163,164,166,166,166,167,166,166,165,165,163,162,163,164,166,166,166,164,163,163,167,166,168,166,165,164,163,162,159,158,157,154,154,153,152,152,149,149,149,148,145,145,150,147,148,149,153,151,153,151,154,154,155,154,155,155,156,155,155,154,153,154,156,157,158,160,159,159,160,162,165,164,164,162,164,165,168,167,165,164,165,166,167,166,167,166,166,166,166,166,164,165,168,166,165,166,167,167,168,168,168,165,164,166,166,166,167,167,164,164,162,162,162,161,162,164,163,164,164,164,164,164,165,165,168,168,171,169,168,165,164,163,161,160,160,162,162,162,162,164,165,168,167,166,167,167,167,168,169,169,169,171,173,176,175,176,176,178,179,178,176,175,175,174,174,176,179,178,179,178,181,180,177,179,180,181,181,181,180,179,178,178,179,179,179,177,176,174,173,172,169,169,168,168,168,169,166,165,163,165,166,167,167,168,168,168,168,168,169,168,171,173,170,172,170,170,169,169,173,169,169,169,170,170,170,171,169,172,172,173,174,173,172,169,169,169,170,173,173,174,172,171,169,168,167,166,166,167,168,169,169,170,167,166,163,163,161,160,160,161,158,157,155,156,156,155,156,158,161,161,162,162,162,163,164,164,163,164,164,163,165,165,166,166,167,167,166,167,169,168,170,169,166,166,165,165,167,164,162,160,160,163,164,167,168,169,168,168,169,170,170,170,169,169,169,169,168,168,168,167,167,167,166,166,166,169,171,169,166,166,166,166,167,169,171,168,167,169,172,170,170,170,168,166,166,166,167,167,167,167,167,168,168,169,169,170,171,172,173,174,174,173,170,173,176,173,172,174,174,175,177,174,174,175,175,175,174,173,173,173,169,171,170,169,169,167,166,164,162,162,164,167,164,162,165,164,167,167,167,167,165,165,166,166,165,165,166,165,165,166,167,168,169,167,165,166,166,167,167,169,169,169,167,167,166,167,167,164,166]}},"geometry":{"type":"LineString","coordinates":[[3.701415667310357,51.045603062957525,3.799999952316284],[3.701430754736066,51.04559384286404,3.799999952316284],[3.7015578243881464,51.04552770964801,3.799999952316284],[3.7017700541764498,51.04539602994919,2.799999952316284],[3.7019853852689266,51.045287903398275,2.200000047683716],[3.70203735306859,51.04526116512716,2],[3.702205577865243,51.045176507905126,2],[3.7023347429931164,51.04512990452349,2.4000000953674316],[3.702439432963729,51.04509704746306,2.799999952316284],[3.7026236671954393,51.045057736337185,3.200000047683716],[3.7026592064648867,51.045051952824,3.4000000953674316],[3.7027783133089542,51.045037200674415,3.5999999046325684],[3.7029384914785624,51.04503468610346,3.799999952316284],[3.703182740136981,51.04506519623101,4.199999809265137],[3.7032223027199507,51.04507273994386,4.400000095367432],[3.703504018485546,51.045104591175914,4.599999904632568],[3.7036157492548227,51.04513233527541,4.800000190734863],[3.703898973762989,51.04515924118459,4.199999809265137],[3.7039707228541374,51.04517818428576,4.400000095367432],[3.7042319029569626,51.045258566737175,4.199999809265137],[3.704340113326907,51.045293267816305,4.199999809265137],[3.70462903752923,51.04537859559059,4.599999904632568],[3.704695673659444,51.04539703577757,4.800000190734863],[3.7049652356654406,51.045482782647014,4.400000095367432],[3.7050312012434006,51.045504827052355,4.199999809265137],[3.705315850675106,51.04558780789375,5.400000095367432],[3.705423306673765,51.045618234202266,5],[3.7056644540280104,51.04569618590176,4],[3.7057671323418617,51.04573340155184,4],[3.7060165777802467,51.045826356858015,3.5999999046325684],[3.7061345111578703,51.04589584283531,3.4000000953674316],[3.7063290551304817,51.04604420252144,4.800000190734863],[3.706349926069379,51.04606498964131,5.400000095367432],[3.706368198618293,51.046087788417935,6],[3.706387309357524,51.04611142538488,6.599999904632568],[3.7064940948039293,51.046286188066006,10],[3.7065049912780523,51.04631032794714,10],[3.70653566904366,51.04650252498686,11.600000381469727],[3.706534244120121,51.04652934707701,12],[3.7064908258616924,51.04671249166131,10.600000381469727],[3.7064671888947487,51.04676521383226,9.800000190734863],[3.7063944339752197,51.04689680971205,9.600000381469727],[3.70630064047873,51.04698507115245,10.199999809265137],[3.7062773387879133,51.047005355358124,9.800000190734863],[3.706094278022647,51.047152038663626,8.199999809265137],[3.7059860676527023,51.0472344327718,8.199999809265137],[3.705770568922162,51.04738187044859,6.800000190734863],[3.705629501491785,51.04747507721186,6.199999809265137],[3.705442836508155,51.04763156734407,6.599999904632568],[3.7053348775953054,51.04772670194507,7.400000095367432],[3.7053148448467255,51.047750506550074,7.599999904632568],[3.705175369977951,51.04789048433304,9.600000381469727],[3.7050193827599287,51.04806172661483,10.600000381469727],[3.7049078196287155,51.048178654164076,11.199999809265137],[3.7046898901462555,51.048321314156055,11],[3.7044483236968517,51.048451820388436,11.600000381469727],[3.704414963722229,51.04846908710897,11.600000381469727],[3.7043147161602974,51.04851367883384,11.199999809265137],[3.704075161367655,51.048616943880916,10],[3.7039046734571457,51.04869305156171,7.400000095367432],[3.703655479475856,51.04880478233099,5.800000190734863],[3.7035050243139267,51.04886680841446,5],[3.703268151730299,51.04897518642247,3.799999952316284],[3.703238060697913,51.04898985475302,4],[3.703000182285905,51.04909169487655,6],[3.7028993479907513,51.04912983253598,6.800000190734863],[3.7026613019406796,51.04923326522112,8.399999618530273],[3.7026259303092957,51.0492688883096,8.600000381469727],[3.702617045491934,51.04928615503013,8.600000381469727],[3.7026650737971067,51.04935589246452,8.800000190734863],[3.7027405947446823,51.04941993020475,8.600000381469727],[3.7027956638485193,51.049461755901575,8.600000381469727],[3.702857019379735,51.04953953996301,8.800000190734863],[3.7028916366398335,51.04956544004381,8.600000381469727],[3.7029343843460083,51.049616653472185,8.800000190734863],[3.703085007146001,51.04972645640373,9.399999618530273],[3.7031652219593525,51.04988562874496,11],[3.7031005974859,51.050057876855135,12.399999618530273],[3.702928265556693,51.050212271511555,11.600000381469727],[3.7029156927019358,51.05023121461272,11.600000381469727],[3.702864143997431,51.05027513578534,11.800000190734863],[3.7026793230324984,51.05038745328784,12],[3.7025055661797523,51.05050756596029,12.600000381469727],[3.702383190393448,51.05058090761304,13],[3.7021966092288494,51.05072901584208,14],[3.7021404504776,51.05077050626278,14.199999809265137],[3.7019613292068243,51.05092045851052,13.800000190734863],[3.701918665319681,51.05096245184541,13.800000190734863],[3.701901398599148,51.050984328612685,13.600000381469727],[3.701706351712346,51.051137298345566,11.800000190734863],[3.701497558504343,51.051275013014674,10.199999809265137],[3.7014019209891558,51.05133829638362,9.600000381469727],[3.7012233026325703,51.051479279994965,9.600000381469727],[3.7011516373604536,51.05156276375055,10],[3.7009788025170565,51.0517122130841,10],[3.7007874436676502,51.05186006985605,9.600000381469727],[3.7007464561611414,51.051876582205296,9.399999618530273],[3.700567837804556,51.05200717225671,8.800000190734863],[3.7004115991294384,51.052152598276734,8.399999618530273],[3.700197609141469,51.05230079032481,8.199999809265137],[3.7001420371234417,51.05234010145068,8.199999809265137],[3.6999648436903954,51.05248267762363,8.399999618530273],[3.69995528832078,51.05250430293381,8.399999618530273],[3.699994347989559,51.05262156575918,8.800000190734863],[3.700223257765174,51.05273522436619,9],[3.700487958267331,51.05285743251443,9.600000381469727],[3.700611423701048,51.05290152132511,10],[3.7007591128349304,51.05294971726835,10],[3.70087293908,51.05298894457519,9.800000190734863],[3.7009068857878447,51.05300520546734,9.800000190734863],[3.701087599620223,51.05307200923562,9.800000190734863],[3.7013265676796436,51.053198743611574,9.600000381469727],[3.7013607658445835,51.05321181938052,9.800000190734863],[3.7015633564442396,51.053258003667,10.600000381469727],[3.7016390450298786,51.053275018930435,10.800000190734863],[3.7016690522432327,51.053288262337446,10.800000190734863],[3.701916402205825,51.05341172777116,12.199999809265137],[3.701954120770097,51.053424552083015,12.399999618530273],[3.7022024765610695,51.0535376239568,14],[3.702236507087946,51.0535548068583,14.399999618530273],[3.702488634735346,51.053671315312386,14.800000190734863],[3.702555689960718,51.05370098724961,15],[3.7028011959046125,51.053798804059625,13.399999618530273],[3.7028357293456793,51.053811963647604,13.399999618530273],[3.7029974162578583,51.05389092117548,13.199999809265137],[3.703064890578389,51.05391774326563,13.399999618530273],[3.7030989211052656,51.053931238129735,13.399999618530273],[3.703135633841157,51.05394087731838,13.399999618530273],[3.703380972146988,51.05403894558549,13],[3.7034508772194386,51.05407129973173,12.600000381469727],[3.7037180922925472,51.054178504273295,11.399999618530273],[3.703746423125267,51.05418956838548,11.199999809265137],[3.7040062621235847,51.05431244708598,9],[3.704069461673498,51.05434840545058,8.800000190734863],[3.704294767230749,51.0544597171247,8.199999809265137],[3.7045308016240597,51.05456465855241,8.199999809265137],[3.704810254275799,51.05465308763087,9.199999809265137],[3.7048468831926584,51.05466750450432,9.199999809265137],[3.705080570653081,51.054783929139376,9.800000190734863],[3.7052984163165092,51.05486372485757,10.800000190734863],[3.7055433355271816,51.05497319251299,11],[3.7055766955018044,51.05498610064387,11],[3.705694628879428,51.05502398684621,11],[3.7058061081916094,51.055068327113986,11],[3.70592194609344,51.05511576868594,11.199999809265137],[3.706172313541174,51.05520813725889,11.600000381469727],[3.7062072660773993,51.05522087775171,11.600000381469727],[3.7064627464860678,51.055320873856544,10.800000190734863],[3.706556623801589,51.05536957271397,10],[3.7068152893334627,51.05545900762081,8.800000190734863],[3.706853510811925,51.055474849417806,8.600000381469727],[3.707104129716754,51.05558255687356,8.199999809265137],[3.7071345560252666,51.05559630319476,8.199999809265137],[3.707427754998207,51.05567056685686,8.600000381469727],[3.70765901170671,51.05575514025986,8.800000190734863],[3.707798318937421,51.05582940392196,8.600000381469727],[3.7078246381133795,51.055853292346,8.399999618530273],[3.707854226231575,51.055874079465866,8.399999618530273],[3.7079185154289007,51.05591129511595,8.199999809265137],[3.708182880654931,51.05602327734232,8],[3.708227723836899,51.05602964758873,8.199999809265137],[3.708391673862934,51.05603266507387,8.600000381469727],[3.7084151431918144,51.05601539835334,8.800000190734863],[3.708455627784133,51.05590098537505,8.600000381469727],[3.7084851320832968,51.055710883811116,8.399999618530273],[3.7085251975804567,51.05562907643616,8.399999618530273],[3.7085864692926407,51.055460097268224,8.800000190734863],[3.708655284717679,51.05526161380112,9.600000381469727],[3.708664169535041,51.05518248863518,10],[3.708679424598813,51.05512071400881,10.199999809265137],[3.7087585497647524,51.05495626106858,11],[3.7087738886475563,51.05492725968361,11.399999618530273],[3.7088170554488897,51.054790215566754,11.800000190734863],[3.7088256888091564,51.05476716533303,11.800000190734863],[3.7089104298502207,51.05456759221852,10.800000190734863],[3.7089074961841106,51.05454730801284,10.600000381469727],[3.708955943584442,51.05436055921018,10.199999809265137],[3.7089844420552254,51.05427355505526,9.800000190734863],[3.7090442050248384,51.054069455713034,8.199999809265137],[3.709049401804805,51.054044645279646,8],[3.7090943288058043,51.053861919790506,8],[3.7091330531984568,51.05375278741121,8],[3.7091966718435287,51.0535788629204,8.600000381469727],[3.709224835038185,51.053381972014904,9],[3.7092447839677334,51.05333251878619,9],[3.709299936890602,51.05315063148737,8.600000381469727],[3.7093576043844223,51.05295709334314,7.599999904632568],[3.7093863543123007,51.05284787714481,7.800000190734863],[3.7094379868358374,51.05267118662596,8.199999809265137],[3.70952851139009,51.05248938314617,9],[3.709557093679905,51.05243439786136,9.399999618530273],[3.709605624899268,51.05228595435619,9.399999618530273],[3.709628339856863,51.05221261270344,9],[3.7096950598061085,51.05201790109277,8],[3.709767311811447,51.051830649375916,8],[3.7098166812211275,51.05165932327509,9.199999809265137],[3.709827996790409,51.05159964412451,9.600000381469727],[3.709848616272211,51.05153736658394,10.199999809265137],[3.7098720017820597,51.05149143375456,10.600000381469727],[3.7099176831543446,51.051312731578946,11.800000190734863],[3.7099336087703705,51.051242826506495,12],[3.7100049387663603,51.05109438300133,12.600000381469727],[3.7100257258862257,51.050968235358596,13],[3.710063863545656,51.05088475160301,13],[3.710169643163681,51.05070261284709,12.600000381469727],[3.710189340636134,51.05064947158098,12.399999618530273],[3.71022236533463,51.050538746640086,12],[3.7102708965539932,51.05041737668216,12],[3.7103156559169292,51.05032651685178,11.600000381469727],[3.7103609181940556,51.05026382021606,11.399999618530273],[3.710476001724601,51.050174636766315,11.399999618530273],[3.710715724155307,51.0500493273139,12],[3.710787473246455,51.04999953880906,12],[3.7110149580985308,51.04985922574997,11.600000381469727],[3.711044378578663,51.049826787784696,11.199999809265137],[3.711279910057783,51.04969150386751,10.600000381469727],[3.7113131023943424,51.049676248803735,10.199999809265137],[3.711504712700844,51.04952688328922,8.800000190734863],[3.711565649136901,51.04943183250725,8.600000381469727],[3.7117392383515835,51.04928523302078,9],[3.7117643002420664,51.04926754720509,9.199999809265137],[3.711941745132208,51.04919479228556,9.800000190734863],[3.7121279072016478,51.04910929687321,10.399999618530273],[3.7123072799295187,51.048966301605105,12.199999809265137],[3.712324798107147,51.04895230382681,12.399999618530273],[3.712352877482772,51.04893269017339,12.399999618530273],[3.7124342657625675,51.048828586936,12.800000190734863],[3.7125329207628965,51.04875692166388,13],[3.7126513570547104,51.04855793528259,12.800000190734863],[3.7126949429512024,51.048490293323994,13.399999618530273],[3.7128883972764015,51.04838065803051,13.199999809265137],[3.713046731427312,51.04826775379479,12.399999618530273],[3.7130763195455074,51.048247050493956,12.199999809265137],[3.713289638981223,51.04817161336541,12.399999618530273],[3.713446296751499,51.048012021929026,11.600000381469727],[3.7134974263608456,51.0479392670095,11.800000190734863],[3.7136500608175993,51.04780364781618,12],[3.7136894557625055,51.047791661694646,12],[3.713835636153817,51.0477283783257,12.199999809265137],[3.714014422148466,51.04767557233572,12],[3.714103940874338,51.047638189047575,11.800000190734863],[3.7141871731728315,51.04757976718247,11.399999618530273],[3.7142681423574686,51.047536013647914,10.800000190734863],[3.7144036777317524,51.047416822984815,9],[3.714449191465974,51.047379774972796,8.399999618530273],[3.7145208567380905,51.04731012135744,8],[3.714698301628232,51.04718883521855,7],[3.7148928456008434,51.047138795256615,6.199999809265137],[3.7150857970118523,51.047019604593515,6.599999904632568],[3.715364243835211,51.046982388943434,7.599999904632568],[3.7154038064181805,51.04696755297482,7.800000190734863],[3.7156753800809383,51.04689178057015,8.800000190734863],[3.7157566845417023,51.04688063263893,8.800000190734863],[3.715984672307968,51.04684970341623,8.800000190734863],[3.716271501034498,51.04681324213743,9],[3.716316344216466,51.046805614605546,9.199999809265137],[3.7166310008615255,51.04675205424428,10.199999809265137],[3.716745413839817,51.046719616279006,10],[3.7168852239847183,51.046658428385854,10.399999618530273],[3.717109775170684,51.046648286283016,10],[3.7171821109950542,51.04664543643594,10.199999809265137],[3.7172130402177572,51.046641329303384,10.399999618530273],[3.7174968514591455,51.046606712043285,10.800000190734863],[3.717790301889181,51.04658584110439,10.600000381469727],[3.718042764812708,51.04655985720456,10.199999809265137],[3.718239404261112,51.046546110883355,9.600000381469727],[3.7184251472353935,51.04655164293945,8.800000190734863],[3.7186159193515778,51.04654259048402,7.400000095367432],[3.7187061924487352,51.04654309339821,7.199999809265137],[3.718999307602644,51.04654937982559,8.199999809265137],[3.7192557100206614,51.04655382223427,10],[3.71935679577291,51.04656161740422,10.199999809265137],[3.7194954324513674,51.046572430059314,10.600000381469727],[3.7197419442236423,51.04660210199654,10.199999809265137],[3.719860464334488,51.0466144233942,9.600000381469727],[3.719920227304101,51.046629594638944,9],[3.720027096569538,51.046692626550794,7.599999904632568],[3.720037406310439,51.04675758630037,6.800000190734863],[3.720043357461691,51.04676378890872,6.800000190734863],[3.720011757686734,51.046868059784174,6.800000190734863],[3.7199902161955833,51.04691659100354,7.400000095367432],[3.7199498154222965,51.04708967730403,9],[3.71996121481061,51.047150027006865,9.199999809265137],[3.719964399933815,51.0471757594496,9.199999809265137],[3.720006560906768,51.047303918749094,9.800000190734863],[3.7199644837528467,51.047486225143075,8.800000190734863],[3.7199739553034306,51.04766861535609,7.199999809265137],[3.7199759669601917,51.04771899059415,7],[3.719936739653349,51.04793021455407,6.400000095367432],[3.719908744096756,51.04797966778278,6.599999904632568],[3.7198300380259752,51.048128781840205,7.400000095367432],[3.7198240868747234,51.04815786704421,7.599999904632568],[3.719804808497429,51.04822198860347,7.800000190734863],[3.7198108434677124,51.048352075740695,7.199999809265137],[3.719809167087078,51.0484089050442,7],[3.7198046408593655,51.04858626611531,6.599999904632568],[3.719770610332489,51.04870621114969,6.400000095367432],[3.7197515834122896,51.04882774874568,6.199999809265137],[3.719712942838669,51.04898801073432,6.400000095367432],[3.7196531798690557,51.04913377203047,7.199999809265137],[3.719655694440007,51.04918557219207,7.400000095367432],[3.719652257859707,51.04936586692929,8.800000190734863],[3.7196518387645483,51.04952218942344,10],[3.719701962545514,51.04966920800507,10.600000381469727],[3.7197186425328255,51.049694772809744,10.600000381469727],[3.719761474058032,51.04983416385949,11],[3.719810675829649,51.04995109140873,10.399999618530273],[3.7197816744446754,51.05010406114161,10.199999809265137],[3.719772370532155,51.05026541277766,9.399999618530273],[3.7197603844106197,51.05047387070954,8.600000381469727],[3.719774382188916,51.05052416212857,8.800000190734863],[3.719813944771886,51.05066145770252,9.600000381469727],[3.719835067167878,51.05077159591019,10.600000381469727],[3.719864822924137,51.050845021381974,11.399999618530273],[3.719973871484399,51.05102330446243,13],[3.720004130154848,51.05110762640834,13],[3.720028018578887,51.051188511773944,13],[3.7200817465782166,51.05128523893654,12.800000190734863],[3.720102785155177,51.051305774599314,12.800000190734863],[3.7202917132526636,51.051475424319506,11.399999618530273],[3.720467984676361,51.051640128716826,10.199999809265137],[3.7205188628286123,51.051771473139524,9.399999618530273],[3.7205441761761904,51.051918072625995,8.600000381469727],[3.7205046974122524,51.052070958539844,8],[3.72054660692811,51.05219442397356,7.599999904632568],[3.720579883083701,51.052206410095096,7.599999904632568],[3.7207165081053972,51.05222619138658,7.800000190734863],[3.720936868339777,51.052258126437664,8.399999618530273],[3.7209461722522974,51.0522820148617,8.399999618530273],[3.720937455072999,51.05230498127639,8.399999618530273],[3.720887331292033,51.052378322929144,8],[3.7208545580506325,51.052568005397916,7.199999809265137],[3.7208434101194143,51.052595749497414,7],[3.720823461189866,51.0527759604156,7.400000095367432],[3.7208232935518026,51.052858941257,7.800000190734863],[3.720789598301053,51.0530383978039,7.599999904632568],[3.7207826413214207,51.0530901979655,7.599999904632568],[3.7207986507564783,51.05327728204429,8.199999809265137],[3.720770487561822,51.0534530505538,9.199999809265137],[3.720768727362156,51.05364759452641,9.399999618530273],[3.720756573602557,51.05375764891505,9.399999618530273],[3.720981627702713,51.053972309455276,8.600000381469727],[3.7210115510970354,51.054024528712034,8.399999618530273],[3.7212809454649687,51.053950851783156,9.399999618530273],[3.7214645091444254,51.053960490971804,9.600000381469727],[3.7216638308018446,51.05398387648165,9.399999618530273],[3.72175351716578,51.05400172993541,9.399999618530273],[3.721812693402171,51.054016733542085,9.199999809265137],[3.722007069736719,51.054026959463954,9.199999809265137],[3.722110250964761,51.05412201024592,9],[3.7223326228559017,51.054265508428216,9.399999618530273],[3.722427925094962,51.05427296832204,10],[3.7225200422108173,51.05426047928631,10.600000381469727],[3.722809636965394,51.05423038825393,12.399999618530273],[3.7230527121573687,51.05420331470668,13.399999618530273],[3.7232837174087763,51.054129553958774,14.199999809265137],[3.7233316618949175,51.0541282966733,14.399999618530273],[3.7235395330935717,51.054157046601176,15.399999618530273],[3.7236709613353014,51.05415930971503,15.800000190734863],[3.723977655172348,51.05413424782455,16.799999237060547],[3.7242224905639887,51.05408797971904,16.600000381469727],[3.7244310323148966,51.0540952719748,16],[3.724714843556285,51.054204152897,17.200000762939453],[3.7249797116965055,51.05417540296912,16.600000381469727],[3.725209040567279,51.05420842766762,17.399999618530273],[3.725296212360263,51.05432644486427,19],[3.725360669195652,51.054474553093314,18.399999618530273],[3.725435184314847,51.05457681231201,18],[3.7255520280450583,51.0546653252095,18],[3.725581867620349,51.054676389321685,18],[3.7256738170981407,51.05475727468729,18],[3.7257539480924606,51.05489306151867,18],[3.72586484067142,51.05500319972634,17.600000381469727],[3.7260447163134813,51.05510973371565,17.200000762939453],[3.7262180540710688,51.05520185083151,16.399999618530273],[3.7263700179755688,51.05531056411564,15.199999809265137],[3.726449813693762,51.0553646273911,14.399999618530273],[3.726504212245345,51.05541332624853,14.199999809265137],[3.7267538253217936,51.05551022104919,13.199999809265137],[3.7269518058747053,51.055592028424144,12.199999809265137],[3.7271923664957285,51.0557377897203,11],[3.727398058399558,51.05590408667922,11],[3.727597128599882,51.0560449026525,11.600000381469727],[3.7276241183280945,51.05606585741043,11.800000190734863],[3.727801814675331,51.05617566034198,13.199999809265137],[3.7278785090893507,51.05623131617904,13.800000190734863],[3.727989150211215,51.0562988743186,13.800000190734863],[3.728099288418889,51.056346567347646,13.800000190734863],[3.7281931657344103,51.05650129728019,13.600000381469727],[3.728196434676647,51.05662040412426,13],[3.728213869035244,51.056666588410735,13],[3.7282431218773127,51.05676122009754,13],[3.7282487377524376,51.056788209825754,13],[3.7281721271574497,51.05692424811423,12.800000190734863],[3.7281762342900038,51.05705316178501,12.800000190734863],[3.7281314749270678,51.057188864797354,12.199999809265137],[3.728090487420559,51.05734996497631,10.199999809265137],[3.7280817702412605,51.05744166299701,10.399999618530273],[3.7280697841197252,51.05753805488348,10.800000190734863],[3.7280030641704798,51.05768163688481,10.399999618530273],[3.72787700034678,51.05784776620567,10],[3.727822517976165,51.057929154485464,10],[3.7277103681117296,51.05810307897627,9.399999618530273],[3.7276759184896946,51.058159405365586,9.199999809265137],[3.7275516986846924,51.05832167901099,9],[3.727445164695382,51.05846777558327,9],[3.727229665964842,51.05863206088543,9],[3.7270010076463223,51.05874555185437,8],[3.7269700784236193,51.05876365676522,8.199999809265137],[3.7267515622079372,51.05888997204602,8.600000381469727],[3.726727170869708,51.058917213231325,8.399999618530273],[3.726645614951849,51.05896825902164,8.199999809265137],[3.7266301922500134,51.059020310640335,8],[3.7267223093658686,51.05909583158791,7.800000190734863],[3.726810235530138,51.05912030674517,8],[3.7269331980496645,51.059192810207605,8],[3.7271069549024105,51.059280233457685,8.800000190734863],[3.7272831425070763,51.05942063033581,10],[3.727449271827936,51.05949782766402,10],[3.7274854816496372,51.05951685458422,10],[3.7276391219347715,51.05960796587169,10.199999809265137],[3.727790415287018,51.059714583680034,9.199999809265137],[3.72788580134511,51.05987451039255,7.199999809265137],[3.7279948499053717,51.05992991477251,6.599999904632568],[3.7280176486819983,51.05994206853211,6.400000095367432],[3.7281115259975195,51.060005938634276,5.599999904632568],[3.728181766346097,51.0600253008306,5.599999904632568],[3.7282634899020195,51.06003778986633,5.599999904632568],[3.728471612557769,51.06007634662092,5.199999809265137],[3.728741677477956,51.06005312874913,6],[3.728892970830202,51.060005938634276,7],[3.7289694137871265,51.05998313985765,7.400000095367432],[3.7292223796248436,51.05988993309438,7],[3.729297900572419,51.05985967442393,6.800000190734863],[3.729561511427164,51.05976881459355,6.199999809265137],[3.7296364456415176,51.05976956896484,6],[3.729762928560376,51.05983033776283,5.199999809265137],[3.729918245226145,51.05999529361725,6.199999809265137],[3.73000206425786,51.060052709653974,6.800000190734863],[3.7300752382725477,51.06010367162526,7.400000095367432],[3.730108682066202,51.06011842377484,7.800000190734863],[3.730131397023797,51.06014256365597,8.199999809265137],[3.730182107537985,51.060194531455636,8.800000190734863],[3.7303124461323023,51.06027960777283,9.800000190734863],[3.7304494064301252,51.060341550037265,10.399999618530273],[3.7305559404194355,51.060346998274326,10.600000381469727],[3.730572871863842,51.06035487726331,10.600000381469727],[3.7307241652160883,51.06044925749302,11],[3.7308666575700045,51.06051807291806,10.600000381469727],[3.730915104970336,51.06055243872106,10.600000381469727],[3.730950141325593,51.06057833880186,10.399999618530273],[3.7309570144861937,51.060601472854614,10.399999618530273],[3.7309845071285963,51.060607926920056,10.399999618530273],[3.7310125026851892,51.06063969433308,10.199999809265137],[3.7310244888067245,51.06065595522523,10.199999809265137],[3.731096573174,51.06071747839451,10],[3.7311627063900232,51.06075955554843,9.399999618530273],[3.7311926297843456,51.060779839754105,9.399999618530273],[3.7312528118491173,51.0608147084713,9.199999809265137],[3.731273179873824,51.06083767488599,9],[3.7313198670744896,51.06090213172138,8.399999618530273],[3.7313766963779926,51.06091822497547,8.399999618530273],[3.731600409373641,51.06099156662822,8],[3.731698812916875,51.06102358549833,7.800000190734863],[3.7319299019873142,51.06105711311102,9.199999809265137],[3.732205918058753,51.061123413965106,10],[3.732385877519846,51.061152666807175,10.800000190734863],[3.732486041262746,51.06115342117846,11.399999618530273],[3.7326825130730867,51.06116205453873,12.399999618530273],[3.7329753767699003,51.061162892729044,13],[3.7331834994256496,51.06118812225759,13],[3.73346253298223,51.06124671176076,11.600000381469727],[3.7336971424520016,51.06128099374473,9.800000190734863],[3.7338947877287865,51.061342265456915,8.199999809265137],[3.7339191790670156,51.06135425157845,8],[3.7339424807578325,51.0613705124706,7.800000190734863],[3.733957065269351,51.06139104813337,7.599999904632568],[3.7339572329074144,51.061442429199815,7.400000095367432],[3.7339858151972294,51.06162833981216,7.400000095367432],[3.733990592882037,51.061661280691624,7.400000095367432],[3.733972404152155,51.06181240640581,8],[3.734056307002902,51.06199613772333,8.399999618530273],[3.7340638507157564,51.06202128343284,8.399999618530273],[3.7340739089995623,51.062179785221815,8.399999618530273],[3.7340715620666742,51.06230744160712,8.199999809265137],[3.7340706400573254,51.06243593618274,8.199999809265137],[3.734120512381196,51.06258111074567,9.600000381469727],[3.734125206246972,51.06265822425485,9.800000190734863],[3.7341556325554848,51.06283826753497,10.800000190734863],[3.734203912317753,51.06287816539407,11.399999618530273],[3.734180945903063,51.06300783343613,11.199999809265137],[3.734207935631275,51.063045635819435,11],[3.734293431043625,51.063071032986045,10.800000190734863],[3.7343444768339396,51.06310925446451,10.399999618530273],[3.7343510147184134,51.063173711299896,9.800000190734863],[3.73428194783628,51.06335191056132,9.600000381469727],[3.73427364975214,51.063376469537616,9.600000381469727],[3.734205085784197,51.06357319280505,9.399999618530273],[3.734180023893714,51.06362180784345,9.199999809265137],[3.734119674190879,51.063805455341935,8.199999809265137],[3.734088158234954,51.063856249675155,7.800000190734863],[3.734033927321434,51.06404257938266,6.800000190734863],[3.734019845724106,51.064079040661454,6.800000190734863],[3.73402982018888,51.06429152190685,6.199999809265137],[3.7340472545474768,51.0643217805773,6],[3.734214808791876,51.06449017301202,6],[3.73429368250072,51.06463082134724,6.400000095367432],[3.734355792403221,51.06478865258396,7.199999809265137],[3.7343285512179136,51.064864257350564,7.199999809265137],[3.734289910644293,51.06499836780131,7.400000095367432],[3.734270464628935,51.06501932255924,7.599999904632568],[3.734238864853978,51.0650628246367,7.599999904632568],[3.7342246156185865,51.0650852881372,7.800000190734863],[3.7341484241187572,51.065275054425,8],[3.7340808659791946,51.06547965668142,8.399999618530273],[3.73405278660357,51.06556925922632,8.199999809265137],[3.7339443247765303,51.06576623395085,8.199999809265137],[3.733907947316766,51.06582339853048,8.800000190734863],[3.733854219317436,51.066003274172544,9.600000381469727],[3.7338014971464872,51.06619119644165,9.600000381469727],[3.7337088771164417,51.066378112882376,10],[3.733637798577547,51.066561341285706,9.199999809265137],[3.7336085457354784,51.066629737615585,9.399999618530273],[3.733564792200923,51.066778684034944,9.800000190734863],[3.7335367128252983,51.066864263266325,10],[3.733496982604265,51.06700147502124,10],[3.733471753075719,51.067101303488016,9.800000190734863],[3.7334689032286406,51.06712535955012,9.800000190734863],[3.7334738485515118,51.06720272451639,9.600000381469727],[3.7334382254630327,51.067330883815885,8.399999618530273],[3.7333230581134558,51.067493073642254,7.599999904632568],[3.7333189509809017,51.06751386076212,7.599999904632568],[3.7331788055598736,51.06770589016378,6],[3.733129855245352,51.06774503365159,6],[3.7329042982310057,51.067849807441235,6],[3.732807068154216,51.06800646521151,6.199999809265137],[3.732819641008973,51.06818860396743,7],[3.7328127678483725,51.06821701861918,7],[3.732722830027342,51.068405946716666,8.600000381469727],[3.7327048927545547,51.06845506466925,9.199999809265137],[3.7326140329241753,51.0686338506639,10.199999809265137],[3.732598777860403,51.06866075657308,10.399999618530273],[3.732500458136201,51.068842224776745,10.399999618530273],[3.7324366718530655,51.06894523836672,9.800000190734863],[3.732316978275776,51.06911664828658,9.199999809265137],[3.7322664353996515,51.06915721669793,8.800000190734863],[3.732088403776288,51.06930373236537,7.800000190734863],[3.7319680396467447,51.06939475983381,7.400000095367432],[3.731784811243415,51.069536581635475,7],[3.731694705784321,51.06958310119808,7],[3.7314480263739824,51.069687539711595,5.400000095367432],[3.731407206505537,51.06970354914665,5.199999809265137],[3.7311491277068853,51.069780411198735,3.5999999046325684],[3.7311108224093914,51.069787284359336,3.4000000953674316],[3.731074780225754,51.069795498624444,3.200000047683716],[3.730880320072174,51.06984419748187,2.200000047683716],[3.730620313435793,51.06992122717202,1.7999999523162842],[3.7305529229342937,51.06994243338704,1.7999999523162842],[3.730291659012437,51.07003438286483,1.399999976158142],[3.7301297206431627,51.07009833678603,0.6000000238418579],[3.730144640430808,51.07021065428853,0.6000000238418579],[3.7302413675934076,51.07040888629854,2.4000000953674316],[3.730293335393071,51.07051759958267,4],[3.730440018698573,51.070647183805704,6.400000095367432],[3.7304844427853823,51.070655984804034,6.599999904632568],[3.73062995262444,51.07065531425178,7],[3.730940753594041,51.07061038725078,5.400000095367432],[3.731033457443118,51.070594461634755,4.800000190734863],[3.7310767080634832,51.070595467463136,4.800000190734863],[3.7312114890664816,51.07058390043676,4.400000095367432],[3.731307629495859,51.07058063149452,4],[3.7314892653375864,51.0705782007426,3.5999999046325684],[3.731799814850092,51.07062069699168,4],[3.731914646923542,51.07064651325345,4.199999809265137],[3.7321780901402235,51.07075480744243,5.199999809265137],[3.7323936726897955,51.07089830562472,5.199999809265137],[3.7324172258377075,51.070918841287494,5.199999809265137],[3.7324808444827795,51.07105538249016,6],[3.732598777860403,51.07122880406678,7.400000095367432],[3.732619062066078,51.071261493489146,7.800000190734863],[3.73272517696023,51.07144287787378,7.400000095367432],[3.7327603809535503,51.071491073817015,7.199999809265137],[3.732870100066066,51.07167321257293,6.400000095367432],[3.7329193856567144,51.07174831442535,5.800000190734863],[3.7330162804573774,51.07193799689412,5.199999809265137],[3.733048802241683,51.07199172489345,5.199999809265137],[3.733217027038336,51.072165900841355,5.199999809265137],[3.733251392841339,51.07218375429511,5.199999809265137],[3.7335137464106083,51.072235219180584,4.199999809265137],[3.7336494494229555,51.07222541235387,3],[3.7337274849414825,51.07220579870045,2.5999999046325684],[3.7340226117521524,51.072133211418986,1.399999976158142],[3.7343137990683317,51.07206833548844,2],[3.734442126005888,51.07203187420964,2],[3.734729625284672,51.07196909375489,3.5999999046325684],[3.7349185533821583,51.071914779022336,3.799999952316284],[3.73510823585093,51.07181092724204,4.400000095367432],[3.73510773293674,51.07163658365607,4.400000095367432],[3.7349367421120405,51.07145461253822,3.799999952316284],[3.734912434592843,51.07142452150583,3.799999952316284],[3.734808834269643,51.071256548166275,4],[3.734758459031582,51.07114699669182,4.199999809265137],[3.734669527038932,51.07100576162338,4.199999809265137],[3.7346084229648113,51.07090752571821,3.799999952316284],[3.7345085106790066,51.07071180827916,3],[3.734495183452964,51.07068657875061,3],[3.734373142942786,51.070517264306545,2.5999999046325684],[3.7343444768339396,51.07046127319336,2.4000000953674316],[3.7342340033501387,51.07028977945447,2.5999999046325684],[3.734206845983863,51.07023655436933,2.799999952316284],[3.7341371085494757,51.07005659490824,3.799999952316284],[3.734130822122097,51.06997361406684,4],[3.734115483239293,51.069791642948985,4.800000190734863],[3.734102239832282,51.069730119779706,5],[3.734053708612919,51.069535156711936,5],[3.734044823795557,51.069507244974375,5],[3.734058402478695,51.06942158192396,4.599999904632568],[3.734107604250312,51.06934857554734,5],[3.7343065068125725,51.06921790167689,5.599999904632568],[3.7344034016132355,51.069172052666545,6.199999809265137],[3.734472468495369,51.06914263218641,6.599999904632568],[3.734539607539773,51.06906954199076,7],[3.7346411123871803,51.06889905408025,7.400000095367432],[3.734681010246277,51.06881598941982,7],[3.73476130887866,51.06863787397742,6.400000095367432],[3.734779581427574,51.06859621591866,6.400000095367432],[3.7348204012960196,51.06857274658978,6.400000095367432],[3.7348274420946836,51.06858096085489,6.400000095367432],[3.7347770668566227,51.06867676600814,6.599999904632568],[3.734627114608884,51.06885261833668,7],[3.7345418706536293,51.06904146261513,7.199999809265137],[3.7345323991030455,51.06906920671463,7],[3.734413795173168,51.06925587169826,6],[3.734340202063322,51.06941822916269,4.800000190734863],[3.734281277284026,51.06960522942245,4],[3.734269207343459,51.0697131883353,4],[3.734296867623925,51.069909408688545,3.799999952316284],[3.7344004679471254,51.07008936814964,3.200000047683716],[3.73445738106966,51.07015642337501,3],[3.7345862947404385,51.070342836901546,3.200000047683716],[3.7346180621534586,51.07038960792124,3.4000000953674316],[3.73472367413342,51.070561185479164,3.799999952316284],[3.734821155667305,51.07065816409886,4.199999809265137],[3.7350339721888304,51.0706976428628,4.800000190734863],[3.735327087342739,51.070670736953616,6],[3.735370757058263,51.070657996460795,6],[3.7356585916131735,51.070602340623736,7],[3.735701674595475,51.07059370726347,7],[3.7359845638275146,51.070519275963306,7.199999809265137],[3.73606544919312,51.07050687074661,7],[3.7363789323717356,51.07043604366481,6],[3.7364664394408464,51.07041207142174,5.800000190734863],[3.736766092479229,51.07033219188452,5.199999809265137],[3.736850917339325,51.07031567953527,5.199999809265137],[3.7371261790394783,51.07024761848152,6],[3.7372086569666862,51.07023169286549,6.400000095367432],[3.7375006824731827,51.070163967087865,7.800000190734863],[3.7375492975115776,51.07016094960272,8],[3.7378313485533,51.07009188272059,6.800000190734863],[3.7378947995603085,51.07005508616567,6.199999809265137],[3.7379674706608057,51.069907983765006,4.800000190734863],[3.738021282479167,51.06971209868789,4],[3.7380364537239075,51.06968795880675,4],[3.738099569454789,51.06949483975768,4],[3.7381091248244047,51.069463323801756,4],[3.7381822150200605,51.0692554526031,4.199999809265137],[3.738210629671812,51.06916291639209,4.599999904632568],[3.7382561434060335,51.06896233744919,6],[3.738268045708537,51.068849097937346,6.400000095367432],[3.7381480168551207,51.06873074546456,7],[3.7378500401973724,51.06865547597408,7.800000190734863],[3.7376233097165823,51.06853846460581,8.600000381469727],[3.737625740468502,51.06851893477142,8.800000190734863],[3.737696148455143,51.06846763752401,9.199999809265137],[3.7379342783242464,51.06837376020849,9.600000381469727],[3.7381621822714806,51.0682471934706,9.600000381469727],[3.7382167484611273,51.06821081601083,9.399999618530273],[3.7383615039288998,51.06804275885224,8.199999809265137],[3.7383692990988493,51.06802012771368,8.199999809265137],[3.738433923572302,51.06783698312938,7],[3.738460326567292,51.06772156432271,6],[3.738495195284486,51.067508747801185,5.199999809265137],[3.73849980533123,51.067448733374476,4.800000190734863],[3.7385123781859875,51.06725695542991,3.799999952316284],[3.7385570537298918,51.067157881334424,3.5999999046325684],[3.7386069260537624,51.066979598253965,4],[3.73863173648715,51.06690399348736,4.400000095367432],[3.7386843748390675,51.06670752167702,5.400000095367432],[3.738712202757597,51.066547092050314,6.199999809265137],[3.738758973777294,51.06635422445834,7.599999904632568],[3.7387702893465757,51.06630460359156,8],[3.7388233467936516,51.06612581759691,9],[3.7388281244784594,51.06606462970376,9.199999809265137],[3.7388419546186924,51.06592741794884,9.600000381469727],[3.7388698663562536,51.06582750566304,9.600000381469727],[3.7389005441218615,51.065639751031995,9.800000190734863],[3.738908087834716,51.065584095194936,9.800000190734863],[3.7389694433659315,51.06539969332516,10],[3.7389980256557465,51.0653080791235,9.600000381469727],[3.739022668451071,51.065216632559896,9.399999618530273],[3.7390327267348766,51.06516147963703,9],[3.73904119245708,51.06510900892317,9.199999809265137],[3.739075055345893,51.064914632588625,9.600000381469727],[3.7391214910894632,51.06472545303404,8.800000190734863],[3.7391375843435526,51.06463065370917,8.399999618530273],[3.739168345928192,51.0644930228591,7.800000190734863],[3.739171279594302,51.06446838006377,7.800000190734863],[3.7391965929418802,51.064283978194,7],[3.739201622083783,51.064253551885486,7.199999809265137],[3.7392032146453857,51.06405439786613,7.800000190734863],[3.739200197160244,51.06398013420403,7.800000190734863],[3.739175805822015,51.06377536430955,7.800000190734863],[3.7391437869518995,51.06367318890989,8.399999618530273],[3.73907589353621,51.06347981840372,9],[3.739030882716179,51.06337755918503,9.399999618530273],[3.738836171105504,51.06322718784213,10],[3.73867129907012,51.06325937435031,9.800000190734863],[3.7385347578674555,51.06338401325047,9],[3.738435935229063,51.06358249671757,8.600000381469727],[3.738377932459116,51.06369188055396,8.199999809265137],[3.7383453268557787,51.063777543604374,8],[3.7382935266941786,51.06388198211789,7.599999904632568],[3.738281624391675,51.06390779837966,7.400000095367432],[3.7381683848798275,51.06407501734793,6.199999809265137],[3.7381580751389265,51.064102007076144,6],[3.738125469535589,51.06424550525844,4.599999904632568],[3.7380848173052073,51.06440149247646,4.199999809265137],[3.7379403971135616,51.06457667425275,2.799999952316284],[3.7378517165780067,51.0647396184504,4.400000095367432],[3.737856661900878,51.06476283632219,5],[3.7379004154354334,51.064899545162916,8.199999809265137],[3.737778961658478,51.06509408913553,9.399999618530273],[3.7377456855028868,51.065148236230016,10.199999809265137],[3.737671421840787,51.0652438737452,10.399999618530273],[3.737582489848137,51.06539365835488,8.600000381469727],[3.737608641386032,51.06553120538592,7.400000095367432],[3.7375366408377886,51.06572348624468,6.199999809265137],[3.737399009987712,51.06591031886637,6.199999809265137],[3.7373534962534904,51.06597326695919,6],[3.7372510693967342,51.06616789475083,5.400000095367432],[3.737175213173032,51.066251043230295,5.400000095367432],[3.7370560225099325,51.06644072569907,5.400000095367432],[3.7369217444211245,51.06662940233946,5],[3.736871872097254,51.06668371707201,5],[3.7366890627890825,51.066826125606894,5.199999809265137],[3.7366354186087847,51.06686946004629,5.599999904632568],[3.736495692282915,51.06700365431607,6],[3.736435677856207,51.067038690671325,6],[3.736207690089941,51.067159892991185,6],[3.736143233254552,51.06719375588,5.599999904632568],[3.735888423398137,51.067292829975486,4.800000190734863],[3.73585338704288,51.067306492477655,4.800000190734863],[3.7356180232018232,51.06738184578717,5],[3.7355277501046658,51.06738897040486,5.400000095367432],[3.73549472540617,51.06736055575311,5.800000190734863],[3.7355327792465687,51.06723968870938,7.400000095367432],[3.7356441747397184,51.067056795582175,8],[3.735657501965761,51.06703600846231,8],[3.735724976286292,51.066849175840616,8.399999618530273],[3.735752133652568,51.066740211099386,8.199999809265137],[3.7358108907938004,51.06658196076751,7.400000095367432],[3.7359130661934614,51.066430332139134,6.599999904632568],[3.7360133975744247,51.06625565327704,5.800000190734863],[3.7360661197453737,51.06614861637354,4.800000190734863],[3.7361498549580574,51.06596119701862,6],[3.7361907586455345,51.065885005518794,6.400000095367432],[3.736279523000121,51.06568694114685,8.199999809265137],[3.736292766407132,51.06565894559026,9],[3.736314894631505,51.06560815125704,10.199999809265137],[3.7363936007022858,51.0654167085886,12.399999618530273],[3.7364838737994432,51.06524211354554,13.199999809265137],[3.7365800980478525,51.06506500393152,10.800000190734863],[3.736642124131322,51.06490071862936,6.800000190734863],[3.7367408629506826,51.06472394429147,2.200000047683716],[3.736769277602434,51.06466317549348,0.6000000238418579],[3.7368242628872395,51.06447961181402,-1.2000000476837158],[3.736838512122631,51.064451448619366,-1.2000000476837158],[3.7369278632104397,51.06426562182605,-2],[3.7369297072291374,51.06423628516495,-1.7999999523162842],[3.7370245903730392,51.06405674479902,-0.20000000298023224],[3.7370395101606846,51.06402405537665,0],[3.737121820449829,51.06386622413993,0.6000000238418579],[3.7372403405606747,51.06365625746548,2.4000000953674316],[3.7372731138020754,51.063577216118574,3.200000047683716],[3.7373546697199345,51.063400441780686,4.400000095367432],[3.7373871076852083,51.063327519223094,4.800000190734863],[3.7374623771756887,51.06313372962177,4.599999904632568],[3.7375140096992254,51.06302442960441,3.799999952316284],[3.7375937215983868,51.06283348985016,3.4000000953674316],[3.737608725205064,51.0628124512732,3.4000000953674316],[3.737706793472171,51.062620505690575,4.400000095367432],[3.737760689109564,51.062511038035154,5.199999809265137],[3.7378365453332663,51.06231582351029,5],[3.7378559075295925,51.06225589290261,5],[3.7378891836851835,51.06206914409995,4.800000190734863],[3.7378699891269207,51.062045339494944,4.800000190734863],[3.7377171870321035,51.06200368143618,4.199999809265137],[3.73742432333529,51.06197685934603,5],[3.7373850122094154,51.06196596287191,5],[3.7371080741286278,51.061916342005134,4.400000095367432],[3.736902717500925,51.061876276507974,3.5999999046325684],[3.736617397516966,51.06181927956641,2.799999952316284],[3.736470462754369,51.0617886018008,3.5999999046325684],[3.736177096143365,51.061750715598464,5.199999809265137],[3.7360930256545544,51.06173344887793,5.599999904632568],[3.7358452565968037,51.06163680553436,5.800000190734863],[3.7357734236866236,51.06161777861416,6],[3.735725563019514,51.06160084716976,6],[3.7355222180485725,51.061562122777104,6.599999904632568],[3.7352492194622755,51.06150562874973,7.400000095367432],[3.735203370451927,51.06150470674038,7.599999904632568],[3.7349202297627926,51.06144946999848,8],[3.734838841482997,51.06143379583955,8],[3.734530219808221,51.06139004230499,7],[3.7344876397401094,51.061396077275276,7],[3.734220676124096,51.06134930625558,7],[3.7341112084686756,51.06131804175675,7.400000095367432],[3.734069550409913,51.06127814389765,7.599999904632568],[3.7340273056179285,51.061159959062934,8.800000190734863],[3.734002159908414,51.06103087775409,10.399999618530273],[3.733964189887047,51.06090967543423,10.600000381469727],[3.733934434130788,51.060738852247596,10.199999809265137],[3.7338916026055813,51.06056937016547,9.399999618530273],[3.7338372878730297,51.06038035824895,8.600000381469727],[3.7338330131024122,51.06035110540688,8.399999618530273],[3.7337955459952354,51.06016837991774,7.400000095367432],[3.733763862401247,51.06011901050806,7.400000095367432],[3.7336900178343058,51.05992262251675,7.800000190734863],[3.733678199350834,51.059892531484365,8],[3.7335723359137774,51.059723887592554,9.199999809265137],[3.733445266261697,51.0595694091171,10],[3.7333458568900824,51.05938953347504,10],[3.7333212979137897,51.05930546298623,10],[3.733244352042675,51.059190295636654,9.600000381469727],[3.7331582698971033,51.059004217386246,8.800000190734863],[3.7331688310950994,51.05895275250077,8.399999618530273],[3.7331405840814114,51.05881059542298,7.400000095367432],[3.733116528019309,51.058620661497116,7.599999904632568],[3.73308677226305,51.058437433093786,8.399999618530273],[3.733087107539177,51.05841270647943,8.600000381469727],[3.733061710372567,51.05821589939296,10.800000190734863],[3.733066152781248,51.05816007591784,11.399999618530273],[3.7330802343785763,51.057958574965596,12.800000190734863],[3.733084425330162,51.057752380147576,14.199999809265137],[3.733068583533168,51.057554902508855,14.199999809265137],[3.7330701760947704,51.057497318834066,14],[3.7330513168126345,51.057287100702524,13],[3.733024997636676,51.05708660557866,12],[3.7330343015491962,51.05703363195062,12],[3.73300027102232,51.05687974020839,11],[3.732852917164564,51.05679432861507,10],[3.732557874172926,51.056784354150295,9.199999809265137],[3.732408005744219,51.056871274486184,9.399999618530273],[3.7322151381522417,51.057026255875826,9],[3.732150010764599,51.0570621304214,8.800000190734863],[3.73203475959599,51.05708543211222,9],[3.7317785248160362,51.057131784036756,10.600000381469727],[3.731614239513874,51.05715684592724,10.600000381469727],[3.7315310910344124,51.057153744623065,10.600000381469727],[3.731213668361306,51.05715106241405,10.600000381469727],[3.7311747763305902,51.057144524529576,10.600000381469727],[3.730929857119918,51.05716195888817,9.800000190734863],[3.7306095845997334,51.057207472622395,8.600000381469727],[3.7305632326751947,51.057211915031075,8.600000381469727],[3.7303571216762066,51.057250555604696,9.399999618530273],[3.730113208293915,51.057230522856116,10.800000190734863],[3.729832163080573,51.05717830359936,12],[3.729571234434843,51.05712139047682,12.800000190734863],[3.7294839788228273,51.05711015872657,13],[3.7293909396976233,51.057091215625405,13],[3.729279041290283,51.057069757953286,12.800000190734863],[3.7290265783667564,51.05701460503042,13],[3.728945106267929,51.056993901729584,13],[3.7289067171514034,51.056985603645444,13],[3.728871764615178,51.056976383551955,13],[3.7287288531661034,51.056911339983344,12.800000190734863],[3.7286570202559233,51.05688963085413,12.800000190734863],[3.728511845692992,51.05671025812626,13.800000190734863],[3.7283948343247175,51.0565335676074,15],[3.7283209059387445,51.05637405999005,14.399999618530273],[3.728263908997178,51.056234585121274,13.800000190734863],[3.72824689373374,51.05615713633597,13.600000381469727],[3.7282822653651237,51.05596468783915,12.399999618530273],[3.728428529575467,51.05578967370093,12.800000190734863],[3.7286027055233717,51.05568674392998,12.199999809265137],[3.728766068816185,51.05556512251496,11.600000381469727],[3.728979555889964,51.05541625991464,10.800000190734863],[3.7291611917316914,51.05527519248426,10],[3.7293195258826017,51.05518684722483,9.800000190734863],[3.7295160815119743,51.055064387619495,10.399999618530273],[3.7297112960368395,51.054926589131355,11.600000381469727],[3.729763012379408,51.054882667958736,11.800000190734863],[3.7299486715346575,51.05473439209163,11.399999618530273],[3.729970883578062,51.05470698326826,11.399999618530273],[3.7299957778304815,51.05469239875674,11.399999618530273],[3.730024779215455,51.0546410176903,11.199999809265137],[3.7301091011613607,51.05457597412169,10.800000190734863],[3.730175318196416,51.054548397660255,10.600000381469727],[3.7302659265697002,51.05446214787662,10.199999809265137],[3.7302986159920692,51.054445216432214,10.199999809265137],[3.730366677045822,51.054413951933384,10],[3.7305904738605022,51.05429065413773,9.199999809265137],[3.730625594034791,51.0542609822005,9.399999618530273],[3.73081611469388,51.05411681346595,10.800000190734863],[3.7308601196855307,51.054079346358776,10.800000190734863],[3.73106237500906,51.05397021397948,11],[3.7310870178043842,51.053955126553774,11],[3.731261696666479,51.053802743554115,12.399999618530273],[3.731282399967313,51.053779777139425,12.800000190734863],[3.73136680573225,51.05370459146798,13.199999809265137],[3.7315016705542803,51.053513903170824,15.800000190734863],[3.731726724654436,51.053478699177504,17],[3.7319920118898153,51.05345606803894,19],[3.732294598594308,51.05343159288168,20.200000762939453],[3.7323924992233515,51.0534408967942,19.799999237060547],[3.7326303776353598,51.053372249007225,18.200000762939453],[3.7329072318971157,51.0532786231488,14.600000381469727],[3.7330018635839224,51.05326680466533,13.399999618530273],[3.7332551646977663,51.05321575887501,11],[3.733497401699424,51.05320008471608,11],[3.733749696984887,51.053188014775515,10.800000190734863],[3.7340402137488127,51.05318927206099,9.800000190734863],[3.7340823747217655,51.0531940497458,9.600000381469727],[3.7343565467745066,51.05321140028536,8.199999809265137],[3.7346383463591337,51.053222212940454,7],[3.7347683496773243,51.05318181216717,7.199999809265137],[3.7348119355738163,51.0531388130039,7],[3.734929533675313,51.05295189656317,6.599999904632568],[3.7350118439644575,51.05276305228472,5.800000190734863],[3.7350913882255554,51.052581667900085,4.400000095367432],[3.7351955752819777,51.052404223009944,3.200000047683716],[3.735232874751091,51.052327612414956,3.200000047683716],[3.7353715114295483,51.05216081254184,4.599999904632568],[3.7353867664933205,51.05214111506939,4.599999904632568],[3.735557673498988,51.051987474784255,6.599999904632568],[3.735721120610833,51.051814975216985,8],[3.7357469368726015,51.05179754085839,8],[3.735909964889288,51.05164423584938,8],[3.735935864970088,51.05162328109145,8.199999809265137],[3.7361050117760897,51.05147718451917,6.800000190734863],[3.7362208496779203,51.05132656171918,5.199999809265137],[3.7363527808338404,51.05115422978997,5.599999904632568],[3.736475743353367,51.05099665001035,6],[3.7365029845386744,51.05097435414791,6.400000095367432],[3.7366019748151302,51.050832867622375,7],[3.736675987020135,51.05073085986078,7.599999904632568],[3.736745724454522,51.05063069611788,8],[3.7368648312985897,51.05045450851321,8.399999618530273],[3.7368784099817276,51.05043053627014,8.600000381469727],[3.736988129094243,51.050264574587345,8.399999618530273],[3.7370975129306316,51.050114035606384,7.800000190734863],[3.7372135184705257,51.04994622990489,8.199999809265137],[3.7372569367289543,51.04987967759371,8.800000190734863],[3.7373437732458115,51.04973265901208,9],[3.737466400489211,51.049564434215426,9.600000381469727],[3.7375844176858664,51.04937860742211,9.199999809265137],[3.7375941406935453,51.049353210255504,9.199999809265137],[3.7376933824270964,51.04922262020409,9.800000190734863],[3.737824810668826,51.04904576204717,10],[3.73784844763577,51.04902128688991,10],[3.738009463995695,51.04885817505419,9.800000190734863],[3.7380549777299166,51.04881634935737,9.399999618530273],[3.7382260523736477,51.04863949120045,8.600000381469727],[3.7383812852203846,51.0484675783664,7.800000190734863],[3.738518077880144,51.04829264804721,6.599999904632568],[3.7385356798768044,51.04826641269028,6.400000095367432],[3.738593850284815,51.04807974770665,5.599999904632568],[3.738663336262107,51.047888891771436,5.199999809265137],[3.7386669404804707,51.047859052196145,5.199999809265137],[3.738681860268116,51.047713374719024,5.800000190734863],[3.738730140030384,51.04750977829099,6.800000190734863],[3.7387394439429045,51.047452529892325,7],[3.7387912441045046,51.04730140417814,7.599999904632568],[3.7388242688030005,51.04722102172673,8],[3.7388731352984905,51.04703259654343,9],[3.7388769909739494,51.047004936262965,9],[3.738911524415016,51.0468113142997,9.800000190734863],[3.738919487223029,51.04675641283393,9.600000381469727],[3.738921331241727,51.04657519608736,8.800000190734863],[3.7389804236590862,51.04642113670707,9],[3.738985788077116,51.0462364833802,8.800000190734863],[3.738989308476448,51.046205470338464,8.600000381469727],[3.7389691080898046,51.04602073319256,6.400000095367432],[3.7389680184423923,51.045997431501746,6.199999809265137],[3.7389724608510733,51.045799953863025,4.800000190734863],[3.738977825269103,51.04577078483999,4.599999904632568],[3.738997858017683,51.045572720468044,3.4000000953674316],[3.739034151658416,51.04538245126605,3],[3.739048233255744,51.045190589502454,4.599999904632568],[3.739066757261753,51.04511414654553,5.599999904632568],[3.7391219940036535,51.044927230104804,8.199999809265137],[3.73912425711751,51.04477912187576,9.600000381469727],[3.7391220778226852,51.04459413327277,11],[3.73911889269948,51.04454778134823,10.800000190734863],[3.7391593772917986,51.04443990625441,10.399999618530273],[3.7391823437064886,51.044304706156254,10],[3.7392880395054817,51.04411167092621,8.800000190734863],[3.7394604552537203,51.04394453577697,8.399999618530273],[3.7394806556403637,51.04392349720001,8.399999618530273],[3.739605378359556,51.04380019940436,8.399999618530273],[3.7397872656583786,51.043635327368975,8],[3.739808639511466,51.04361764155328,8],[3.7399704940617085,51.043483866378665,7.599999904632568],[3.7401262298226357,51.04333718307316,7.599999904632568],[3.740303423255682,51.04319284670055,6],[3.740333765745163,51.04314800351858,5.599999904632568],[3.7403545528650284,51.043097795918584,5.199999809265137],[3.740374753251672,51.04301841929555,4.599999904632568],[3.7402546405792236,51.04283468797803,4.400000095367432],[3.7401010002940893,51.04266478680074,4.800000190734863],[3.7399492878466845,51.0425113979727,5],[3.7399169337004423,51.04246689006686,4.800000190734863],[3.739780979231,51.042300928384066,5],[3.7397433444857597,51.04225415736437,5.400000095367432],[3.739774441346526,51.0421453602612,5.199999809265137],[3.7398630380630493,51.04209490120411,4.800000190734863],[3.7399374693632126,51.042066402733326,4.800000190734863],[3.7401129864156246,51.04210965335369,4],[3.7402517069131136,51.04224384762347,4],[3.7403824646025896,51.04240511544049,4],[3.740426218137145,51.042453311383724,3.799999952316284],[3.740573739632964,51.0426374617964,3.200000047683716],[3.740639705210924,51.04270124807954,3],[3.7408041581511497,51.04287659749389,2.4000000953674316],[3.7408443074673414,51.04291331022978,2.200000047683716],[3.7410006299614906,51.043070554733276,3.200000047683716],[3.741112109273672,51.04318119585514,4],[3.7412662524729967,51.04333617724478,5],[3.741343282163143,51.04342217557132,5.800000190734863],[3.741358118131757,51.04344547726214,6],[3.741522654891014,51.043597692623734,6.199999809265137],[3.741544531658292,51.04361982084811,6.199999809265137],[3.741673193871975,51.0437289532274,6],[3.7418591883033514,51.04388636536896,6],[3.741904031485319,51.04393472895026,6],[3.742062784731388,51.04406079277396,6],[3.7422611005604267,51.04419909417629,6.199999809265137],[3.742288341745734,51.04421996511519,6.199999809265137],[3.7424874119460583,51.04436748661101,7.400000095367432],[3.742538206279278,51.04441157542169,7.599999904632568],[3.7427418027073145,51.04454820044339,8],[3.7428764160722494,51.04465775191784,7.800000190734863],[3.7430972792208195,51.04480736888945,7.199999809265137],[3.743218230083585,51.044882303103805,6.599999904632568],[3.7434168811887503,51.04501658119261,5.400000095367432],[3.743445547297597,51.045038206502795,5.400000095367432],[3.743660459294915,51.045173071324825,5],[3.7438001856207848,51.04526896029711,4.199999809265137],[3.744002776220441,51.04540734551847,3],[3.7441451847553253,51.045504324138165,3.200000047683716],[3.744328999891877,51.04564966633916,3.799999952316284],[3.744438048452139,51.04572024196386,4],[3.744584061205387,51.045830212533474,4.400000095367432],[3.744679782539606,51.04592434130609,4.400000095367432],[3.7448793556541204,51.04609290137887,3.5999999046325684],[3.7449713051319122,51.046190885826945,3.4000000953674316],[3.745141541585326,51.046337904408574,3],[3.745191330090165,51.04638207703829,3],[3.7453699484467506,51.04654259048402,3],[3.7454404402524233,51.046612076461315,3.200000047683716],[3.7456009536981583,51.04676487855613,3.5999999046325684],[3.7456806655973196,51.04685548692942,4],[3.745851656422019,51.04701239615679,3.799999952316284],[3.745957938954234,51.047101160511374,3.799999952316284],[3.746163547039032,51.04721029289067,4.199999809265137],[3.7463736813515425,51.047307858243585,5.199999809265137],[3.746626228094101,51.04740374721587,7.199999809265137],[3.7468967121094465,51.047512125223875,10],[3.746938370168209,51.04752738028765,10.399999618530273],[3.747188989073038,51.047574151307344,11.399999618530273],[3.7474583834409714,51.047670962288976,12.399999618530273],[3.7475007120519876,51.04768387041986,12.199999809265137],[3.7477534264326096,51.04775134474039,11.600000381469727],[3.7480550911277533,51.04777959175408,10.199999809265137],[3.748357929289341,51.0477180685848,8.600000381469727],[3.748403023928404,51.04771253652871,8.199999809265137],[3.7486681435257196,51.047661155462265,7],[3.748971987515688,51.04763827286661,6],[3.749050945043564,51.04760533198714,6.400000095367432],[3.7493376061320305,51.04755747132003,6.400000095367432],[3.749614544212818,51.047497037798166,6.800000190734863],[3.7496857903897762,51.04746107943356,6.599999904632568],[3.749967087060213,51.04737499728799,5.400000095367432],[3.750264896079898,51.047352785244584,5],[3.75034024938941,51.0473520308733,4.800000190734863],[3.750533200800419,51.04730769060552,4.599999904632568],[3.7507377192378044,51.047282461076975,4.800000190734863],[3.7510313373059034,51.047237953171134,5],[3.751073917374015,51.047230241820216,5],[3.7512754183262587,51.0472000669688,5.400000095367432],[3.751400141045451,51.04718045331538,5.400000095367432],[3.7517054937779903,51.04715941473842,5.400000095367432],[3.7517487443983555,51.0471569839865,5.599999904632568],[3.7520464695990086,51.04710794985294,5.199999809265137],[3.752087876200676,51.04710292071104,5.400000095367432],[3.7523612938821316,51.047044498845935,5],[3.7524054665118456,51.04704332537949,5],[3.7525925505906343,51.04699848219752,5],[3.752843840047717,51.046960428357124,5],[3.752925395965576,51.04694567620754,5.199999809265137],[3.7532237078994513,51.0469183512032,6],[3.753311298787594,51.046912567690015,6],[3.753547752276063,51.04687283746898,6],[3.7538462318480015,51.046916926279664,7.400000095367432],[3.7541439570486546,51.04693377390504,8],[3.754183603450656,51.04692589491606,8.199999809265137],[3.7544849328696728,51.046911561861634,8.800000190734863],[3.7546838354319334,51.04692908003926,9],[3.754805289208889,51.04697057045996,9],[3.7550442572683096,51.04700719937682,9.199999809265137],[3.7552543077617884,51.046999990940094,8.600000381469727],[3.7554503604769707,51.04700217023492,8],[3.7554884143173695,51.04701633565128,7.800000190734863],[3.7556076049804688,51.04706419631839,7.199999809265137],[3.755774572491646,51.047125551849604,6.400000095367432],[3.755854368209839,51.04714432731271,6.199999809265137],[3.7560655921697617,51.0471931938082,6.400000095367432],[3.756317300722003,51.047247759997845,7],[3.756602117791772,51.04732881300151,7.599999904632568],[3.7566955760121346,51.04735756292939,7.800000190734863],[3.7569670658558607,51.047421684488654,7.800000190734863],[3.7570577580481768,51.04742872528732,7.599999904632568],[3.757334779947996,51.04749728925526,6],[3.757609622552991,51.047579096630216,4.599999904632568],[3.757689166814089,51.04760223068297,4.800000190734863],[3.7579642608761787,51.04768537916243,6.599999904632568],[3.758003991097212,51.04769208468497,7.199999809265137],[3.758288389071822,51.04775226674974,10],[3.7583206593990326,51.047762744128704,10],[3.758602123707533,51.04783088900149,10.800000190734863],[3.7588248308748007,51.047880509868264,10.600000381469727],[3.759117526933551,51.047973884269595,9.199999809265137],[3.7594106420874596,51.048045717179775,7.599999904632568],[3.7594939582049847,51.04806398972869,7.199999809265137],[3.7597579043358564,51.04815057478845,7.199999809265137],[3.7598409689962864,51.04816800914705,7.199999809265137],[3.7601169012486935,51.04826783761382,7.199999809265137],[3.7604161351919174,51.04831603355706,7.199999809265137],[3.7606888823211193,51.048436649143696,6.400000095367432],[3.7607895489782095,51.0484519880265,5.800000190734863],[3.761085933074355,51.04853899218142,5.199999809265137],[3.761194311082363,51.04857662692666,5.400000095367432],[3.761481726542115,51.04867469519377,5.400000095367432],[3.7615890987217426,51.048705289140344,5.599999904632568],[3.761852290481329,51.048783576115966,6],[3.7619315832853317,51.048804111778736,6],[3.7621512729674578,51.04887401685119,6],[3.762225452810526,51.04888399131596,5.599999904632568],[3.762501049786806,51.04896596632898,5.800000190734863],[3.762539690360427,51.04897862300277,5.800000190734863],[3.762809420004487,51.04906621389091,6],[3.7629974260926247,51.049124132841825,6],[3.7632664013653994,51.049215914681554,6.199999809265137],[3.7633446883410215,51.04923737235367,6.400000095367432],[3.7636038567870855,51.049314653500915,7.400000095367432],[3.7638795375823975,51.04938774369657,8],[3.764149099588394,51.049466617405415,8],[3.7642599921673536,51.049498468637466,7.599999904632568],[3.7645339127629995,51.04956946335733,6.199999809265137],[3.764650421217084,51.04960164986551,5.599999904632568],[3.7649227492511272,51.04967096820474,4],[3.76496440730989,51.04968152940273,3.799999952316284],[3.7652395013719797,51.0497591458261,2.799999952316284],[3.765280656516552,51.04976803064346,2.5999999046325684],[3.7655532360076904,51.04983030818403,2.799999952316284],[3.7655896972864866,51.049839947372675,3],[3.765877950936556,51.04991345666349,4],[3.7659511249512434,51.04991873726249,4.400000095367432],[3.7661704793572426,51.049981601536274,5.400000095367432],[3.76645278185606,51.05002786964178,6.599999904632568],[3.766496116295457,51.05003918521106,6.599999904632568],[3.7668168917298317,51.05008017271757,6.400000095367432],[3.766855951398611,51.05009249411523,6.400000095367432],[3.767097182571888,51.05013725347817,6],[3.7673835922032595,51.050188383087516,6.400000095367432],[3.7674628011882305,51.0502012912184,6.800000190734863],[3.7677396554499865,51.050245547667146,8],[3.767778966575861,51.05025049299002,8],[3.7678191158920527,51.05025744996965,8.199999809265137],[3.7679454311728477,51.050276728346944,8.399999618530273],[3.7681844830513,51.05030531063676,8.800000190734863],[3.7682670447975397,51.05031310580671,8.600000381469727],[3.768555298447609,51.0503582842648,8.199999809265137],[3.7687220983207226,51.050371611490846,7.800000190734863],[3.7690069153904915,51.05038778856397,6.599999904632568],[3.7692127749323845,51.0504135210067,6],[3.7695002742111683,51.0504412651062,5],[3.76963471993804,51.050452161580324,5],[3.7697663996368647,51.05045920237899,5],[3.7698088120669127,51.050460459664464,5],[3.770013079047203,51.05045400559902,5],[3.7701751850545406,51.05044746771455,5],[3.770384816452861,51.050447383895516,5],[3.7706774286925793,51.05044662952423,5],[3.7708381097763777,51.05045232921839,5],[3.771127788349986,51.050462974235415,4],[3.771257624030113,51.05046423152089,3.799999952316284],[3.771479157730937,51.0504793189466,3.5999999046325684],[3.77151888795197,51.05048082768917,3.5999999046325684],[3.7717370688915253,51.05046280659735,3.799999952316284],[3.771781325340271,51.05046850629151,3.799999952316284],[3.7720264960080385,51.05049138888717,3],[3.7723300885409117,51.05048468336463,3.200000047683716],[3.7723699025809765,51.05048367753625,3.200000047683716],[3.7726190127432346,51.05047680437565,3],[3.7729079369455576,51.05045794509351,3.200000047683716],[3.773151934146881,51.05042475275695,5.199999809265137],[3.773467428982258,51.05040706694126,7.599999904632568],[3.77376607619226,51.05038736946881,8.800000190734863],[3.773893816396594,51.05037278495729,8.800000190734863],[3.774198917672038,51.05035761371255,7.599999904632568],[3.7744194455444813,51.0503550991416,6.599999904632568],[3.7746900133788586,51.05036834254861,5.199999809265137],[3.7749786023050547,51.0503704380244,4.800000190734863],[3.7752746511250734,51.050352081656456,4],[3.7753562070429325,51.05034545995295,4.400000095367432],[3.7756356596946716,51.050300197675824,4.400000095367432],[3.775953669101,51.050273794680834,4.599999904632568],[3.7760343868285418,51.05026859790087,4.599999904632568],[3.77635532990098,51.050252420827746,5],[3.7766381353139877,51.05022677220404,5.400000095367432],[3.776762019842863,51.05021587572992,5.800000190734863],[3.7770553026348352,51.05017547495663,6],[3.7772520259022713,51.05013716965914,6],[3.77753047272563,51.050082854926586,5.800000190734863],[3.7776127830147743,51.05007279664278,5.599999904632568],[3.7779316306114197,51.05003625154495,4.800000190734863],[3.7780464626848698,51.05001320131123,4.800000190734863],[3.778328765183687,51.04997263289988,5.199999809265137],[3.778410740196705,51.04996626265347,5.800000190734863],[3.778696060180664,51.049916641786695,5.800000190734863],[3.7787813041359186,51.0499007999897,6],[3.779052710160613,51.04983542114496,6.199999809265137],[3.779212385416031,51.049802815541625,5.800000190734863],[3.7795243598520756,51.04975403286517,5],[3.7795627489686012,51.04974104091525,5],[3.779851086437702,51.049680188298225,4.199999809265137],[3.7799707800149918,51.04965219274163,4.199999809265137],[3.7802494782954454,51.0495918430388,4],[3.7803721893578768,51.04956761933863,3.799999952316284],[3.78065038472414,51.04950995184481,3.4000000953674316],[3.780805114656687,51.04947575367987,3.4000000953674316],[3.7810793705284595,51.04941934347153,4.599999904632568],[3.7812015786767006,51.04939696379006,4.800000190734863],[3.7814781814813614,51.04933694936335,3.200000047683716],[3.7816454004496336,51.04930032044649,2.200000047683716],[3.7817953526973724,51.049262015149,1.600000023841858],[3.781992495059967,51.04922463186085,1],[3.7820321414619684,51.049215914681554,1],[3.782072039321065,51.04920778423548,1.2000000476837158],[3.7823589518666267,51.04915992356837,2.200000047683716],[3.7826381530612707,51.04909588582814,4],[3.782714931294322,51.0490788705647,4],[3.7829954735934734,51.04903360828757,4.599999904632568],[3.7832792848348618,51.048975018784404,4.400000095367432],[3.783355476334691,51.048960853368044,4.199999809265137],[3.78363199532032,51.048894887790084,4.400000095367432],[3.7838716339319944,51.04884107597172,4.599999904632568],[3.784178663045168,51.04879564605653,4.599999904632568],[3.7843002006411552,51.04876706376672,5],[3.7845781445503235,51.048707803711295,5.400000095367432],[3.784689959138632,51.04868131689727,5.800000190734863],[3.784966981038451,51.04862490668893,6.599999904632568],[3.7850473634898663,51.048600766807795,6.400000095367432],[3.7853232119232416,51.04852616786957,6.199999809265137],[3.7854040134698153,51.048504961654544,6],[3.78567005507648,51.048438074067235,5.599999904632568],[3.7857122160494328,51.048429273068905,5.599999904632568],[3.7859834544360638,51.04836221784353,5.800000190734863],[3.7860928382724524,51.04832139797509,5.599999904632568],[3.7863458041101694,51.04822668246925,5.400000095367432],[3.7866123486310244,51.04814269579947,4.400000095367432],[3.78665073774755,51.048132218420506,4.400000095367432],[3.7868702597916126,51.048046220093966,3.5999999046325684],[3.7871350441128016,51.047971956431866,3],[3.7871703319251537,51.04796139523387,3],[3.787417681887746,51.047865925356746,2.5999999046325684],[3.7874846532940865,51.04784036055207,2.4000000953674316],[3.7877455819398165,51.04772049933672,2.799999952316284],[3.788009360432625,51.04760776273906,2.5999999046325684],[3.788044648244977,51.04759485460818,2.5999999046325684],[3.788289148360491,51.04746585711837,3.5999999046325684],[3.7883199099451303,51.04744984768331,3.799999952316284],[3.788548819720745,51.04734364897013,3.799999952316284],[3.788771526888013,51.047229152172804,4],[3.7889414280653,51.047143740579486,4],[3.789190873503685,51.04702999815345,4],[3.7892581801861525,51.046998146921396,4],[3.7894928734749556,51.04689630679786,4],[3.78971541300416,51.04676772840321,3.4000000953674316],[3.789806356653571,51.046704947948456,3],[3.790011629462242,51.04656589217484,2.200000047683716],[3.7901027407497168,51.04650679975748,2.200000047683716],[3.7903236877173185,51.046358020976186,3.799999952316284],[3.7903496716171503,51.04633932933211,4.199999809265137],[3.790551256388426,51.04619801044464,6.199999809265137],[3.7907459679991007,51.04603364132345,7.800000190734863],[3.790766755118966,51.04600874707103,8.199999809265137],[3.7909863609820604,51.045858543366194,9],[3.7911915499716997,51.04570750147104,11],[3.7912154383957386,51.04569274932146,11.199999809265137],[3.7913800589740276,51.045557633042336,12],[3.7915635388344526,51.04539401829243,11.800000190734863],[3.791618188843131,51.0453540366143,11.800000190734863],[3.791790436953306,51.04520224034786,10],[3.7918347772210836,51.04515194892883,9.600000381469727],[3.791996715590358,51.04499311186373,7.400000095367432],[3.7920600827783346,51.04491616599262,6.199999809265137],[3.7920998968183994,51.04486797004938,6],[3.7921993900090456,51.04475028812885,5.199999809265137],[3.792327968403697,51.04461860843003,4.199999809265137],[3.792453445494175,51.04441048577428,5],[3.7924879789352417,51.04436011053622,5.400000095367432],[3.7925998773425817,51.044170930981636,5.199999809265137],[3.7928694393485785,51.04396096430719,5.199999809265137],[3.792936075478792,51.04378209449351,3.200000047683716],[3.792953845113516,51.04370900429785,3],[3.793063312768936,51.04354094713926,3],[3.7930664978921413,51.04351194575429,3],[3.793185856193304,51.043349923565984,3],[3.7932483851909637,51.043167281895876,2.5999999046325684],[3.793287528678775,51.04307206347585,2.4000000953674316],[3.793410826474428,51.04289084672928,1.2000000476837158],[3.7934254109859467,51.04286980815232,1.2000000476837158],[3.7934693321585655,51.04269060306251,1.7999999523162842],[3.7934946455061436,51.04260946623981,2.200000047683716],[3.7935929652303457,51.04241953231394,3.200000047683716],[3.793612914159894,51.04221124202013,2.799999952316284],[3.7936448492109776,51.04200756177306,2.5999999046325684],[3.7936631217598915,51.04185165837407,2],[3.793708384037018,51.041696928441525,2],[3.7937267404049635,51.041516717523336,2.200000047683716],[3.7937662191689014,51.04140565730631,2.799999952316284],[3.7937815580517054,51.04121865704656,3.200000047683716],[3.7937923707067966,51.041138945147395,3.4000000953674316],[3.793795555830002,51.040956219658256,4],[3.7938000820577145,51.04086846113205,4.400000095367432],[3.7938118167221546,51.04066260159016,5],[3.793808212503791,51.040469566360116,4.800000190734863],[3.79380670376122,51.04041977785528,4.599999904632568],[3.7937630340456963,51.04024015367031,3.4000000953674316],[3.7937452644109726,51.040047788992524,3.5999999046325684],[3.793722465634346,51.039860201999545,4],[3.793711233884096,51.03973866440356,4.400000095367432],[3.7936843279749155,51.039531799033284,4.800000190734863],[3.793684495612979,51.03950724005699,4.800000190734863],[3.7936584278941154,51.03932451456785,4.199999809265137],[3.793668318539858,51.0392736364156,4.199999809265137],[3.7936259899288416,51.03908839635551,5],[3.7936116568744183,51.039036344736814,5.199999809265137],[3.7935503013432026,51.0388542059809,4.400000095367432],[3.793515684083104,51.03878363035619,4],[3.7934278417378664,51.03861280716956,3.4000000953674316],[3.793423483148217,51.03858858346939,3.4000000953674316],[3.79335081204772,51.038394793868065,2.4000000953674316],[3.7933182064443827,51.03830644860864,1.7999999523162842],[3.7932373210787773,51.03812439367175,1.600000023841858],[3.793147299438715,51.037949714809656,2.799999952316284],[3.7931180465966463,51.037898836657405,3.4000000953674316],[3.7930164579302073,51.03772566653788,6],[3.7928891368210316,51.03754101321101,7.800000190734863],[3.7928721215575933,51.037516705691814,8],[3.792742034420371,51.03734982199967,7.400000095367432],[3.7926800083369017,51.0372809227556,7],[3.7925395276397467,51.037122923880816,6.599999904632568],[3.7923993822187185,51.03696492500603,5.400000095367432],[3.7923558801412582,51.036919578909874,5],[3.7922111246734858,51.03676116093993,4.400000095367432],[3.792135352268815,51.036696787923574,4.599999904632568],[3.7919473461806774,51.03654599748552,5],[3.7919020000845194,51.03650517761707,5.199999809265137],[3.791711227968335,51.036360170692205,6.199999809265137],[3.7916088849306107,51.03627677075565,6.800000190734863],[3.7914299312978983,51.036109467968345,6.400000095367432],[3.7912846729159355,51.035976530984044,6],[3.79121795296669,51.03591383434832,5],[3.7910985108464956,51.03580587543547,3.799999952316284],[3.79095115698874,51.035673609003425,2.799999952316284],[3.7907875422388315,51.03552231565118,3.4000000953674316],[3.7906973529607058,51.03542944416404,3.799999952316284],[3.7905498314648867,51.03526633232832,4.599999904632568],[3.7904919125139713,51.03519449941814,4.800000190734863],[3.7903526052832603,51.03502602316439,4.599999904632568],[3.79026317037642,51.0348806809634,4.400000095367432],[3.7901622522622347,51.0346904117614,3.4000000953674316],[3.7900910899043083,51.03456468321383,2.799999952316284],[3.7900114618241787,51.0343883279711,2.5999999046325684],[3.7899988051503897,51.03436385281384,2.4000000953674316],[3.7899373658001423,51.03418255224824,4],[3.7898946180939674,51.034050872549415,5.599999904632568],[3.789831167086959,51.03387082926929,6.400000095367432],[3.7898210249841213,51.033846270293,6.599999904632568],[3.7897876650094986,51.03366714902222,6.800000190734863],[3.7897721584886312,51.03356212377548,6.400000095367432],[3.789756316691637,51.033372608944774,6],[3.7897568196058273,51.03334570303559,5.800000190734863],[3.789730416610837,51.033162558451295,5.599999904632568],[3.7897273153066635,51.03314118459821,5.599999904632568],[3.789704265072942,51.032957285642624,5.800000190734863],[3.7896970566362143,51.03285200893879,5.800000190734863],[3.789675347507,51.03266827762127,6.400000095367432],[3.7896690610796213,51.032618740573525,6.400000095367432],[3.78963821567595,51.03243668563664,6.599999904632568],[3.7896324321627617,51.03230659849942,6.400000095367432],[3.789621200412512,51.03210786357522,6],[3.789620865136385,51.032082717865705,6],[3.789586080238223,51.0318966396153,6],[3.7895766086876392,51.03181650862098,6],[3.789554899558425,51.03163110092282,6],[3.7895500380545855,51.03160746395588,6],[3.7895141635090113,51.031409902498126,5.199999809265137],[3.7894869223237038,51.031332621350884,4.599999904632568],[3.789438307285309,51.031153332442045,3.5999999046325684],[3.7894245609641075,51.03110019117594,3.5999999046325684],[3.789357589557767,51.03090078569949,3.200000047683716],[3.78934845328331,51.030870946124196,3],[3.789286930114031,51.030688639730215,2],[3.7892131693661213,51.03049241937697,1.2000000476837158],[3.789198249578476,51.03044648654759,1],[3.7891180347651243,51.03025286458433,1],[3.7891038693487644,51.03020114824176,1],[3.7890322040766478,51.03000534698367,1.600000023841858],[3.7890210561454296,51.02996754460037,1.600000023841858],[3.7889317888766527,51.029786160215735,2.799999952316284],[3.788838079199195,51.02965297177434,3.799999952316284],[3.7887109257280827,51.02946890518069,5.400000095367432],[3.788636662065983,51.029363460838795,6.400000095367432],[3.7885357439517975,51.0292128380388,7.400000095367432],[3.788451924920082,51.02903924882412,8],[3.788457876071334,51.028926679864526,8],[3.788695251569152,51.028880747035146,8],[3.788779992610216,51.02885887026787,8.399999618530273],[3.7887809984385967,51.028860211372375,8.399999618530273],[3.7890170328319073,51.02881637401879,8],[3.7890652287751436,51.02880614809692,8],[3.789358679205179,51.028759544715285,8],[3.7896104715764523,51.02872459217906,7.400000095367432],[3.7897132337093353,51.0287157073617,7],[3.789922446012497,51.02868117392063,6],[3.7899964582175016,51.028666254132986,5.599999904632568],[3.790034344419837,51.02865912951529,5.599999904632568],[3.790205419063568,51.028646137565374,4.599999904632568],[3.790496774017811,51.028582686558366,3.799999952316284],[3.790764743462205,51.02851211093366,3.5999999046325684],[3.790975548326969,51.028460478410125,4.599999904632568],[3.790983008220792,51.02843097411096,4.800000190734863],[3.7909009493887424,51.02828680537641,5.400000095367432],[3.790754433721304,51.028226874768734,5.199999809265137],[3.7907125242054462,51.02822092361748,5.199999809265137],[3.7904364243149757,51.028154622763395,4.199999809265137],[3.790354197844863,51.02813886478543,4],[3.790077930316329,51.02807683870196,4.599999904632568],[3.7899181712418795,51.02803526446223,4.400000095367432],[3.7896439153701067,51.027961168438196,4.199999809265137],[3.789611393585801,51.02795605547726,4.199999809265137],[3.7893105670809746,51.02789000608027,4.199999809265137],[3.789236219599843,51.02786838077009,4.400000095367432],[3.7889347225427628,51.02782588452101,4.800000190734863],[3.7888977583497763,51.02782160975039,4.800000190734863],[3.7885837722569704,51.02779906243086,5.400000095367432],[3.7884615641087294,51.02780174463987,5.800000190734863],[3.788221590220928,51.027815490961075,6.199999809265137],[3.787906179204583,51.027859915047884,7.400000095367432],[3.787827054038644,51.02786494418979,7.400000095367432],[3.7875154986977577,51.02790551260114,9],[3.7874402292072773,51.02791632525623,9.399999618530273],[3.787172930315137,51.02794281207025,10.399999618530273],[3.7868644762784243,51.02797315455973,10.199999809265137],[3.786787111312151,51.02798447012901,10],[3.786508496850729,51.028040209785104,8.800000190734863],[3.786472035571933,51.02804599329829,8.600000381469727],[3.786181015893817,51.02808563970029,7.400000095367432],[3.78614011220634,51.02809268049896,7.199999809265137],[3.7858404591679573,51.0281128808856,6.400000095367432],[3.785752197727561,51.02812218479812,6],[3.785454472526908,51.028151605278254,5.400000095367432],[3.785412311553955,51.02815671823919,5.400000095367432],[3.7851533107459545,51.02818622253835,5.199999809265137],[3.7851126585155725,51.02819041348994,5],[3.7848514784127474,51.028209272772074,5],[3.784621311351657,51.02825352922082,5.599999904632568],[3.7847161944955587,51.028302144259214,5.400000095367432],[3.7849966529756784,51.028349502012134,4.400000095367432],[3.7851341161876917,51.02837766520679,4.199999809265137],[3.785226484760642,51.02839526720345,3.799999952316284],[3.785353135317564,51.028416473418474,3.4000000953674316],[3.785631749778986,51.02847263216972,2],[3.7857211008667946,51.02849308401346,2.5999999046325684],[3.7860055826604366,51.02855008095503,4.400000095367432],[3.786044642329216,51.02855636738241,4.599999904632568],[3.7861240189522505,51.028571454808116,5.199999809265137],[3.7863614782691,51.028692154213786,6.400000095367432],[3.786551496013999,51.0288399271667,7.599999904632568],[3.7866219878196716,51.02891041897237,8.199999809265137],[3.78675676882267,51.02908316999674,9.199999809265137],[3.7867864407598972,51.02913027629256,9.399999618530273],[3.786824829876423,51.0293010994792,10.399999618530273],[3.7866864446550608,51.0293373093009,10.800000190734863],[3.7864017114043236,51.0293925460428,10],[3.7863595504313707,51.0293978266418,9.600000381469727],[3.786084456369281,51.02947317995131,7.400000095367432],[3.7859690375626087,51.02951307781041,6.199999809265137],[3.785703331232071,51.02960511110723,5],[3.78562998957932,51.02962916716933,4.800000190734863],[3.785349614918232,51.029704604297876,5.599999904632568],[3.7852295860648155,51.02973100729287,6],[3.7849536538124084,51.029816921800375,7.400000095367432],[3.7848770432174206,51.02984349243343,7.800000190734863],[3.784617455676198,51.02994122542441,8.399999618530273],[3.7844602111727,51.030066618695855,7.400000095367432],[3.784254603087902,51.03022277355194,6],[3.7842359952628613,51.030245991423726,6],[3.784103896468878,51.030413210392,6],[3.7840845342725515,51.03043525479734,6],[3.7839127890765667,51.03060205467045,6.800000190734863],[3.783884709700942,51.03064832277596,7.199999809265137],[3.783759316429496,51.0308067407459,7],[3.7836869806051254,51.03090229444206,6.599999904632568],[3.783597629517317,51.030989633873105,6],[3.7834464199841022,51.03116003796458,4.800000190734863],[3.7833623494952917,51.03125173598528,4.199999809265137],[3.7832257244735956,51.031423062086105,4.400000095367432],[3.7831656262278557,51.03149430826306,4.800000190734863],[3.783034784719348,51.03166429325938,5.199999809265137],[3.782977871596813,51.03174383752048,5.400000095367432],[3.7829356268048286,51.03179496712983,5.400000095367432],[3.782775867730379,51.03195405565202,6.199999809265137],[3.7827562540769577,51.03197794407606,6.400000095367432],[3.782609738409519,51.03213828988373,6.199999809265137],[3.7825702596455812,51.03218539617956,6.599999904632568],[3.78240505233407,51.0323490947485,8],[3.7823646515607834,51.03239502757788,8],[3.78223012201488,51.032557217404246,8],[3.7821248453110456,51.03270289488137,7],[3.7820259388536215,51.03287204168737,5.400000095367432],[3.7819846998900175,51.03294630534947,4.800000190734863],[3.7818771600723267,51.0331155359745,3.5999999046325684],[3.7818640004843473,51.033141100779176,3.5999999046325684],[3.7817603163421154,51.03331284597516,3.799999952316284],[3.7816878128796816,51.033436227589846,4],[3.7815841287374496,51.03361861780286,5.599999904632568],[3.7815521098673344,51.03366597555578,6],[3.781443480402231,51.03383503854275,7.199999809265137],[3.7813694681972265,51.03393545374274,7.599999904632568],[3.7812539655715227,51.03412538766861,8],[3.781221443787217,51.03418095968664,7.599999904632568],[3.781096553429961,51.03434482589364,6.800000190734863],[3.7810778617858887,51.03436720557511,6.599999904632568],[3.7809562403708696,51.03453207761049,5.400000095367432],[3.7809403985738754,51.034551272168756,5.400000095367432],[3.780846605077386,51.034744810312986,5.199999809265137],[3.7808308470994234,51.03476710617542,5.199999809265137],[3.780706124380231,51.03493457660079,6],[3.780613671988249,51.03510799817741,6],[3.780520800501108,51.0352673381567,6.400000095367432],[3.7804226484149694,51.03540572337806,6],[3.780353832989931,51.03556380607188,6],[3.7802520766854286,51.03573823347688,6.400000095367432],[3.780223745852709,51.035820711404085,6.400000095367432],[3.7801040522754192,51.03596613742411,6],[3.7800200656056404,51.0359978210181,6.400000095367432],[3.7799357436597347,51.03600276634097,7],[3.7796236854046583,51.035988349467516,8.600000381469727],[3.779337778687477,51.035975608974695,8.399999618530273],[3.7792192585766315,51.03597552515566,7.800000190734863],[3.7789121456444263,51.03596915490925,5.800000190734863],[3.778868308290839,51.03596789762378,5.599999904632568],[3.778582653030753,51.03597963228822,4.599999904632568],[3.7785045336931944,51.03598843328655,4.400000095367432],[3.7782244104892015,51.03602522984147,4.599999904632568],[3.7781856022775173,51.036033779382706,4.800000190734863],[3.7778986897319555,51.03607250377536,4.800000190734863],[3.7775993719697,51.03613352403045,6.400000095367432],[3.7775222584605217,51.036151461303234,6.599999904632568],[3.7772445660084486,51.03623611852527,6.800000190734863],[3.7771694641560316,51.036260928958654,6.599999904632568],[3.7769086193293333,51.036355225369334,5.199999809265137],[3.7766582518815994,51.036463687196374,3.799999952316284],[3.7764016818255186,51.036601485684514,4.199999809265137],[3.7763710040599108,51.03662294335663,4.400000095367432],[3.776145614683628,51.03677197359502,5.199999809265137],[3.776116194203496,51.036792090162635,5.199999809265137],[3.775920309126377,51.03694916702807,5],[3.7758742086589336,51.03699627332389,4.800000190734863],[3.775697434321046,51.03715041652322,3],[3.7756566144526005,51.03716567158699,3.4000000953674316],[3.7755856197327375,51.037172796204686,3.5999999046325684],[3.7755140382796526,51.03716131299734,3.4000000953674316],[3.775253864005208,51.03705511428416,2.5999999046325684],[3.7749992217868567,51.036956207826734,1.7999999523162842],[3.774812053889036,51.0368852969259,1.2000000476837158],[3.7745595909655094,51.036807764321566,1],[3.774264380335808,51.03673308156431,2.5999999046325684],[3.7742290925234556,51.036721179261804,2.799999952316284],[3.7740773800760508,51.0366833768785,3.4000000953674316],[3.7738887034356594,51.03664322756231,3.799999952316284],[3.773590475320816,51.036562509834766,4.800000190734863],[3.773550745099783,51.0365557204932,4.800000190734863],[3.773288307711482,51.03649998083711,4.800000190734863],[3.77299846149981,51.03646888397634,3.5999999046325684],[3.7729194201529026,51.03645907714963,3],[3.7726213596761227,51.03643502108753,2.4000000953674316],[3.7725745048373938,51.03643426671624,2.4000000953674316],[3.7723159231245518,51.03643795475364,2.4000000953674316],[3.772015767171979,51.036487156525254,1.399999976158142],[3.7719285115599632,51.03650542907417,1.2000000476837158],[3.771642856299877,51.036579022184014,1],[3.7714913953095675,51.03663459420204,0.6000000238418579],[3.771267347037792,51.036713887006044,0],[3.771112198010087,51.03681589476764,0],[3.7709044944494963,51.03695352561772,2],[3.770744986832142,51.037110183387995,4],[3.7706343457102776,51.03721638210118,4],[3.7705926038324833,51.037253849208355,4.199999809265137],[3.770467462018132,51.0374257620424,3.799999952316284],[3.770416835322976,51.03747119195759,3.4000000953674316],[3.7702917773276567,51.03764444589615,1.600000023841858],[3.7702748458832502,51.03766364045441,1.600000023841858],[3.770136209204793,51.03783588856459,1.7999999523162842],[3.770002769306302,51.03800411336124,3.4000000953674316],[3.7699791323393583,51.03802624158561,3.799999952316284],[3.769833454862237,51.038209637627006,6.599999904632568],[3.7696819100528955,51.03837199509144,9.600000381469727],[3.7696444429457188,51.03841767646372,10],[3.7696024496108294,51.03852261789143,11.199999809265137],[3.769786097109318,51.03858506307006,11.199999809265137],[3.7700479477643967,51.038661086931825,12],[3.770094383507967,51.03866561315954,12],[3.7702720798552036,51.038720263168216,12.600000381469727],[3.7705848924815655,51.03876988403499,11.399999618530273],[3.7708816956728697,51.03883962146938,11],[3.7711697816848755,51.03891195729375,10.600000381469727],[3.7713696900755167,51.03894825093448,11],[3.771608155220747,51.039005080237985,11.600000381469727],[3.771890541538596,51.039089653640985,12],[3.7719298526644707,51.039100382477045,12],[3.7722373846918344,51.03916919790208,11.600000381469727],[3.7725278176367283,51.039242623373866,10.800000190734863],[3.7725657876580954,51.03924865834415,10.399999618530273],[3.7727521173655987,51.039308505132794,11],[3.772930148988962,51.039365669712424,11.600000381469727],[3.7731510121375322,51.03942308574915,12.199999809265137],[3.7734265252947807,51.03947647847235,12.800000190734863],[3.773469440639019,51.039488380774856,12.800000190734863],[3.7737690936774015,51.03955049067736,11.800000190734863],[3.77381251193583,51.0395535081625,11.399999618530273],[3.7740957364439964,51.03961846791208,9],[3.774144519120455,51.039627101272345,8.600000381469727],[3.774375943467021,51.039678482338786,7],[3.7745993211865425,51.039718044921756,5.400000095367432],[3.774822698906064,51.039758613333106,4.199999809265137],[3.7750328332185745,51.03982575237751,3.5999999046325684],[3.775309771299362,51.03989758528769,5],[3.7753712944686413,51.03993019089103,5.199999809265137],[3.7754321470856667,51.0399956535548,5.800000190734863],[3.7754486594349146,51.04002021253109,5.800000190734863],[3.7754477374255657,51.04004527442157,6],[3.775430889800191,51.040085004642606,6],[3.775491574779153,51.04012004099786,6.400000095367432],[3.7755546905100346,51.04013311676681,6.599999904632568],[3.775589559227228,51.0401666443795,6.800000190734863],[3.7755903135985136,51.0401870124042,6.800000190734863],[3.775559552013874,51.040242835879326,6.800000190734863],[3.775564329698682,51.04027586057782,6.800000190734863],[3.775611938908696,51.04036814533174,7],[3.775649657472968,51.040427489206195,7],[3.7758044712245464,51.04059990495443,6.400000095367432],[3.775831460952759,51.04077550582588,5.199999809265137],[3.7756607215851545,51.04090458713472,4.199999809265137],[3.7754113599658012,51.04101556353271,3.799999952316284],[3.7753429636359215,51.041045403108,4],[3.7750679533928633,51.04115562513471,5],[3.775036269798875,51.04117104783654,5],[3.7747775204479694,51.041261572390795,7],[3.774673333391547,51.04130758903921,6.800000190734863],[3.7743766978383064,51.04136156849563,7],[3.7743373028934,51.041372967883945,7],[3.774105627089739,51.04147765785456,6.199999809265137],[3.774074697867036,51.04149534367025,6.199999809265137],[3.773869425058365,51.04162484407425,5.599999904632568],[3.7738037947565317,51.04165711440146,5.599999904632568],[3.7735856138169765,51.041793739423156,5.199999809265137],[3.7735319696366787,51.041830284520984,5],[3.773348405957222,51.04196288622916,5],[3.7732069194316864,51.042049722746015,5],[3.773148078471422,51.04208618402481,5],[3.7729167379438877,51.042228592559695,4],[3.7727159913629293,51.042361529543996,4],[3.7725102994590998,51.04249740019441,4.400000095367432],[3.7724583316594362,51.042539393529296,4.800000190734863],[3.7722382228821516,51.04268557392061,6.400000095367432],[3.7722119875252247,51.04270518757403,6.400000095367432],[3.772008391097188,51.04283141903579,6.599999904632568],[3.771794233471155,51.042957147583365,5.800000190734863],[3.771727429702878,51.04298958554864,5.800000190734863],[3.771506901830435,51.043115900829434,5],[3.7713064067065716,51.04324892163277,4.800000190734863],[3.7711671832948923,51.04333642870188,5.400000095367432],[3.771138181909919,51.043356293812394,5.599999904632568],[3.771025948226452,51.04343684390187,6],[3.77091396600008,51.043516555801034,6.199999809265137],[3.770855376496911,51.043552765622735,6],[3.7707635946571827,51.04361026547849,6],[3.7705807853490114,51.04371906258166,6.599999904632568],[3.770385654643178,51.043849401175976,7.400000095367432],[3.7703025061637163,51.04390530847013,7.400000095367432],[3.7701042741537094,51.04403983801603,7.199999809265137],[3.769992543384433,51.04411535896361,6.800000190734863],[3.7699290923774242,51.04425609111786,6.400000095367432],[3.7700509652495384,51.044388776645064,6.199999809265137],[3.7702471017837524,51.04451953433454,3.5999999046325684],[3.7703025061637163,51.044557336717844,2.799999952316284],[3.770531415939331,51.044696224853396,1.2000000476837158],[3.770591765642166,51.044732769951224,1],[3.7708255369216204,51.04485531337559,1.600000023841858],[3.770892256870866,51.04488213546574,2],[3.771185539662838,51.044972240924835,3.4000000953674316],[3.7714384216815233,51.0450585745275,4],[3.7715075723826885,51.045084642246366,4.199999809265137],[3.771736565977335,51.045204838737845,5.199999809265137],[3.77179691568017,51.04524021036923,5.400000095367432],[3.7720112409442663,51.04535948485136,5.599999904632568],[3.7720404099673033,51.04537851177156,5.599999904632568],[3.772259596735239,51.0455060005188,5.599999904632568],[3.7723165936768055,51.04554656893015,5.800000190734863],[3.7724897637963295,51.045652432367206,6],[3.7726918514817953,51.04578469879925,5.599999904632568],[3.772719679400325,51.045804815366864,5.400000095367432],[3.7728014029562473,51.045940183103085,4.400000095367432],[3.7726828828454018,51.04608887806535,3.4000000953674316],[3.772469898685813,51.04622785001993,3.200000047683716],[3.772258758544922,51.04636162519455,3],[3.7722344510257244,51.046379059553146,3],[3.7720409967005253,51.046522641554475,3],[3.771968660876155,51.046581817790866,3.4000000953674316],[3.7719119992107153,51.04664267040789,3.799999952316284],[3.771816361695528,51.04674853384495,4.400000095367432],[3.771735392510891,51.046937042847276,5.800000190734863],[3.7717116717249155,51.047113901004195,7.199999809265137],[3.7717182096093893,51.047300482168794,7.800000190734863],[3.7717187963426113,51.047377260401845,8],[3.7717078998684883,51.047578509896994,7.199999809265137],[3.771712677553296,51.047604409977794,7.199999809265137],[3.771723071113229,51.04778411798179,7],[3.771723909303546,51.04783960618079,7],[3.771713012829423,51.048026606440544,6.800000190734863],[3.771653166040778,51.04809139855206,6.800000190734863],[3.7714157067239285,51.048167338594794,6.199999809265137],[3.7711453903466463,51.04815744794905,5.400000095367432],[3.7708640098571777,51.04812844656408,4],[3.770563183352351,51.048101373016834,3.5999999046325684],[3.7705230340361595,51.048098523169756,3.5999999046325684],[3.77022304572165,51.048061810433865,5],[3.770190691575408,51.04805921204388,5.199999809265137],[3.769906209781766,51.04804546572268,5.800000190734863],[3.7698238994926214,51.04803523980081,6.400000095367432],[3.7695302814245224,51.048003137111664,6.199999809265137],[3.7694483902305365,51.04799165390432,6.199999809265137],[3.769157202914357,51.04796030558646,5.400000095367432],[3.7690769881010056,51.04795083403587,4.800000190734863],[3.7687680311501026,51.04790138080716,5],[3.7687262892723083,51.0478959325701,5],[3.768415655940771,51.04785184375942,5.800000190734863],[3.768375674262643,51.04784312658012,6],[3.768099658191204,51.04778311215341,7.199999809265137],[3.7678338680416346,51.04771521873772,8],[3.7675553373992443,51.04764824733138,9],[3.7672884576022625,51.04757549241185,9.199999809265137],[3.7670142017304897,51.04750852100551,8.600000381469727],[3.766923760995269,51.04748932644725,8.600000381469727],[3.766841785982251,51.04747323319316,8.600000381469727],[3.7665702123194933,51.047404585406184,8.800000190734863],[3.7663009017705917,51.047342056408525,8.600000381469727],[3.7662636023014784,51.0473314113915,8.399999618530273],[3.766000745818019,51.047250693663955,8.199999809265137],[3.7657349556684494,51.047166706994176,9.199999809265137],[3.765433793887496,51.04709663428366,10.800000190734863],[3.7651444505900145,51.04706780053675,11.600000381469727],[3.7649211566895247,51.04715178720653,11.399999618530273],[3.7648997828364372,51.04717408306897,11.199999809265137],[3.7648269440978765,51.047323532402515,11],[3.7648558616638184,51.04749100282788,9.399999618530273],[3.7648372538387775,51.04769233614206,7.199999809265137],[3.7647919915616512,51.04787866584957,7],[3.764787381514907,51.04790800251067,7],[3.764703394845128,51.04805912822485,8],[3.7646108586341143,51.04823472909629,6.199999809265137],[3.7645828630775213,51.048291055485606,5.400000095367432],[3.7644788436591625,51.04847386479378,3.5999999046325684],[3.7644413765519857,51.04851979762316,3.200000047683716],[3.7643227726221085,51.04868466965854,2.799999952316284],[3.7643008958548307,51.048711659386754,2.799999952316284],[3.764168294146657,51.04881148785353,4.199999809265137],[3.7641339283436537,51.048814337700605,4.199999809265137],[3.763950951397419,51.048772260546684,4.199999809265137],[3.7636965606361628,51.04868416674435,3.5999999046325684],[3.7636271584779024,51.04865860193968,3.799999952316284],[3.763364050537348,51.04857159778476,4.400000095367432],[3.7630890402942896,51.04851602576673,4.199999809265137],[3.763054171577096,51.04850764386356,4],[3.7627841904759407,51.0484086535871,2],[3.762745214626193,51.04839591309428,2],[3.7624752335250378,51.04832894168794,2],[3.7623996287584305,51.04830740019679,2.5999999046325684],[3.7623624969273806,51.04829558171332,2.5999999046325684],[3.762257555499673,51.048253420740366,3.200000047683716],[3.762144986540079,51.04821855202317,4],[3.7618757598102093,51.04813674464822,5.800000190734863],[3.7618043459951878,51.04811545461416,5.800000190734863],[3.7615352869033813,51.04803951457143,5.800000190734863],[3.7613191176205873,51.047968016937375,5.599999904632568],[3.7610581889748573,51.04786869138479,5],[3.760990798473358,51.047840444371104,5],[3.7609556782990694,51.04783080518246,4.800000190734863],[3.760698437690735,51.04777313768864,5.400000095367432],[3.7604359164834023,51.04768496006727,5.800000190734863],[3.760400712490082,51.0476731415838,6],[3.760152691975236,51.0475780069828,6.800000190734863],[3.7600822001695633,51.04756258428097,7.199999809265137],[3.7598258815705776,51.04747507721186,6.400000095367432],[3.7597548868507147,51.047453535720706,6.199999809265137],[3.759481469169259,51.04738421738148,5.199999809265137],[3.759411983191967,51.047367537394166,5.400000095367432],[3.759117443114519,51.04730425402522,6.400000095367432],[3.758838241919875,51.04723778553307,7],[3.758716117590666,51.047212053090334,7.599999904632568],[3.758459547534585,51.04713695123792,8],[3.758191578090191,51.047046929597855,8.399999618530273],[3.7581127043813467,51.04702631011605,8.600000381469727],[3.7578311562538147,51.04695145972073,9],[3.7576757557690144,51.046919859945774,8.600000381469727],[3.7574011646211147,51.046860264614224,7],[3.7572580855339766,51.04682179167867,6],[3.756978716701269,51.04675741866231,4.800000190734863],[3.756862711161375,51.04672942310572,4.400000095367432],[3.7565909698605537,51.046647699549794,4.599999904632568],[3.756550485268235,51.046637054532766,4.599999904632568],[3.7562784925103188,51.046572932973504,5.599999904632568],[3.756203642114997,51.04655449278653,5.800000190734863],[3.755900552496314,51.04649246670306,6.400000095367432],[3.7555930204689503,51.04642088524997,6.800000190734863],[3.755551865324378,51.04641233570874,6.800000190734863],[3.75521675683558,51.04636807925999,6.199999809265137],[3.754941076040268,51.04630504734814,4.199999809265137],[3.754896316677332,51.04629406705499,3.799999952316284],[3.754606554284692,51.046233382076025,2],[3.754305224865675,51.04619197547436,1.7999999523162842],[3.7541924882680178,51.046180576086044,1.600000023841858],[3.753877580165863,51.04615484364331,1.600000023841858],[3.7537623289972544,51.04614679701626,1.7999999523162842],[3.7534615863114595,51.04613782837987,3],[3.7531750928610563,51.04613036848605,5.199999809265137],[3.753045340999961,51.04613866657019,5.400000095367432],[3.752726661041379,51.04616213589907,7],[3.7526840809732676,51.04616129770875,6.800000190734863],[3.7523993477225304,51.04618518613279,6],[3.752362970262766,51.04619071818888,5.800000190734863],[3.7520726211369038,51.046225586906075,6],[3.752026353031397,51.0462293587625,6.199999809265137],[3.7517434637993574,51.04627470485866,7.800000190734863],[3.751666769385338,51.04629113338888,8],[3.7513796892017126,51.046366738155484,9],[3.751097470521927,51.046455251052976,9.399999618530273],[3.751058913767338,51.04646723717451,9.199999809265137],[3.750778790563345,51.046556420624256,8.399999618530273],[3.750706370919943,51.04658039286733,7.800000190734863],[3.750393893569708,51.046635545790195,6.400000095367432],[3.7503168638795614,51.04664945974946,6.199999809265137],[3.7499975971877575,51.04667250998318,5.199999809265137],[3.7496894784271717,51.04666815139353,5],[3.749394603073597,51.046646693721414,5.400000095367432],[3.7492283899337053,51.046620374545455,5.599999904632568],[3.7490033358335495,51.04654829017818,5],[3.748964359983802,51.046535382047296,5],[3.7486935406923294,51.046430775895715,4],[3.7485064566135406,51.046356093138456,3.4000000953674316],[3.748251060023904,51.046264143660665,3],[3.7482116650789976,51.04626506567001,3],[3.74788636341691,51.04626330547035,3.799999952316284],[3.7478096690028906,51.046249559149146,4.199999809265137],[3.747524516656995,51.04619449004531,5],[3.747458551079035,51.04616230353713,5],[3.7472957745194435,51.046014027670026,5],[3.747108606621623,51.04585527442396,4.400000095367432],[3.746861759573221,51.045735916122794,3.4000000953674316],[3.7466216180473566,51.04563650675118,3.5999999046325684],[3.7464104779064655,51.045604487881064,4.400000095367432],[3.7461948953568935,51.04555637575686,4.599999904632568],[3.7459004390984774,51.04552620090544,5],[3.7458116747438908,51.04551002383232,5],[3.74549207277596,51.04545520618558,4.599999904632568],[3.7453351635485888,51.04542821645737,4],[3.745072139427066,51.04533584788442,3.4000000953674316],[3.7450086046010256,51.04529779404402,3.200000047683716],[3.7447744142264128,51.04516192339361,3],[3.744714567437768,51.045128647238016,3.200000047683716],[3.7444743420928717,51.04499747045338,3.5999999046325684],[3.7443848233669996,51.04495044797659,3.799999952316284],[3.744174437597394,51.04484215378761,4.199999809265137],[3.743967404589057,51.04469454847276,4.599999904632568],[3.7439430970698595,51.044675102457404,4.800000190734863],[3.7437626346945763,51.04455507360399,6.199999809265137],[3.7435976788401604,51.04443060234189,8.399999618530273],[3.7434111814945936,51.04428559541702,10.199999809265137],[3.7433326430618763,51.044112257659435,11],[3.7433538492769003,51.04395610280335,11.600000381469727],[3.7433832697570324,51.043786369264126,11],[3.743313532322645,51.0435872990638,8.800000190734863],[3.743153689429164,51.04343659244478,6.800000190734863],[3.743099793791771,51.04327800683677,5.599999904632568],[3.743077414110303,51.043085139244795,5.400000095367432],[3.74310071580112,51.04302923195064,5.599999904632568],[3.7431367579847574,51.04282873682678,6],[3.7430624943226576,51.04271692223847,6],[3.742865938693285,51.04265204630792,6],[3.7426013220101595,51.042554983869195,5.199999809265137],[3.742526136338711,51.042534532025456,5.199999809265137],[3.742455644533038,51.04251072742045,5.400000095367432],[3.7423681374639273,51.04244819842279,5.800000190734863],[3.7422078754752874,51.04229816235602,6.800000190734863],[3.7421819753944874,51.04227226227522,7.199999809265137],[3.742114920169115,51.04211107827723,8.199999809265137],[3.741963291540742,51.04193958453834,8.800000190734863],[3.741793055087328,51.04184243828058,9.600000381469727],[3.7415048014372587,51.041794158518314,11.399999618530273],[3.7413932383060455,51.04176616296172,11.399999618530273],[3.7411039788275957,51.04170061647892,10.399999618530273],[3.7410168908536434,51.041676476597786,9.800000190734863],[3.7408907432109118,51.04163188487291,8.600000381469727],[3.7408629152923822,51.04162836447358,8.600000381469727],[3.7409002985805273,51.04151193983853,8],[3.7408992927521467,51.041485369205475,7.800000190734863],[3.740871548652649,51.04145594872534,7.400000095367432],[3.7407579738646746,51.04141655378044,6.599999904632568],[3.7405880726873875,51.04129023849964,5.400000095367432],[3.740435019135475,51.04113173671067,6.199999809265137],[3.740378525108099,51.04099896736443,6.800000190734863],[3.740436779335141,51.04093794710934,7.400000095367432],[3.7406097818166018,51.04087491519749,7.800000190734863],[3.740619085729122,51.04084901511669,8],[3.740653870627284,51.040722113102674,8.800000190734863],[3.740679183974862,51.04071130044758,9],[3.740806421265006,51.040550116449594,8.399999618530273],[3.7408101931214333,51.040358589962125,7.599999904632568],[3.7408016435801983,51.040328834205866,7.199999809265137],[3.740710783749819,51.040140157565475,6],[3.7405815348029137,51.039976542815566,6],[3.7405550479888916,51.03995315730572,6],[3.7403480149805546,51.03982130996883,6.199999809265137],[3.740283641964197,51.03978367522359,6.400000095367432],[3.740032520145178,51.03966356255114,6.400000095367432],[3.7399321887642145,51.039621736854315,6.400000095367432],[3.7396783847361803,51.03952140547335,6.599999904632568],[3.7395431846380234,51.039460049942136,7],[3.7394070625305176,51.03931068442762,7.599999904632568],[3.739334139972925,51.039133155718446,6.800000190734863],[3.7393119279295206,51.03904824703932,6.599999904632568],[3.7393216509371996,51.03885445743799,6.599999904632568],[3.7392946612089872,51.03879234753549,6.400000095367432],[3.739312347024679,51.03858958929777,8.399999618530273],[3.739307401701808,51.038564862683415,8.600000381469727],[3.739323327317834,51.03842102922499,9.800000190734863],[3.7393219023942947,51.03823830373585,11],[3.7393261771649122,51.0381596814841,11.600000381469727],[3.739215452224016,51.037983912974596,12.399999618530273],[3.739195754751563,51.03795181028545,12.600000381469727],[3.7391876243054867,51.0379146784544,12.600000381469727],[3.7391806673258543,51.037893472239375,12.600000381469727],[3.7389971036463976,51.037787944078445,10.800000190734863],[3.738723350688815,51.03770622052252,8.399999618530273],[3.738693930208683,51.03770655579865,8.199999809265137],[3.73867129907012,51.03771552443504,8],[3.7385951075702906,51.03775450028479,7.800000190734863],[3.738530734553933,51.03781409561634,7.400000095367432],[3.7384893279522657,51.03782691992819,7],[3.7381954584270716,51.03783982805908,5.800000190734863],[3.737938553094864,51.037874864414334,6],[3.7376233097165823,51.03790001012385,7],[3.737593637779355,51.03790503926575,7],[3.737323824316263,51.03800495155156,6.199999809265137],[3.7372683361172676,51.0380267444998,5.800000190734863],[3.7372627202421427,51.03807988576591,5.199999809265137],[3.7371820863336325,51.038165129721165,4.199999809265137],[3.7371814157813787,51.038121124729514,4.599999904632568],[3.7369067408144474,51.03811835870147,4],[3.736899448558688,51.03811852633953,4],[3.736832980066538,51.03810561820865,4],[3.7365968618541956,51.03801014833152,3.5999999046325684],[3.736310452222824,51.03793680667877,3],[3.736041560769081,51.037865141406655,3],[3.735897811129689,51.03782490827143,3],[3.735597236081958,51.03777629323304,3.5999999046325684],[3.735552057623863,51.03776514530182,3.5999999046325684],[3.735265312716365,51.0377265047282,4.199999809265137],[3.735152827575803,51.03771342895925,4.599999904632568],[3.7348743807524443,51.037652073428035,5],[3.73480380512774,51.03763564489782,5],[3.7345997896045446,51.037514358758926,6.800000190734863],[3.7344526033848524,51.037434143945575,7.599999904632568],[3.7344018928706646,51.037395000457764,7.599999904632568],[3.7343074288219213,51.0373446252197,7.400000095367432],[3.734205923974514,51.037300787866116,7.400000095367432],[3.7339988071471453,51.03716969490051,7.800000190734863],[3.733976176008582,51.03715351782739,8],[3.733821613714099,51.036998284980655,8.800000190734863],[3.733809208497405,51.03697766549885,9],[3.733766544610262,51.03686953894794,9.399999618530273],[3.7337626051157713,51.03680013678968,9.600000381469727],[3.7337442487478256,51.036625457927585,7.599999904632568],[3.733766879886389,51.03644331917167,6],[3.733751457184553,51.03642529807985,6],[3.7337163370102644,51.036238968372345,5.199999809265137],[3.7337239645421505,51.0362190194428,5.199999809265137],[3.7337813805788755,51.03603654541075,5.400000095367432],[3.7338343542069197,51.035859771072865,6],[3.733804849907756,51.03570839390159,5.599999904632568],[3.7337754294276237,51.035657515749335,5.199999809265137],[3.733640480786562,51.035463474690914,3.5999999046325684],[3.7336181849241257,51.03537932038307,3],[3.733606031164527,51.035352665930986,3],[3.7336016725748777,51.03527555242181,2.200000047683716],[3.733534784987569,51.035184022039175,2],[3.7335507944226265,51.03501043282449,2.4000000953674316],[3.7337051890790462,51.03484229184687,2],[3.733723545446992,51.03481915779412,2.200000047683716],[3.733862517401576,51.0346386115998,4.199999809265137],[3.733919011428952,51.03457633405924,5.199999809265137],[3.7340570613741875,51.03439578786492,7.199999809265137],[3.7340729869902134,51.0343711450696,7.400000095367432],[3.734177006408572,51.03422982618213,8.600000381469727],[3.734276918694377,51.03405296802521,9.800000190734863],[3.734293431043625,51.03402975015342,9.800000190734863],[3.734354116022587,51.033889101818204,9.600000381469727],[3.7343668565154076,51.03382338769734,9.600000381469727],[3.7344081792980433,51.033659940585494,9],[3.734460398554802,51.033503198996186,8.199999809265137],[3.7344720494002104,51.03345651179552,8],[3.7345252744853497,51.03326926007867,8],[3.7345377635210752,51.03322081267834,8],[3.7345594726502895,51.03303389623761,8],[3.734576404094696,51.03292970918119,8.199999809265137],[3.7346200738102198,51.032748157158494,7.800000190734863],[3.734633317217231,51.032699793577194,7.599999904632568],[3.7346472311764956,51.032651513814926,7.599999904632568],[3.7346530985087156,51.032626535743475,7.599999904632568],[3.734690146520734,51.032535424456,8],[3.7347122747451067,51.03249670006335,7.800000190734863],[3.7347135320305824,51.03246451355517,7.599999904632568],[3.734715962782502,51.032339287921786,7.800000190734863],[3.735052580013871,51.03217349387705,6.800000190734863],[3.735087448731065,51.03210995905101,6.199999809265137],[3.735196916386485,51.031983559951186,5.199999809265137],[3.735346281901002,51.03180427104235,2],[3.7353855930268764,51.031766971573234,2.4000000953674316],[3.7355779577046633,51.031627245247364,3.799999952316284],[3.735789181664586,51.031495397910476,6.400000095367432],[3.7358207814395428,51.031478717923164,7],[3.736063688993454,51.0313596110791,10.199999809265137],[3.736103503033519,51.03135055862367,10.399999618530273],[3.736376166343689,51.03126824833453,10.199999809265137],[3.736606165766716,51.031237822026014,10.199999809265137],[3.736913027241826,51.03122533299029,9.399999618530273],[3.736949572339654,51.03122600354254,9.199999809265137],[3.737239418551326,51.03123120032251,8.199999809265137],[3.737305635586381,51.03124192915857,8.199999809265137],[3.737538317218423,51.031289622187614,8.600000381469727],[3.7378394789993763,51.03133253753185,9.800000190734863],[3.7381371203809977,51.03136749006808,10.399999618530273],[3.738326719030738,51.03145223110914,10],[3.738520173355937,51.03150981478393,10],[3.738806415349245,51.0315908677876,9.600000381469727],[3.738839356228709,51.031604865565896,9.399999618530273],[3.739089472219348,51.03165976703167,10],[3.7393579445779324,51.03168432600796,10.600000381469727],[3.7397608626633883,51.03168332017958,10],[3.7400128226727247,51.031728917732835,8],[3.740221196785569,51.03164903819561,7],[3.740356145426631,51.031587682664394,6.599999904632568],[3.7406224384903908,51.03149715811014,6.199999809265137],[3.7408218439668417,51.03139456361532,7.199999809265137],[3.7410731334239244,51.03129029273987,7.199999809265137],[3.741117976605892,51.03127805516124,7],[3.7413748819381,51.03119373321533,8.199999809265137],[3.7414527498185635,51.031174873933196,8.399999618530273],[3.741704626008868,51.03108451701701,8.199999809265137],[3.741727927699685,51.031066831201315,8.199999809265137],[3.741906462237239,51.03096934966743,8],[3.742105783894658,51.030875304713845,8.399999618530273],[3.7423183489590883,51.03075041435659,8.800000190734863],[3.7423326820135117,51.030741948634386,8.800000190734863],[3.742355229333043,51.03073859587312,8.800000190734863],[3.7424355279654264,51.030701799318194,9],[3.7424526270478964,51.03067715652287,9.199999809265137],[3.7425353564321995,51.03061445988715,9.600000381469727],[3.742562849074602,51.03059618733823,9.399999618530273],[3.7427394557744265,51.030482947826385,9.399999618530273],[3.7428236100822687,51.03041614405811,9.199999809265137],[3.742940118536353,51.03035017848015,8.600000381469727],[3.7431175634264946,51.03020743466914,8],[3.743243543431163,51.03009310550988,8.199999809265137],[3.743404895067215,51.0299279820174,8.800000190734863],[3.7435192242264748,51.02983376942575,9.600000381469727],[3.743665823712945,51.029669819399714,10],[3.743799263611436,51.02950000204146,10],[3.7438287679105997,51.02948047220707,10],[3.744018115103245,51.02931794710457,10.199999809265137],[3.7441330309957266,51.029218370094895,11.399999618530273],[3.7442082166671753,51.02923572063446,11.399999618530273],[3.744235960766673,51.02922834455967,11.600000381469727],[3.744215341284871,51.02912424132228,12.199999809265137],[3.744201846420765,51.02908233180642,12.600000381469727],[3.7442732602357864,51.02896657772362,13.399999618530273],[3.7443011719733477,51.02897512726486,13.399999618530273],[3.744311984628439,51.02898518554866,13.399999618530273],[3.7443476915359497,51.02893263101578,13.800000190734863],[3.7443626951426268,51.028895834460855,14],[3.744449196383357,51.028805393725634,14.600000381469727],[3.744607027620077,51.02862342260778,14.600000381469727],[3.7447456642985344,51.02846693247557,13],[3.744799140840769,51.02839476428926,11.800000190734863],[3.7449326645582914,51.02823399938643,9.399999618530273],[3.7450231052935123,51.028166776522994,8.800000190734863],[3.745206668972969,51.02801498025656,8.199999809265137],[3.74525117687881,51.02793996222317,7.800000190734863],[3.7453287933021784,51.02774717845023,7.800000190734863],[3.745341617614031,51.02772035636008,8],[3.745432561263442,51.027536960318685,8.199999809265137],[3.745488803833723,51.027365466579795,8],[3.7455826811492443,51.02717913687229,8.600000381469727],[3.745601875707507,51.02713219821453,8.800000190734863],[3.7456628121435642,51.02693513967097,9.399999618530273],[3.745688796043396,51.026884596794844,9.800000190734863],[3.745748894289136,51.0266934055835,10],[3.7457640655338764,51.02664202451706,9.600000381469727],[3.745816284790635,51.0265105124563,8.600000381469727],[3.745903791859746,51.026322087273,9],[3.745939750224352,51.026255367323756,9],[3.74597093090415,51.02610591799021,10.600000381469727],[3.746030442416668,51.0259285569191,12.800000190734863],[3.74603983014822,51.02587214671075,13.199999809265137],[3.7460750341415405,51.02570006623864,14.600000381469727],[3.7461341265589,51.025540893897414,13.600000381469727],[3.746147872880101,51.0253775306046,12.399999618530273],[3.7461653910577297,51.02518164552748,9.600000381469727],[3.746140329167247,51.024998081848025,7.400000095367432],[3.7461418379098177,51.02495323866606,7],[3.7461580149829388,51.024781577289104,6.800000190734863],[3.7462060432881117,51.024606646969914,9],[3.7461996730417013,51.02457705885172,9.199999809265137],[3.746149130165577,51.02445007301867,10.600000381469727],[3.7461834121495485,51.024256283417344,13],[3.746196823194623,51.02420138195157,13],[3.7461727671325207,51.024034917354584,13],[3.746140832081437,51.02384707890451,11.600000381469727],[3.74611459672451,51.023654881864786,9.199999809265137],[3.7460691668093204,51.02346360683441,5.800000190734863],[3.746058102697134,51.02342337369919,5.599999904632568],[3.7459932267665863,51.023261435329914,4.599999904632568],[3.74588786624372,51.02308910340071,4.800000190734863],[3.7458614632487297,51.02303923107684,4.800000190734863],[3.7458383291959763,51.022844184190035,7],[3.7457651551812887,51.022647209465504,9.399999618530273],[3.745734142139554,51.02259926497936,10],[3.745700530707836,51.022485019639134,11.600000381469727],[3.745644288137555,51.02238896302879,12.800000190734863],[3.745548063889146,51.02224186062813,13.199999809265137],[3.7454587128013372,51.022069277241826,13.399999618530273],[3.7454401049762964,51.02202166803181,13.600000381469727],[3.7453464791178703,51.02183676324785,14],[3.7453334033489227,51.02181262336671,14],[3.7452262826263905,51.02164205163717,14],[3.7452116142958403,51.02162000723183,14],[3.745128968730569,51.021427726373076,13.199999809265137],[3.74509384855628,51.02136301808059,12.800000190734863],[3.7450471613556147,51.02121231146157,11.399999618530273],[3.7449652701616287,51.02102438919246,8.800000190734863],[3.744944566860795,51.02097091265023,8],[3.7448799423873425,51.02078483439982,7],[3.7448542937636375,51.02070948109031,6.199999809265137],[3.7448321655392647,51.02050404064357,6.199999809265137],[3.7447950337082148,51.02041284553707,6],[3.744736695662141,51.020221654325724,5.199999809265137],[3.7447346840053797,51.02020011283457,5.199999809265137],[3.7446658685803413,51.02001152001321,5.400000095367432],[3.7446390464901924,51.01996458135545,5.599999904632568],[3.7445937003940344,51.019796105101705,6.800000190734863],[3.7445636931806803,51.0195944365114,8.600000381469727],[3.7445149943232536,51.019489243626595,9.600000381469727],[3.7444793712347746,51.0194165725261,10.199999809265137],[3.7443648744374514,51.01923602633178,10.399999618530273],[3.7443618569523096,51.019210796803236,10.399999618530273],[3.7442753557115793,51.01903896778822,10.199999809265137],[3.7441642116755247,51.018847273662686,8.800000190734863],[3.7440431769937277,51.01866329088807,7.199999809265137],[3.744003279134631,51.018605288118124,6.800000190734863],[3.7438800651580095,51.01842666976154,5.800000190734863],[3.743854248896241,51.01841485127807,5.800000190734863],[3.743760036304593,51.01823380216956,5.199999809265137],[3.7437181267887354,51.01817135699093,5.400000095367432],[3.7435991037636995,51.01800564676523,5.800000190734863],[3.7435004487633705,51.01783247664571,7],[3.7434909772127867,51.01780992932618,7.199999809265137],[3.7433763965964317,51.01763281971216,9],[3.7433637399226427,51.01760842837393,9],[3.7433204893022776,51.01741421967745,9],[3.7432976067066193,51.0173855535686,9],[3.743133908137679,51.01721204817295,8.399999618530273],[3.743077162653208,51.01712261326611,8],[3.742854204028845,51.01706729270518,7.199999809265137],[3.7428339198231697,51.017011469230056,7.599999904632568],[3.742803493514657,51.01695640012622,7.800000190734863],[3.742775581777096,51.01684751920402,8.399999618530273],[3.7427539564669132,51.016771495342255,8.800000190734863],[3.742732582613826,51.01670075207949,9],[3.7427049223333597,51.01657133549452,9.399999618530273],[3.7426905054599047,51.016423059627414,9],[3.7427187524735928,51.01626170799136,8.600000381469727],[3.7427677866071463,51.01613053120673,8.800000190734863],[3.7428277172148228,51.015979405492544,8],[3.742891503497958,51.01581838913262,8.600000381469727],[3.7429768312722445,51.015623258426785,8.800000190734863],[3.7429857160896063,51.015594843775034,8.800000190734863],[3.743005245923996,51.015417566522956,10.600000381469727],[3.743004994466901,51.01539225317538,10.600000381469727],[3.7429323233664036,51.01520768366754,11.199999809265137],[3.742843894287944,51.015037866309285,10.600000381469727],[3.7427715584635735,51.014877101406455,9.600000381469727],[3.7426691316068172,51.0147125646472,8.199999809265137],[3.7425386253744364,51.01453981362283,7],[3.742464780807495,51.014350801706314,7.400000095367432],[3.7424528785049915,51.01433739066124,7.400000095367432],[3.7423401419073343,51.01415768265724,6.599999904632568],[3.7423256412148476,51.014132369309664,6.400000095367432],[3.7422575801610947,51.0140579380095,5.800000190734863],[3.742228914052248,51.01399775594473,5.400000095367432],[3.7421274930238724,51.0138507373631,4],[3.7420493736863136,51.01377018727362,3.200000047683716],[3.7419937178492546,51.01370992138982,3.4000000953674316],[3.7418338749557734,51.013590563088655,5.400000095367432],[3.741684341803193,51.01341789588332,7.199999809265137],[3.741663722321391,51.013397108763456,7.199999809265137],[3.7415544223040342,51.01330356672406,7.599999904632568],[3.741462305188179,51.013229973614216,8],[3.7413591239601374,51.01316467858851,8.199999809265137],[3.7412001192569733,51.01304850541055,7.800000190734863],[3.7410978600382805,51.01298002526164,6.800000190734863],[3.7409386038780212,51.012905510142446,5.400000095367432],[3.740720758214593,51.01282211020589,5],[3.7406668625772,51.01279185153544,5],[3.7406377773731947,51.01277726702392,5],[3.740538787096739,51.0127143189311,4.800000190734863],[3.7403203547000885,51.012599151581526,4],[3.7400836497545242,51.01249471306801,3],[3.739846609532833,51.01236638613045,2.200000047683716],[3.739723479375243,51.01226270198822,3],[3.7397336214780807,51.01222858764231,3.200000047683716],[3.739883154630661,51.012142254039645,4],[3.740081386640668,51.01207117550075,5],[3.740204432979226,51.01203395985067,5.400000095367432],[3.7402485217899084,51.0120218899101,5.599999904632568],[3.7403003219515085,51.01200412027538,5.800000190734863],[3.7403745856136084,51.011987859383225,6],[3.7404274754226208,51.01196891628206,6],[3.7404935248196125,51.01195324212313,6],[3.740544319152832,51.01193513721228,6.199999809265137],[3.7406376097351313,51.01189959794283,6.800000190734863],[3.740753112360835,51.011862717568874,7],[3.740800553932786,51.011847043409944,7],[3.740849085152149,51.011834386736155,7],[3.7409794237464666,51.01178392767906,7.199999809265137],[3.741009933874011,51.011770851910114,7.199999809265137],[3.7412598822265863,51.0116592887789,8.199999809265137],[3.7413697689771652,51.011625342071056,8.600000381469727],[3.741573365405202,51.011557867750525,9],[3.741641342639923,51.011535320430994,9],[3.741676965728402,51.01152534596622,9],[3.741748044267297,51.0115038882941,8.800000190734863],[3.7419133353978395,51.011446472257376,8.399999618530273],[3.7420927081257105,51.011386876925826,8.399999618530273],[3.7422295846045017,51.01134194992483,8.399999618530273],[3.742291023954749,51.011312529444695,8.199999809265137],[3.7423011660575867,51.01128780283034,8],[3.74224953353405,51.01117950864136,7],[3.7421858310699463,51.011123517528176,6.199999809265137],[3.742129672318697,51.01111832074821,6],[3.741878215223551,51.011171797290444,6.400000095367432],[3.7418417539447546,51.01118034683168,6.400000095367432],[3.7415461242198944,51.01124446839094,5.599999904632568],[3.7414566054940224,51.01127556525171,5.400000095367432],[3.7412359938025475,51.01133960299194,5.400000095367432],[3.741173129528761,51.01135586388409,5.400000095367432],[3.740928964689374,51.01140959188342,4.800000190734863],[3.740862077102065,51.01142920553684,4.800000190734863],[3.740829387679696,51.01143918000162,4.800000190734863],[3.7406060937792063,51.01149491965771,4.599999904632568],[3.740340219810605,51.01157085970044,4.199999809265137],[3.7400797940790653,51.011654259637,4.400000095367432],[3.7399792950600386,51.011678064242005,4.800000190734863],[3.73979514464736,51.011733552441,5.800000190734863],[3.7397237308323383,51.01175660267472,6],[3.7394571024924517,51.01183380000293,6.800000190734863],[3.7394329626113176,51.01184050552547,6.800000190734863],[3.7391762249171734,51.0119304433465,6.800000190734863],[3.7391148693859577,51.01195575669408,6.800000190734863],[3.738832985982299,51.012047957628965,7.599999904632568],[3.738774061203003,51.01206715218723,7.800000190734863],[3.7385102827101946,51.01213965564966,7],[3.7384788505733013,51.012148121371865,6.800000190734863],[3.738226303830743,51.012222887948155,7.400000095367432],[3.737919693812728,51.01229530759156,7],[3.7376243993639946,51.01236144080758,6.199999809265137],[3.737342432141304,51.012436458840966,6.199999809265137],[3.7372774723917246,51.01245473138988,6.199999809265137],[3.736999612301588,51.01252547465265,7.800000190734863],[3.7369326408952475,51.012537041679025,8.399999618530273],[3.7368486542254686,51.012550788000226,8.800000190734863],[3.736582612618804,51.01259781047702,9.399999618530273],[3.736326964572072,51.012665117159486,9.199999809265137],[3.7362473364919424,51.012681210413575,9.399999618530273],[3.73596235178411,51.01275413297117,8.800000190734863],[3.7358912732452154,51.01277047768235,8.600000381469727],[3.735616682097316,51.01282722316682,8.399999618530273],[3.7355092260986567,51.01284415461123,8],[3.7352627981454134,51.01290995255113,7.800000190734863],[3.735227594152093,51.012917244806886,7.599999904632568],[3.7349382508546114,51.01299025118351,6.599999904632568],[3.734644800424576,51.013049595057964,5.400000095367432],[3.7345459777861834,51.01307080127299,5.199999809265137],[3.7342815287411213,51.01313961669803,5],[3.7342522758990526,51.01315252482891,5],[3.7340388726443052,51.013279259204865,5.599999904632568],[3.7340111285448074,51.013297364115715,6],[3.73390669003129,51.01338763721287,7.400000095367432],[3.7338992301374674,51.01340423338115,7.400000095367432],[3.733875760808587,51.01347547955811,9.199999809265137],[3.7339101266115904,51.01358427666128,9],[3.734002159908414,51.01371327415109,8.600000381469727],[3.7340556364506483,51.01377597078681,8.199999809265137],[3.734164098277688,51.013953583315015,7.400000095367432],[3.734162924811244,51.01399733684957,7.400000095367432],[3.7341388687491417,51.01405994966626,7.199999809265137],[3.7340764235705137,51.01423295214772,7.199999809265137],[3.734064605087042,51.01425499655306,7.199999809265137],[3.7341065146028996,51.01444995962083,7.400000095367432],[3.7342293094843626,51.014577616006136,7],[3.734373562037945,51.01462581194937,6.199999809265137],[3.7345909886062145,51.01467669010162,5.400000095367432],[3.7346097640693188,51.01468817330897,5.400000095367432],[3.73460054397583,51.01472044363618,5.599999904632568],[3.7345880549401045,51.01473955437541,5.800000190734863],[3.7344106938689947,51.01489529013634,7.800000190734863],[3.734384039416909,51.01490325294435,8],[3.7343621626496315,51.01495840586722,8.399999618530273],[3.734366102144122,51.01511053740978,8.600000381469727],[3.734380016103387,51.0151356831193,8.399999618530273],[3.734387308359146,51.01514264009893,8.399999618530273],[3.7344560399651527,51.015131743624806,8.199999809265137],[3.7348280288279057,51.01531078107655,10.199999809265137],[3.7345759849995375,51.015526447445154,11.800000190734863],[3.7344033177942038,51.01583423092961,12.199999809265137],[3.7343324068933725,51.01590044796467,12.399999618530273],[3.734278092160821,51.015918301418424,12.600000381469727],[3.7341478373855352,51.015927102416754,12.199999809265137],[3.733958825469017,51.01599005050957,12],[3.7338087055832148,51.0159420222044,11.199999809265137],[3.733777357265353,51.01592509075999,10.800000190734863],[3.733718264847994,51.01594881154597,10.800000190734863],[3.733632769435644,51.015985859557986,10.800000190734863],[3.7334582582116127,51.01607445627451,10.199999809265137],[3.7334002554416656,51.01610714569688,10.399999618530273],[3.733346527442336,51.016164142638445,10.800000190734863],[3.7333340384066105,51.01619951426983,11.199999809265137],[3.7332751136273146,51.01628207601607,11.199999809265137],[3.7331535760313272,51.01647075265646,10.199999809265137],[3.732326617464423,51.01623421534896,8.199999809265137],[3.7322435528039932,51.01613212376833,7.800000190734863],[3.7322242744266987,51.0160646494478,7.800000190734863],[3.732231818139553,51.0160509031266,7.800000190734863],[3.732345812022686,51.01593221537769,8],[3.732475060969591,51.01582006551325,8.199999809265137],[3.7325090914964676,51.01573205552995,8],[3.7324758153408766,51.01570607163012,7.800000190734863],[3.7322965264320374,51.01553893648088,7.599999904632568],[3.7321743182837963,51.015438018366694,7.599999904632568],[3.732177587226033,51.01540013216436,7.599999904632568],[3.732285127043724,51.015274319797754,8.600000381469727],[3.732520490884781,51.01514892652631,9.800000190734863],[3.7325762305408716,51.01512311026454,10],[3.732706317678094,51.01501506753266,9.600000381469727],[3.7328286934643984,51.01494298316538,10.600000381469727],[3.732896586880088,51.014890260994434,11],[3.732985518872738,51.014840472489595,10.600000381469727],[3.7330015283077955,51.014829659834504,10.399999618530273],[3.733043186366558,51.01479571312666,10],[3.7331394106149673,51.01475162431598,10.199999809265137],[3.7332264985889196,51.01468574255705,9.800000190734863],[3.733334122225642,51.01460192352533,9.800000190734863],[3.7334994971752167,51.014543417841196,9.600000381469727],[3.7335711624473333,51.014519445598125,9.600000381469727],[3.7336523830890656,51.01450108923018,9.399999618530273],[3.733779201284051,51.014453480020165,8.600000381469727],[3.7338347733020782,51.01442196406424,8.399999618530273],[3.733876431360841,51.01437829434872,8.199999809265137],[3.7338768504559994,51.014325907453895,8],[3.733836617320776,51.01428349502385,8],[3.733811052516103,51.01426555775106,8.199999809265137],[3.7336238007992506,51.01411795243621,8.600000381469727],[3.7335333600640297,51.01405391469598,9],[3.733421880751848,51.01395986974239,10],[3.7332174461334944,51.01382391527295,11.399999618530273],[3.7331547494977713,51.013794243335724,11.600000381469727],[3.7328774761408567,51.01370137184858,10],[3.7326122727245092,51.01370757445693,7.599999904632568],[3.7324463948607445,51.01374705322087,7],[3.7323842011392117,51.01376708596945,7],[3.732112627476454,51.013825088739395,7.599999904632568],[3.7320775911211967,51.0138333030045,7.800000190734863],[3.7317941151559353,51.01389826275408,8.800000190734863],[3.73151533305645,51.013969676569104,9.800000190734863],[3.731477865949273,51.01397730410099,10],[3.731197575107217,51.0140217281878,10.800000190734863],[3.7310948129743338,51.014039581641555,11.199999809265137],[3.730792310088873,51.0140975844115,11.399999618530273],[3.730720980092883,51.01410713978112,11],[3.7304386775940657,51.01413253694773,10.800000190734863],[3.7304042279720306,51.014137314632535,10.800000190734863],[3.730225609615445,51.01414871402085,10],[3.730106921866536,51.01416061632335,9.199999809265137],[3.7299625016748905,51.01416849531233,8.600000381469727],[3.7298986315727234,51.01417092606425,8.399999618530273],[3.7298497650772333,51.014169584959745,8.199999809265137],[3.729730322957039,51.01414150558412,7.599999904632568],[3.7296579871326685,51.01410965435207,7.199999809265137],[3.7294909358024597,51.014079228043556,6.400000095367432],[3.729357495903969,51.014078725129366,7.400000095367432],[3.7292721681296825,51.01408417336643,8],[3.7291938811540604,51.014083586633205,8.600000381469727],[3.7291805539280176,51.01407503709197,8.600000381469727],[3.7291755247861147,51.01407201960683,8.600000381469727],[3.729150043800473,51.01406179368496,8.800000190734863],[3.7290990818291903,51.01405550725758,9.199999809265137],[3.7290550768375397,51.01406229659915,9.399999618530273],[3.7290057074278593,51.014053244143724,9.800000190734863],[3.728967485949397,51.01405802182853,10.199999809265137],[3.7288866844028234,51.0140785574913,11],[3.7287476286292076,51.01405827328563,11.199999809265137],[3.728700941428542,51.014060620218515,11.399999618530273],[3.728648219257593,51.01405601017177,11.199999809265137],[3.7285710219293833,51.01403094828129,10.199999809265137],[3.7285425234586,51.01403312757611,10],[3.7285075709223747,51.01403337903321,9.800000190734863],[3.728490723297,51.01402818225324,9.600000381469727],[3.7284405156970024,51.01403011009097,9.199999809265137],[3.7283786572515965,51.01405307650566,9.399999618530273],[3.728284863755107,51.01405341178179,9.399999618530273],[3.7282065767794847,51.01403832435608,9.199999809265137],[3.7281403597444296,51.01401728577912,8.800000190734863],[3.7280208338052034,51.01404092274606,9],[3.7279127910733223,51.01404855027795,9.199999809265137],[3.7278662715107203,51.014058105647564,9.199999809265137],[3.727658148854971,51.01415617391467,9.399999618530273],[3.727544993162155,51.014223815873265,9.600000381469727],[3.727517332881689,51.014251224696636,9.800000190734863],[3.7274162471294403,51.014380138367414,11],[3.7274175882339478,51.01447812281549,11.600000381469727],[3.7274088710546494,51.014569737017155,12],[3.7274003215134144,51.014612736180425,12],[3.7273875810205936,51.01463109254837,12.199999809265137],[3.727363273501396,51.014696806669235,12.199999809265137],[3.7273355294018984,51.01474936120212,12.199999809265137],[3.7273443304002285,51.0147693939507,12.199999809265137],[3.7273744214326143,51.01480945944786,12.399999618530273],[3.7274133134633303,51.014856565743685,12.399999618530273],[3.7274668738245964,51.0148936137557,12.600000381469727],[3.7275021616369486,51.01493728347123,12.600000381469727],[3.7275387067347765,51.01498447358608,12.399999618530273],[3.727559158578515,51.01502537727356,12.399999618530273],[3.7276071030646563,51.01508069783449,12.600000381469727],[3.727641887962818,51.01511623710394,12.600000381469727],[3.727743476629257,51.01522042416036,13.600000381469727],[3.7278343364596367,51.015324695035815,14.600000381469727],[3.7280673533678055,51.015465259552,17.200000762939453],[3.7281027249991894,51.01549945771694,18],[3.7281919084489346,51.01557028479874,19.399999618530273],[3.7283347360789776,51.015670699998736,21.399999618530273],[3.728530704975128,51.01582434028387,19.799999237060547],[3.728679735213518,51.01598812267184,16.799999237060547],[3.7286984268575907,51.016005808487535,16.399999618530273],[3.7288542464375496,51.01615416817367,13.199999809265137],[3.7288823258131742,51.01619238965213,12.399999618530273],[3.7288922164589167,51.01634502410889,9.800000190734863],[3.7289164401590824,51.01650067605078,8.199999809265137],[3.7289272528141737,51.01652272045612,8],[3.729011993855238,51.01670519448817,6.199999809265137],[3.729028757661581,51.01672338321805,6],[3.7292005866765976,51.016894709318876,5.400000095367432],[3.7292200326919556,51.01691541261971,5.400000095367432],[3.729273173958063,51.01697500795126,5.400000095367432],[3.729369482025504,51.01709327660501,5.599999904632568],[3.729476435109973,51.01722537539899,5.599999904632568],[3.7294916063547134,51.01724213920534,5.599999904632568],[3.7296288181096315,51.01740583777428,6.199999809265137],[3.7296986393630505,51.01750114001334,6.199999809265137],[3.7298408802598715,51.01766844280064,6.199999809265137],[3.7298842146992683,51.01772426627576,6.199999809265137],[3.7299315724521875,51.01777992211282,6],[3.7300370167940855,51.01791579276323,6],[3.730162577703595,51.01809315383434,6.400000095367432],[3.730184957385063,51.01812802255154,6.400000095367432],[3.730320492759347,51.01830613799393,7],[3.730452675372362,51.01845902390778,7.800000190734863],[3.73058401979506,51.01863621734083,10.399999618530273],[3.730623247101903,51.01869706995785,11.399999618530273],[3.730634478852153,51.018715258687735,11.600000381469727],[3.730767499655485,51.01889546960592,13],[3.7307965010404587,51.018938552588224,13.199999809265137],[3.7308916356414557,51.01911138743162,13.600000381469727],[3.731010155752301,51.01929109543562,13.399999618530273],[3.731027590110898,51.01931062527001,13.399999618530273],[3.7311440985649824,51.01944297552109,13.800000190734863],[3.7311839126050472,51.019520089030266,14],[3.731284663081169,51.01965503767133,14.800000190734863],[3.7313944660127163,51.01981580257416,15.600000381469727],[3.7314977310597897,51.019998863339424,14],[3.7315168417990208,51.02003742009401,13.399999618530273],[3.7315925303846598,51.020159209147096,11.399999618530273],[3.7316773552447557,51.020306311547756,9.399999618530273],[3.731728568673134,51.02038962766528,8.399999618530273],[3.731780620291829,51.020484594628215,8.399999618530273],[3.7318216916173697,51.020550560206175,8.800000190734863],[3.731855805963278,51.02059624157846,9],[3.7319006491452456,51.02065047249198,9.399999618530273],[3.7319309916347265,51.02068089880049,9.600000381469727],[3.7319524493068457,51.02070068009198,9.800000190734863],[3.7319940235465765,51.020756755024195,10.600000381469727],[3.7320252042263746,51.02082154713571,11.399999618530273],[3.732069628313184,51.02088608779013,12.199999809265137],[3.7321456521749496,51.02099706418812,13.600000381469727],[3.732189740985632,51.021070992574096,14.399999618530273],[3.7322578858584166,51.021141316741705,15],[3.7323277071118355,51.021254137158394,15.800000190734863],[3.732395013794303,51.021363101899624,14.800000190734863],[3.7324658408761024,51.0214732401073,13.800000190734863],[3.7325302977114916,51.021577594801784,12.600000381469727],[3.732601208612323,51.02167138829827,11.600000381469727],[3.7326328083872795,51.02170994505286,11.399999618530273],[3.732635658234358,51.021725200116634,11.199999809265137],[3.7326461356133223,51.02176249958575,10.800000190734863],[3.7327032163739204,51.021868865936995,10.800000190734863],[3.7327473051846027,51.02194581180811,11.199999809265137],[3.7327231653034687,51.02205888368189,11.399999618530273],[3.7325888872146606,51.0221447981894,11.600000381469727],[3.732456201687455,51.022260216996074,12],[3.7323235161602497,51.02236884646118,12.199999809265137],[3.7322441395372152,51.02246180176735,12],[3.732193848118186,51.022572526708245,12],[3.7320434767752886,51.02266380563378,11.199999809265137],[3.731986815109849,51.02268216200173,11],[3.7319170776754618,51.02270714007318,10.800000190734863],[3.7318791076540947,51.02272868156433,10.800000190734863],[3.7317661195993423,51.022810991853476,11.600000381469727],[3.7316959630697966,51.02287226356566,12.399999618530273],[3.7316209450364113,51.02293026633561,13],[3.7314892653375864,51.02301827631891,12.800000190734863],[3.7313373014330864,51.02312799543142,11.600000381469727],[3.731263792142272,51.02317225188017,11.399999618530273],[3.7312140874564648,51.02321525104344,11],[3.7311187852174044,51.02329823188484,10.399999618530273],[3.7309985887259245,51.02341474033892,10.399999618530273],[3.730948632583022,51.02346972562373,10.800000190734863],[3.7309278454631567,51.023517083376646,10.800000190734863],[3.730918625369668,51.023536110296845,10.800000190734863],[3.730909153819084,51.0235558077693,10.800000190734863],[3.7308875285089016,51.023593693971634,10.600000381469727],[3.7308714352548122,51.023614816367626,10.600000381469727],[3.7308560963720083,51.023633843287826,10.399999618530273],[3.73079851269722,51.023714980110526,10.399999618530273],[3.730788789689541,51.023735012859106,10.399999618530273],[3.7307914718985558,51.0237733181566,10.399999618530273],[3.73086447827518,51.02381975390017,10.199999809265137],[3.7309737782925367,51.02386208251119,10.199999809265137],[3.7311249040067196,51.023896699771285,10.600000381469727],[3.7311560846865177,51.0239096917212,10.600000381469727],[3.731383066624403,51.02398621849716,10],[3.7314283289015293,51.02402284741402,10],[3.731584567576647,51.02413784712553,9.399999618530273],[3.7317672092467546,51.02427606470883,9],[3.7319539580494165,51.024377569556236,9.800000190734863],[3.732048673555255,51.024426436051726,10],[3.7322973646223545,51.024525510147214,10.199999809265137],[3.7323936726897955,51.02455887012184,10.199999809265137],[3.7326599657535553,51.02463916875422,10],[3.732949560508132,51.02470664307475,9.600000381469727],[3.7329826690256596,51.024715192615986,9.600000381469727],[3.733277879655361,51.024777218699455,9.399999618530273],[3.7333128321915865,51.02478333748877,9.399999618530273],[3.7336046062409878,51.024851901456714,9],[3.7336966395378113,51.02487361058593,9],[3.733730921521783,51.02488450706005,9],[3.73395849019289,51.02499154396355,8.600000381469727],[3.73397802002728,51.025006799027324,8.600000381469727],[3.734038285911083,51.02509221062064,8.199999809265137],[3.734049266204238,51.025156918913126,8],[3.7339786905795336,51.02533495053649,8.600000381469727],[3.7339530419558287,51.025389013811946,8.800000190734863],[3.7339433189481497,51.0253981500864,9],[3.7338870763778687,51.025483310222626,8.800000190734863],[3.733847178518772,51.02553955279291,8.600000381469727],[3.7338284868746996,51.02556268684566,8.600000381469727],[3.7337900139391422,51.025597555562854,8.600000381469727],[3.7337372079491615,51.02565698325634,8.800000190734863],[3.733687838539481,51.02572739124298,9],[3.7336638662964106,51.0257678758353,9],[3.7336497008800507,51.025811126455665,9],[3.733621956780553,51.02588580921292,9],[3.733584238216281,51.02596677839756,9.199999809265137],[3.733580969274044,51.02599058300257,9.199999809265137],[3.733555907383561,51.02602352388203,9.199999809265137],[3.7335372157394886,51.02606409229338,8.800000190734863],[3.7334812246263027,51.02614799514413,8.800000190734863],[3.733459347859025,51.02621060796082,8.800000190734863],[3.7334118224680424,51.02632585912943,8.800000190734863],[3.7334076315164566,51.02634681388736,8.600000381469727],[3.733378127217293,51.02643725462258,8.399999618530273],[3.733312413096428,51.02655845694244,8.399999618530273],[3.733300846070051,51.02658083662391,8.399999618530273],[3.733290284872055,51.02660330012441,8.399999618530273],[3.7332725152373314,51.026646634563804,8.399999618530273],[3.7332654744386673,51.02669055573642,8.399999618530273],[3.7332385685294867,51.02673296816647,8.600000381469727],[3.733225492760539,51.02675484493375,8.600000381469727],[3.733174027875066,51.02689063176513,9],[3.733113342896104,51.027049301192164,9.800000190734863],[3.733028434216976,51.027226243168116,10.399999618530273],[3.7329643964767456,51.02735289372504,11],[3.732847385108471,51.02751315571368,10.399999618530273],[3.732832381501794,51.027536038309336,10.199999809265137],[3.732682429254055,51.027691857889295,9.600000381469727],[3.7326655816286802,51.02771163918078,9.600000381469727],[3.732538092881441,51.027882881462574,9.199999809265137],[3.732387386262417,51.02804976515472,10],[3.732235338538885,51.028216229751706,11.199999809265137],[3.7322163954377174,51.02823215536773,11.199999809265137],[3.7321053352206945,51.0284012183547,11.199999809265137],[3.731974996626377,51.02857229299843,11.199999809265137],[3.7319107074290514,51.02865368127823,11.399999618530273],[3.7318653613328934,51.028717551380396,11.199999809265137],[3.731832839548588,51.02887655608356,11],[3.731863936409354,51.02891955524683,11],[3.732010954990983,51.02902851998806,11],[3.7323023937642574,51.02911242283881,11],[3.7325862050056458,51.02916933596134,11],[3.7326209899038076,51.02917470037937,11],[3.732905723154545,51.02922784164548,11.199999809265137],[3.732978980988264,51.029241252690554,11.399999618530273],[3.733280561864376,51.02927561849356,11.199999809265137],[3.7333458568900824,51.02928911335766,11],[3.733561607077718,51.029324904084206,11],[3.733810717239976,51.02936723269522,10.399999618530273],[3.7340879905968904,51.02938072755933,9.800000190734863],[3.7342508509755135,51.02938952855766,9.600000381469727],[3.734430307522416,51.029382068663836,9],[3.7344652600586414,51.029381062835455,9],[3.7346799205988646,51.029376620426774,8],[3.7347164656966925,51.029378129169345,7.800000190734863],[3.7349512428045273,51.02943051606417,6.800000190734863],[3.735014693811536,51.029451387003064,6.599999904632568],[3.7352987565100193,51.02950184606016,6.599999904632568],[3.7355672288686037,51.02957527153194,7],[3.735598409548402,51.02958424016833,7],[3.7358465138822794,51.02965406142175,6.400000095367432],[3.735998896881938,51.0297274030745,6.400000095367432],[3.736049272119999,51.02975791320205,6.599999904632568],[3.736311625689268,51.02983368560672,6.199999809265137],[3.736341968178749,51.029841313138604,6.199999809265137],[3.736601136624813,51.029921025037766,6],[3.7367518432438374,51.02998732589185,5.800000190734863],[3.736910345032811,51.030045663937926,5.800000190734863],[3.7370400968939066,51.03011766448617,5.199999809265137],[3.7371405120939016,51.03019586764276,4.199999809265137],[3.7372341379523277,51.03037289343774,2.5999999046325684],[3.7372177932411432,51.030523432418704,3],[3.7370318826287985,51.03065385483205,4.400000095367432],[3.7368078343570232,51.030714958906174,4.400000095367432],[3.736631730571389,51.03073633275926,5],[3.736396785825491,51.03076131083071,7.400000095367432],[3.736132336780429,51.03079550899565,10.399999618530273],[3.735836036503315,51.03086097165942,13.199999809265137],[3.7356747686862946,51.03089810349047,13.600000381469727],[3.7355900276452303,51.03092257864773,13.600000381469727],[3.7353210523724556,51.03101142682135,11.600000381469727],[3.735110415145755,51.031131874769926,9.399999618530273],[3.735095662996173,51.031141597777605,9],[3.7349294498562813,51.03123706765473,6],[3.7347889691591263,51.03139942511916,4.400000095367432],[3.7347702775150537,51.031420547515154,4.400000095367432],[3.734627114608884,51.031592041254044,5.199999809265137],[3.7345729675143957,51.03165381588042,6.199999809265137],[3.734524017199874,51.03171491995454,7.400000095367432],[3.7344302237033844,51.031827656552196,10],[3.734323773533106,51.03199856355786,12.399999618530273],[3.734279852360487,51.03204080834985,12.600000381469727],[3.7342650163918734,51.03205354884267,12.800000190734863],[3.734178766608238,51.03215287439525,12.199999809265137],[3.7341427244246006,51.032176008448005,11.800000190734863],[3.734099892899394,51.03223342448473,11],[3.734097294509411,51.03225010447204,10.800000190734863],[3.7340732384473085,51.03230081498623,10],[3.733976846560836,51.03249535895884,8],[3.73395211994648,51.032546907663345,7.800000190734863],[3.733888501301408,51.0327339079231,7.400000095367432],[3.7338703125715256,51.03277028538287,7.400000095367432],[3.733847262337804,51.03285460732877,7.800000190734863],[3.7338159140199423,51.03295074775815,8],[3.733785655349493,51.03313883766532,8.399999618530273],[3.7337764352560043,51.03316264227033,8.399999618530273],[3.7337401416152716,51.033348720520735,8.800000190734863],[3.7337207794189453,51.03341066278517,9.399999618530273],[3.733701081946492,51.03360403329134,10],[3.73369756154716,51.0336544085294,10],[3.733656657859683,51.033848617225885,10],[3.7335374671965837,51.03401164524257,10],[3.7335192784667015,51.034034779295325,10],[3.733374858275056,51.03418925777078,9.399999618530273],[3.7332450225949287,51.034350357949734,8.800000190734863],[3.733219625428319,51.03438824415207,8.399999618530273],[3.7330889515578747,51.034537106752396,8.399999618530273],[3.7329558469355106,51.03469770401716,8.199999809265137],[3.732887450605631,51.034766184166074,8.199999809265137],[3.7327918130904436,51.03489249944687,8.199999809265137],[3.732658540830016,51.03501923382282,8.199999809265137],[3.732623253017664,51.03505619801581,8.199999809265137],[3.7324661761522293,51.03521277196705,8.199999809265137],[3.7324408628046513,51.03523699566722,8.199999809265137],[3.7323176488280296,51.035355096682906,7.599999904632568],[3.7322793435305357,51.03539574891329,7.199999809265137],[3.7321428023278713,51.03555374778807,8],[3.7321049999445677,51.03558576665819,8],[3.7319207657128572,51.03574049659073,8.800000190734863],[3.7317118886858225,51.0358802229166,10.800000190734863],[3.7315859086811543,51.03599430061877,12],[3.7314380519092083,51.036173002794385,11.800000190734863],[3.73142346739769,51.036193035542965,11.800000190734863],[3.7312798853963614,51.03635455481708,13.600000381469727],[3.7312368862330914,51.0363984759897,13.800000190734863],[3.731196401640773,51.036438290029764,14],[3.7311325315386057,51.03650274686515,14.199999809265137],[3.7310173641890287,51.036613807082176,13.800000190734863],[3.730880320072174,51.0367438942194,13.600000381469727],[3.730712179094553,51.03689577430487,12.199999809265137],[3.7306358199566603,51.0369925852865,10.800000190734863],[3.730554599314928,51.037062238901854,9.600000381469727],[3.730502799153328,51.03708545677364,9.199999809265137],[3.7303598038852215,51.03719090111554,8.399999618530273],[3.73030548915267,51.03728285059333,7.800000190734863],[3.730253605172038,51.03737806901336,7.400000095367432],[3.7301594763994217,51.03746213950217,7.599999904632568],[3.73004456050694,51.03759323246777,8],[3.7299179937690496,51.037721978500485,8.600000381469727],[3.7297639343887568,51.03787268511951,8.199999809265137],[3.7297552172094584,51.0378922149539,8.199999809265137],[3.729752115905285,51.03802163153887,8.199999809265137],[3.7297342624515295,51.03806974366307,8.199999809265137],[3.7296910118311644,51.03816278278828,8.600000381469727],[3.729656897485256,51.03822011500597,9],[3.7295905966311693,51.0383584164083,10],[3.72956276871264,51.03838180191815,10.199999809265137],[3.7295101303607225,51.038422705605626,10.800000190734863],[3.7294821348041296,51.038436368107796,11],[3.729448691010475,51.03850434534252,12.199999809265137],[3.7293867487460375,51.03863024152815,15.399999618530273],[3.7293049413710833,51.038762675598264,18.200000762939453],[3.7292177695780993,51.03893140330911,19],[3.7290889397263527,51.03904648683965,19.399999618530273],[3.7289730180054903,51.03913106024265,19.200000762939453],[3.72894125059247,51.03920616209507,18.799999237060547],[3.72894954867661,51.0392289608717,18.600000381469727],[3.728943346068263,51.03925343602896,18.399999618530273],[3.728923397138715,51.03933800943196,17.600000381469727],[3.728908058255911,51.039402885362506,16.399999618530273],[3.7289152666926384,51.03943817317486,15.800000190734863],[3.7289294321089983,51.039555771276355,13.600000381469727],[3.7289505545049906,51.03973573073745,11],[3.7289649713784456,51.039758529514074,10.600000381469727],[3.7290016002953053,51.03991669602692,8.600000381469727],[3.7289394065737724,51.04005893692374,8.399999618530273],[3.7289608642458916,51.04024652391672,8],[3.728951308876276,51.04029002599418,8],[3.7288829125463963,51.04043905623257,8.199999809265137],[3.728991961106658,51.04056847281754,8.199999809265137],[3.728983663022518,51.04075723327696,8.199999809265137],[3.728974862024188,51.04077818803489,8.199999809265137],[3.7289238162338734,51.04093551635742,9],[3.728879392147064,51.04112167842686,8.199999809265137],[3.728865897282958,51.041205329820514,7.800000190734863],[3.728856761008501,51.04137288406491,7.800000190734863],[3.7288943957537413,51.04138931259513,7.599999904632568],[3.7291129119694233,51.041444465518,8.199999809265137],[3.7294020876288414,51.04144454933703,8.600000381469727],[3.7294398061931133,51.041453685611486,8.800000190734863],[3.7296692188829184,51.04150582104921,9.600000381469727],[3.7297122180461884,51.041512694209814,9.800000190734863],[3.729952359572053,51.04160481132567,10.199999809265137],[3.730201805010438,51.04165845550597,10.600000381469727],[3.7303779926151037,51.041685277596116,10.600000381469727],[3.7304443772882223,51.04170983657241,10.800000190734863],[3.7304867897182703,51.0417222417891,10.800000190734863],[3.7305061519145966,51.0417275223881,11],[3.73053808696568,51.04172810912132,11],[3.730573458597064,51.04172945022583,11.199999809265137],[3.7306742928922176,51.041747806593776,11.199999809265137],[3.7307249195873737,51.041756104677916,11.199999809265137],[3.7307615485042334,51.04175970889628,11.199999809265137],[3.730794321745634,51.04177043773234,11.199999809265137],[3.7308795657008886,51.041768761351705,11],[3.7309347186237574,51.04178334586322,10.800000190734863],[3.7311181146651506,51.04178770445287,10.199999809265137],[3.731131860986352,51.041804971173406,10.199999809265137],[3.731186343356967,51.04181008413434,10],[3.7312954757362604,51.04183070361614,9.199999809265137],[3.731376528739929,51.041874792426825,8.600000381469727],[3.7314839009195566,51.0418882034719,8],[3.7315048556774855,51.041906559839845,8],[3.731536790728569,51.0419209767133,8],[3.731633685529232,51.04194209910929,8],[3.7317045964300632,51.04197956621647,8],[3.7318276427686214,51.042041005566716,8],[3.7319179996848106,51.04208316653967,8],[3.732027802616358,51.042137648910284,8.600000381469727],[3.7320195883512497,51.04215784929693,8.800000190734863],[3.7319982144981623,51.04220277629793,9.199999809265137],[3.731942055746913,51.04228952899575,10],[3.7318102084100246,51.04247183538973,11.199999809265137],[3.7317955400794744,51.04249186813831,11.399999618530273],[3.731751786544919,51.04253847151995,11.399999618530273],[3.7317230366170406,51.042578872293234,11.399999618530273],[3.7316956277936697,51.0425996594131,11.600000381469727],[3.7316049356013536,51.042740726843476,11.800000190734863],[3.731510303914547,51.04289788752794,10.800000190734863],[3.7314043566584587,51.04307667352259,9.199999809265137],[3.731331266462803,51.04318404570222,8.600000381469727],[3.731259098276496,51.04320022277534,8.399999618530273],[3.731064386665821,51.04316107928753,8],[3.7308536656200886,51.04310634545982,8.199999809265137],[3.73062651604414,51.04306980036199,8.399999618530273],[3.7304295413196087,51.043041218072176,9.800000190734863],[3.7301515974104404,51.04299939237535,11.800000190734863],[3.7301194947212934,51.042998721823096,12],[3.729907600209117,51.04296661913395,13.199999809265137],[3.7296641059219837,51.042903838679194,14],[3.7294754292815924,51.04289470240474,13.800000190734863],[3.729440476745367,51.04288179427385,13.600000381469727],[3.7291958928108215,51.042876932770014,12.600000381469727],[3.729155156761408,51.04289025999606,12.600000381469727],[3.729064045473933,51.042958069592714,12.199999809265137],[3.729005204513669,51.04313283227384,11.800000190734863],[3.7289588525891304,51.043272810056806,12.399999618530273],[3.728878805413842,51.04341438040137,14.399999618530273],[3.7287970818579197,51.04354723356664,16],[3.728714184835553,51.043690899387,17.200000762939453],[3.7286593671888113,51.04386574588716,17.600000381469727],[3.7286048009991646,51.04399180971086,17.600000381469727],[3.7285279389470816,51.04413413442671,16.200000762939453],[3.728472199290991,51.04426531121135,13.800000190734863],[3.7284084130078554,51.0444507189095,12],[3.728394163772464,51.044600838795304,11],[3.7284124363213778,51.04476772248745,12.199999809265137],[3.7284196447581053,51.04493041522801,13.199999809265137],[3.728514611721039,51.045119846239686,13.800000190734863],[3.7284832634031773,51.04529268108308,13.800000190734863],[3.7284687627106905,51.04543601162732,13.199999809265137],[3.728465409949422,51.04548202827573,13.199999809265137],[3.728485945612192,51.04563374072313,13.399999618530273],[3.728490136563778,51.0456561204046,13.399999618530273],[3.7284546811133623,51.04585695080459,12.600000381469727],[3.728468595072627,51.04588243179023,12.600000381469727],[3.728521317243576,51.04607622139156,11.399999618530273],[3.728521903976798,51.04610069654882,11.199999809265137],[3.728535231202841,51.04629389941692,10.399999618530273],[3.7285280227661133,51.04644753970206,9.600000381469727],[3.7284984346479177,51.046540243551135,9],[3.7285540904849768,51.04670025408268,8.399999618530273],[3.72856792062521,51.04688482359052,8],[3.728599017485976,51.04705899953842,8.199999809265137],[3.7285759672522545,51.04724792763591,9.399999618530273],[3.7285759672522545,51.04726569727063,9.600000381469727],[3.72857085429132,51.0474350117147,10.199999809265137],[3.7285918090492487,51.04755721986294,10.600000381469727],[3.728693649172783,51.047740867361426,12.399999618530273],[3.728715106844902,51.04775905609131,12.600000381469727],[3.7288047932088375,51.047876151278615,14],[3.7287976685911417,51.04790272191167,14.600000381469727],[3.7287508975714445,51.04792443104088,15.399999618530273],[3.728609662503004,51.04796667583287,17.399999618530273],[3.728374633938074,51.04799861088395,20.399999618530273],[3.7280835304409266,51.04799073189497,23],[3.727961238473654,51.047990983352065,23.799999237060547],[3.727931147441268,51.04799869470298,24],[3.7277130503207445,51.0480254329741,23.799999237060547],[3.7275271397083998,51.04800590313971,22.799999237060547],[3.727378696203232,51.04791252873838,23.200000762939453],[3.7273066956549883,51.04780255816877,24],[3.7272654566913843,51.04773608967662,24.399999618530273],[3.7272439152002335,51.04770490899682,24.799999237060547],[3.7271921150386333,51.0476163122803,25.600000381469727],[3.7271888460963964,51.04760516434908,25.600000381469727],[3.7271973118185997,51.047491086646914,26],[3.7271823920309544,51.04739938862622,26.200000762939453],[3.727185996249318,51.04738430120051,26],[3.727173674851656,51.047286400571465,26.200000762939453],[3.727167472243309,51.04728237725794,26.200000762939453],[3.7271558213979006,51.04728564620018,26.399999618530273],[3.7271520495414734,51.04722345247865,26.399999618530273],[3.727147188037634,51.04711742140353,26],[3.7271449249237776,51.047096801921725,26],[3.7271113134920597,51.0470169223845,26.200000762939453],[3.7271284125745296,51.046992279589176,25.799999237060547],[3.7271208688616753,51.046919943764806,25.799999237060547],[3.727105865254998,51.046876441687346,25.799999237060547],[3.7270755227655172,51.04674777947366,25.600000381469727],[3.727069990709424,51.04669447056949,25.200000762939453],[3.7270905263721943,51.0466265771538,24.399999618530273],[3.7270659673959017,51.04651149362326,24.600000381469727],[3.7270310148596764,51.04635466821492,24.799999237060547],[3.7270454317331314,51.046170350164175,24.399999618530273],[3.7270250637084246,51.04611871764064,24.399999618530273],[3.7269803043454885,51.046115197241306,24.600000381469727],[3.726834040135145,51.046134643256664,25.200000762939453],[3.7265783082693815,51.046154759824276,26.600000381469727],[3.726308159530163,51.04616523720324,28.200000762939453],[3.726229453459382,51.04618032462895,28.399999618530273],[3.7261158786714077,51.046197675168514,29],[3.725895266979933,51.046217791736126,30.399999618530273],[3.72574414126575,51.04623715393245,31],[3.725632829591632,51.04625090025365,31.200000762939453],[3.7253307458013296,51.046269005164504,30.799999237060547],[3.725264696404338,51.046268586069345,30.600000381469727],[3.725016675889492,51.046250062063336,30.200000762939453],[3.7247412465512753,51.046262718737125,29.799999237060547],[3.724487107247114,51.04625215753913,29],[3.7242223229259253,51.046237824484706,28.200000762939453],[3.7239251006394625,51.046206979081035,26.399999618530273],[3.7238914892077446,51.04621393606067,26.200000762939453],[3.723586807027459,51.04622533544898,24.600000381469727],[3.7233610823750496,51.04622483253479,23],[3.723073834553361,51.0462243296206,22],[3.7228089664131403,51.04622039012611,21.799999237060547],[3.7225389014929533,51.046196669340134,20.600000381469727],[3.7222757935523987,51.046242602169514,19.799999237060547],[3.7220991030335426,51.04637344367802,17.799999237060547],[3.7218888849020004,51.046476457268,15.600000381469727],[3.7218069937080145,51.04649791494012,14.800000190734863],[3.721621250733733,51.046544685959816,13.199999809265137],[3.721489068120718,51.04656748473644,12.199999809265137],[3.7213720567524433,51.04658290743828,11.199999809265137],[3.7212638463824987,51.04658642783761,10.399999618530273],[3.7210439052432775,51.046578381210566,9.399999618530273],[3.720800243318081,51.04662540368736,7.800000190734863],[3.720553480088711,51.04656555689871,7],[3.7205252330750227,51.04647511616349,8],[3.7205904442816973,51.046276800334454,10],[3.7205989100039005,51.04625400155783,10],[3.720664121210575,51.046067671850324,10],[3.720702677965164,51.04588511399925,9.600000381469727],[3.7207099702209234,51.045863488689065,9.600000381469727],[3.7207735888659954,51.04567623697221,9.600000381469727],[3.720771325752139,51.045652851462364,9.800000190734863],[3.7207792047411203,51.045477921143174,10.399999618530273],[3.7207706551998854,51.04540986008942,10.600000381469727],[3.7207733374089003,51.04527574963868,11.399999618530273],[3.7207621056586504,51.04512110352516,11.199999809265137],[3.720763949677348,51.045093359425664,10.800000190734863],[3.720776941627264,51.04489873163402,9.600000381469727],[3.7207745108753443,51.044812984764576,8.399999618530273],[3.7207176815718412,51.04466512799263,5.800000190734863],[3.7206534761935472,51.04456739500165,4.400000095367432],[3.7206306774169207,51.04450587183237,4.400000095367432],[3.7206352036446333,51.04449028149247,4.599999904632568],[3.7205221317708492,51.04436673223972,4.800000190734863],[3.7204098142683506,51.0441919695586,6.800000190734863],[3.7203922122716904,51.04417227208614,7],[3.7202254123985767,51.044013099744916,9.800000190734863],[3.7202045414596796,51.04399382136762,10],[3.7199783138930798,51.043882593512535,10.800000190734863],[3.719753846526146,51.04374747723341,9.800000190734863],[3.7197113502770662,51.0437342338264,9.800000190734863],[3.719496186822653,51.04360573925078,8.800000190734863],[3.7194170616567135,51.04355704039335,8.199999809265137],[3.719188068062067,51.04346886277199,7],[3.718908866867423,51.04337699711323,7],[3.718872657045722,51.043362747877836,7],[3.7187110539525747,51.04327876120806,7],[3.71852220967412,51.04315772652626,6.800000190734863],[3.718487760052085,51.043150685727596,6.800000190734863],[3.7182130850851536,51.04307122528553,5.800000190734863],[3.7181208841502666,51.04302931576967,5.400000095367432],[3.7179404217749834,51.04291532188654,4.400000095367432],[3.717784686014056,51.04286561720073,4.199999809265137],[3.717771526426077,51.04285530745983,4.199999809265137],[3.717750320211053,51.04283829219639,4.400000095367432],[3.717700866982341,51.04280652478337,4.400000095367432],[3.7176715303212404,51.0427497792989,4.599999904632568],[3.717210190370679,51.04264936409891,5],[3.717155372723937,51.04261692613363,5.400000095367432],[3.7169090285897255,51.042525395751,6.800000190734863],[3.7166409753262997,51.042425483465195,8.399999618530273],[3.716576686128974,51.04241257533431,8.600000381469727],[3.7163854110985994,51.04232640936971,9.199999809265137],[3.716353140771389,51.04231224395335,9.199999809265137],[3.7161610275506973,51.04220696724951,9.600000381469727],[3.715900182723999,51.042091716080904,9],[3.7158518191426992,51.04205332696438,8.600000381469727],[3.715623915195465,51.041945116594434,8],[3.7155201472342014,51.04188862256706,7.199999809265137],[3.715389221906662,51.04182274080813,6.199999809265137],[3.7151360884308815,51.041722325608134,5.599999904632568],[3.71486091054976,51.04163138195872,5.400000095367432],[3.71455698274076,51.04159416630864,5.199999809265137],[3.7144543044269085,51.04157991707325,5.400000095367432],[3.7141494546085596,51.04162693955004,6.199999809265137],[3.7138743605464697,51.04170296341181,6.400000095367432],[3.7138090655207634,51.04172458872199,6.400000095367432],[3.7136102467775345,51.041838163509965,6],[3.713409835472703,51.04194989427924,6.800000190734863],[3.7132188957184553,51.042041424661875,8],[3.7130279559642076,51.042177295312285,9.600000381469727],[3.7129997927695513,51.04219087399542,9.800000190734863],[3.712789323180914,51.04229330085218,10.800000190734863],[3.7125814519822598,51.04235826060176,11],[3.7125215213745832,51.042376700788736,11],[3.712371736764908,51.042473344132304,10.600000381469727],[3.712176773697138,51.042630253359675,9.800000190734863],[3.712074179202318,51.04268222115934,9.399999618530273],[3.7119771167635918,51.04271247982979,9.399999618530273],[3.7119070440530777,51.0427410621196,9.399999618530273],[3.711891872808337,51.04275019839406,9.399999618530273],[3.7117863446474075,51.042795460671186,9.199999809265137],[3.711686432361603,51.04284826666117,9.199999809265137],[3.711663717404008,51.042852541431785,9],[3.711599512025714,51.04288020171225,8.800000190734863],[3.711456013843417,51.04292646981776,8],[3.7114415131509304,51.04292839765549,8],[3.711380911991,51.042894031852484,7.800000190734863],[3.711272533982992,51.04291339404881,8],[3.7112212367355824,51.04294566437602,8.199999809265137],[3.7111820094287395,51.04296678677201,8.600000381469727],[3.7111189775168896,51.042997715994716,9],[3.7109665106981993,51.04306971654296,10.199999809265137],[3.710832064971328,51.043116403743625,11.800000190734863],[3.710632575675845,51.04317340068519,12.600000381469727],[3.7103773467242718,51.04325143620372,13.600000381469727],[3.71034549549222,51.04326023720205,13.399999618530273],[3.7100729160010815,51.04332771152258,12.600000381469727],[3.7100051064044237,51.043342128396034,12.600000381469727],[3.7097206246107817,51.04339501820505,11.600000381469727],[3.709685169160366,51.043400382623076,11.199999809265137],[3.709406303241849,51.04345536790788,8.600000381469727],[3.709352659061551,51.0434749815613,8],[3.7091454584151506,51.0435598064214,6.400000095367432],[3.708932474255562,51.04357304982841,6.199999809265137],[3.708637347444892,51.04358218610287,4.599999904632568],[3.7086014728993177,51.04358050972223,4.400000095367432],[3.70830399915576,51.04358076117933,3.4000000953674316],[3.7082016561180353,51.043580677360296,3],[3.7078952975571156,51.04355142451823,3.5999999046325684],[3.70785447768867,51.04355159215629,3.5999999046325684],[3.7075519748032093,51.043559554964304,4.800000190734863],[3.707473436370492,51.04355745948851,5.599999904632568],[3.7071804888546467,51.04355385527015,7.400000095367432],[3.7070904672145844,51.04353885166347,7.199999809265137],[3.706912938505411,51.04355444200337,7.599999904632568],[3.7068919837474823,51.04355921968818,7.599999904632568],[3.706793747842312,51.04355880059302,8],[3.7067753076553345,51.04355502873659,8],[3.706747144460678,51.0435492452234,8],[3.7066598050296307,51.04353876784444,8.199999809265137],[3.7064578849822283,51.04359509423375,8.600000381469727],[3.706352189183235,51.04362057521939,8.800000190734863],[3.7062101159244776,51.0436219163239,9.399999618530273],[3.705954886972904,51.043626610189676,10.600000381469727],[3.705750619992614,51.04366642422974,11],[3.705579461529851,51.043724343180656,10.800000190734863],[3.705464629456401,51.043741442263126,11],[3.705260781571269,51.04379600845277,10.600000381469727],[3.7051524873822927,51.04381017386913,10.199999809265137],[3.7048862781375647,51.04387706145644,9],[3.7045853678137064,51.04394570924342,8.600000381469727],[3.7042999640107155,51.04402550496161,10.399999618530273],[3.704031491652131,51.0440918058157,14],[3.703742567449808,51.0441695060581,15.399999618530273],[3.7037170864641666,51.04418048635125,15.199999809265137],[3.703437214717269,51.044273525476456,15.199999809265137],[3.7033404875546694,51.044298419728875,15.399999618530273],[3.7030644714832306,51.04436446912587,14.600000381469727],[3.703033458441496,51.04437042027712,14.399999618530273],[3.702740930020809,51.044414257630706,14.199999809265137],[3.7024430371820927,51.04445264674723,14],[3.7023394368588924,51.044472847133875,14],[3.7020443938672543,51.04453017935157,12.600000381469727],[3.701978763565421,51.04453948326409,12.199999809265137],[3.7017386220395565,51.04458482936025,10.199999809265137],[3.701434191316366,51.04459346272051,11],[3.7013616040349007,51.04460150934756,10.800000190734863],[3.701043091714382,51.04460838250816,10.399999618530273],[3.7007861863821745,51.044615004211664,9.199999809265137],[3.7005512416362762,51.04462020099163,7.199999809265137],[3.7002375908195972,51.044620871543884,4.599999904632568],[3.6999268736690283,51.04460125789046,4.400000095367432],[3.6997486744076014,51.04458457790315,5.199999809265137],[3.6995698884129524,51.04458642192185,6.400000095367432],[3.6992651224136353,51.044555408880115,8.600000381469727],[3.699224218726158,51.04455901309848,9],[3.6989508010447025,51.04450344108045,10.199999809265137],[3.69875131174922,51.044453317299485,10.399999618530273],[3.6984757147729397,51.044420124962926,11.600000381469727],[3.698266837745905,51.04439430870116,12.399999618530273],[3.698193831369281,51.04439824819565,12.800000190734863],[3.6979742255061865,51.04448248632252,12],[3.6978687811642885,51.04459036141634,12],[3.6978070065379143,51.044619446620345,11.600000381469727],[3.6976293101906776,51.044740648940206,10],[3.6974225286394358,51.044881884008646,12.399999618530273],[3.6972069460898638,51.04499688372016,15.600000381469727],[3.6969769466668367,51.045119259506464,20.200000762939453],[3.6969222128391266,51.04514834471047,21],[3.6967013496905565,51.04524725116789,20.399999618530273],[3.696545949205756,51.045333752408624,19],[3.696349309757352,51.04542109183967,18.600000381469727],[3.6961530055850744,51.045518573373556,17],[3.696125764399767,51.04553014039993,16.399999618530273],[3.6959038954228163,51.045616222545505,13.800000190734863],[3.6956888996064663,51.04569802992046,13],[3.6954496800899506,51.045785285532475,11.199999809265137],[3.6951770167797804,51.045846389606595,10],[3.6949019227176905,51.045893244445324,9.199999809265137],[3.694681813940406,51.04600204154849,8.199999809265137],[3.6946468614041805,51.046059876680374,7.800000190734863],[3.694672342389822,51.04610027745366,7.800000190734863],[3.694823132827878,51.04626598767936,7.800000190734863],[3.6948863323777914,51.04632172733545,7.199999809265137],[3.694953303784132,51.0464592743665,6],[3.695009211078286,51.04658734984696,5],[3.695029579102993,51.04673897847533,4.400000095367432],[3.695052796974778,51.046780133619905,4.199999809265137],[3.695083223283291,51.046886667609215,3.4000000953674316],[3.695121444761753,51.04701918549836,2.4000000953674316],[3.695130245760083,51.04704215191305,2.200000047683716],[3.6952226981520653,51.04723200201988,1],[3.6952773481607437,51.047401651740074,0.4000000059604645],[3.695368207991123,51.047580018639565,2],[3.695381786674261,51.04760021902621,2.200000047683716],[3.695480190217495,51.04775176383555,2.4000000953674316],[3.6954982113093138,51.047786800190806,2.4000000953674316],[3.695458061993122,51.04783474467695,2.4000000953674316],[3.695398047566414,51.04785301722586,2.200000047683716],[3.69518531486392,51.04790071025491,2],[3.694924721494317,51.047990815714,0.4000000059604645],[3.694626409560442,51.04805393144488,-1.7999999523162842],[3.6945647187530994,51.048073126003146,-2.799999952316284],[3.694298593327403,51.04813146404922,-5.599999904632568],[3.6940489802509546,51.048166416585445,-6.800000190734863],[3.6937786638736725,51.048241602256894,-6.400000095367432],[3.693674895912409,51.04825149290264,-5.599999904632568],[3.6934058368206024,51.048316871747375,-3.799999952316284],[3.6933775898069143,51.04831762611866,-3.5999999046325684],[3.6931342631578445,51.048348136246204,-2.200000047683716],[3.6928788665682077,51.04840647429228,-2.4000000953674316],[3.6926086340099573,51.04845257475972,-3],[3.692299844697118,51.04850613512099,1],[3.6922624614089727,51.04851309210062,1.7999999523162842],[3.6919614672660828,51.04856003075838,7],[3.6919335555285215,51.0485640540719,7.400000095367432],[3.6918753013014793,51.0485746152699,7.800000190734863],[3.691608253866434,51.04856732301414,8.600000381469727],[3.6913922522217035,51.04856472462416,8],[3.691243389621377,51.048551397398114,6.800000190734863],[3.6910977121442556,51.04855366051197,5.199999809265137],[3.6909527890384197,51.04858752340078,2.5999999046325684],[3.6906930338591337,51.04866782203317,-4.400000095367432],[3.6906386353075504,51.048688273876905,-7],[3.6903437599539757,51.04875348508358,-12.399999618530273],[3.6901122517883778,51.048791874200106,-11.600000381469727],[3.6900156922638416,51.04881551116705,-11.800000190734863],[3.689753171056509,51.04886773042381,-10.399999618530273],[3.6894562002271414,51.0489303432405,-9.199999809265137],[3.6893527675420046,51.04894551448524,-8.399999618530273],[3.6891713831573725,51.04896361939609,-6],[3.6889428924769163,51.04900871403515,-4.400000095367432],[3.6887027509510517,51.049067471176386,-2.5999999046325684],[3.6884446721524,51.049128491431475,0.6000000238418579],[3.68825264275074,51.04919034987688,1.7999999523162842],[3.6879648081958294,51.04923251084983,3],[3.687875708565116,51.049229158088565,3.5999999046325684],[3.6876346450299025,51.049332758411765,3.5999999046325684],[3.6874531768262386,51.049296129494905,4.199999809265137],[3.6873978562653065,51.049190517514944,5.400000095367432],[3.6873236764222383,51.04899764992297,7.199999809265137],[3.6872511729598045,51.048806458711624,8.800000190734863],[3.687252178788185,51.04880000464618,8.800000190734863],[3.687116140499711,51.04863756336272,9.600000381469727],[3.6870865523815155,51.04862163774669,9.600000381469727],[3.6868683714419603,51.048572016879916,10],[3.686595121398568,51.048506051301956,10],[3.686431422829628,51.04848903603852,10],[3.6861188616603613,51.04851057752967,10],[3.6858531553298235,51.04855567216873,10.399999618530273],[3.6856395844370127,51.04860110208392,11],[3.6856352258473635,51.0486176982522,11],[3.6856463737785816,51.0486282594502,11]]}}
  ]
}
